Date,regime_prob_0,regime_prob_1,regime_prob_2,regime_prob_3,regime
2008-03-31,2.2143613645351658e-14,0.0,1.0,7.74698148908508e-213,2
2008-09-26,9.026225956786846e-07,2.5740817482048177e-101,0.9999990973778475,5.538795196543304e-41,2
2008-09-29,3.224254162953492e-23,3.722034398921306e-200,1.0,6.792050815956738e-76,2
2008-09-30,1.4185603247577204e-16,7.911293512493269e-168,1.0,2.0333709621901058e-83,2
2008-10-01,6.147552669789662e-11,3.357532191924271e-133,0.9999999999381544,2.282931203122348e-58,2
2008-10-02,5.2861438067829035e-17,1.7028260807122125e-167,1.0,8.942105766656298e-70,2
2008-10-03,6.232870736275041e-17,8.92001401821191e-172,1.0,1.0582782193692767e-78,2
2008-10-06,4.845928472146055e-27,2.4311023791722044e-232,1.0,2.2871910019003055e-108,2
2008-10-07,2.4550328249120163e-30,1.24039792434298e-262,1.0,1.0876047417579544e-125,2
2008-10-08,1.4891295394208237e-38,3.312738833271196e-305,1.0,1.2081526324060679e-160,2
2008-10-09,3.1266544433155726e-52,0.0,1.0,9.88649893001979e-200,2
2008-10-10,8.80408625787265e-70,0.0,1.0,5.364349829744226e-276,2
2008-10-13,6.2845523850447375e-59,0.0,1.0,7.762996282299389e-247,2
2008-10-14,4.255195528313209e-34,5.068905004175811e-300,1.0,1.8859754515630332e-172,2
2008-10-15,1.6965614485415898e-66,0.0,1.0,6.737893164309456e-234,2
2008-10-16,3.2058507905964455e-72,0.0,1.0,2.8122429953608184e-290,2
2008-10-17,1.421651030303093e-71,0.0,1.0,5.181249173379621e-285,2
2008-10-20,3.86500000661423e-37,4.98125939099673e-310,1.0,1.76516420456367e-183,2
2008-10-21,6.041863744114076e-29,1.9115200528686694e-262,1.0,1.3710134849061243e-135,2
2008-10-22,3.5762642385100713e-66,0.0,1.0,2.1836297860015199e-234,2
2008-10-23,5.3453990507734137e-67,0.0,1.0,3.2157697292311685e-273,2
2008-10-24,1.898912713414118e-96,0.0,1.0,0.0,2
2008-10-27,6.455434178961892e-100,0.0,1.0,0.0,2
2008-10-28,1.1593550746687118e-88,0.0,1.0,0.0,2
2008-10-29,6.861385870377345e-70,0.0,1.0,1.6362711025220323e-279,2
2008-10-30,6.11092038415391e-56,0.0,1.0,6.091436034141286e-241,2
2008-10-31,7.680914833605135e-47,0.0,1.0,8.366887331830513e-213,2
2008-11-03,1.6668948377170793e-31,5.800695068033682e-283,1.0,4.365962890629845e-156,2
2008-11-04,2.794957285334734e-26,4.4225852743956547e-234,1.0,3.7388735845289397e-125,2
2008-11-05,1.0418924161631698e-31,3.981842124154047e-269,1.0,4.943434340091367e-130,2
2008-11-06,7.575269939611318e-51,0.0,1.0,6.833791668368138e-194,2
2008-11-07,2.3561140460834752e-40,0.0,1.0,5.266020760004278e-189,2
2008-11-10,7.630197872280654e-44,0.0,1.0,1.1701400261232138e-186,2
2008-11-11,1.616307851073086e-46,0.0,1.0,3.399126912969588e-197,2
2008-11-12,9.972008390289425e-58,0.0,1.0,7.718528929655082e-229,2
2008-11-13,2.0489459390480605e-57,0.0,1.0,1.20470068138009e-245,2
2008-11-14,1.5179010469173211e-57,0.0,1.0,7.355227381643337e-239,2
2008-11-17,4.0954592224719107e-66,0.0,1.0,1.5748176860305677e-266,2
2008-11-18,4.2440132353972697e-66,0.0,1.0,2.4548965255548246e-270,2
2008-11-19,1.917647856890593e-79,0.0,1.0,2.080293949633013e-299,2
2008-11-20,1.2191870278619636e-100,0.0,1.0,0.0,2
2008-11-21,3.865405411980471e-93,0.0,1.0,0.0,2
2008-11-24,3.2620077492012247e-69,0.0,1.0,1.7253627703135454e-281,2
2008-11-25,4.9381516100652633e-48,0.0,1.0,5.548195307851773e-216,2
2008-11-26,6.416963500047536e-39,3.83094e-319,1.0,7.987864291058248e-182,2
2008-11-28,6.279183012337064e-36,2.8398617292571033e-297,1.0,1.1125986307857638e-162,2
2008-12-01,1.7435317265559585e-64,0.0,1.0,4.097306041800702e-230,2
2008-12-02,7.792923712129955e-59,0.0,1.0,4.0711169469093226e-250,2
2008-12-03,1.7750708442713575e-50,0.0,1.0,2.0159085927459027e-224,2
2008-12-04,2.3392763574464587e-51,0.0,1.0,2.0081489303658666e-217,2
2008-12-05,1.825644771349026e-50,0.0,1.0,1.0898848361671683e-220,2
2008-12-08,2.147227916269957e-47,0.0,1.0,1.921868641988406e-210,2
2008-12-09,9.778203062131942e-41,0.0,1.0,4.128432463706973e-183,2
2008-12-10,3.9176861716199125e-37,3.411826271101609e-305,1.0,2.4165053022624504e-168,2
2008-12-11,5.139603016752097e-34,6.14121163440362e-290,1.0,1.3029165789235394e-151,2
2008-12-12,1.2936456281433348e-33,2.3398642958656716e-280,1.0,1.910512955826539e-150,2
2008-12-15,7.83075275601309e-37,1.5357084419296175e-299,1.0,1.6366157761437623e-158,2
2008-12-16,1.2002327989431604e-36,2.8902720003428433e-294,1.0,2.55549050154187e-163,2
2008-12-17,3.785667309596787e-24,5.6587409774799575e-233,1.0,3.8757772060257387e-122,2
2008-12-18,8.786094111098422e-20,1.9529193371444446e-196,1.0,1.620493880960172e-94,2
2008-12-19,1.5354525249647795e-17,9.7360152528198e-177,1.0,1.5673078647781226e-84,2
2008-12-22,4.9805325749953485e-16,3.499559029931494e-167,1.0,8.28169962059939e-76,2
2008-12-23,6.382921481756238e-17,1.927322136090705e-170,1.0,5.485265610504171e-78,2
2008-12-24,8.966848298229136e-17,4.953844107566229e-169,1.0,3.202299393063662e-79,2
2008-12-26,1.1929624243610478e-15,3.637636777139006e-162,1.0,2.825412554337124e-75,2
2008-12-29,9.904264731513846e-16,2.1770413154271627e-162,1.0,5.2703323730968066e-74,2
2008-12-30,3.414659548911725e-15,3.2315675650837635e-156,1.0,7.778276840036502e-73,2
2008-12-31,2.6837050344393647e-12,7.19287048583133e-139,0.999999999998181,2.6750752735315183e-62,2
2009-01-02,3.6849510868126234e-13,3.433026348771004e-139,1.0,4.564326753367715e-62,2
2009-01-05,3.4029116456534755e-10,7.293622243087753e-125,0.999999999659849,2.720903646510275e-52,2
2009-01-06,2.548723394692432e-10,1.0898249539447347e-121,0.9999999997453415,3.4037050420845814e-50,2
2009-01-07,1.6490950175623305e-14,4.53178974525302e-151,1.0,3.374334819417104e-62,2
2009-01-08,1.768127050688008e-14,6.062057028383558e-153,1.0,5.786545848578229e-69,2
2009-01-09,7.737965160581745e-14,1.0899346269989731e-150,1.0,4.696724275559954e-65,2
2009-01-12,1.2116697170526753e-17,1.6041825890188793e-173,1.0,4.796359838786251e-77,2
2009-01-13,2.932765551897858e-15,5.214925958600896e-161,1.0,1.097015060609008e-74,2
2009-01-14,2.504198616911919e-22,2.582782221243966e-203,1.0,2.032552074997908e-92,2
2009-01-15,6.322194858334809e-27,5.549045273542553e-233,1.0,2.052960000374971e-117,2
2009-01-16,1.3732114910851807e-19,2.0011534092921814e-195,1.0,1.2415157160815152e-98,2
2009-01-20,1.2296923295338836e-35,4.388708939252351e-284,1.0,2.0500810071915018e-135,2
2009-01-21,1.4081484684760534e-24,2.1121147654850082e-228,1.0,1.2157943155681253e-123,2
2009-01-22,6.76211236131211e-20,4.804221829402334e-197,1.0,6.892783452188604e-96,2
2009-01-23,3.8490042207886515e-21,1.3879581275263818e-197,1.0,1.3316374021383902e-96,2
2009-01-26,8.234608077484896e-19,2.5761086960953243e-185,1.0,3.291978655212576e-90,2
2009-01-27,1.1670140853886802e-14,1.3517698971011964e-157,1.0,4.379477286746175e-74,2
2009-01-28,6.373545584550439e-14,4.558780864310115e-146,1.0,4.916098363818481e-67,2
2009-01-29,1.1126559671754851e-13,1.969169840665596e-149,1.0,1.4287590683802108e-62,2
2009-01-30,2.589168122169705e-16,2.5178048231932754e-165,1.0,1.8840772134217877e-72,2
2009-02-02,4.046893181589997e-18,4.954713437283275e-177,1.0,8.081190590181599e-83,2
2009-02-03,4.0043607368123916e-16,2.9188681000035255e-165,1.0,1.917673468392133e-78,2
2009-02-04,1.741983617864057e-15,1.132636644962336e-161,1.0,1.9759338216033954e-73,2
2009-02-05,4.624276263216944e-17,3.533971614962513e-168,1.0,5.568008262887938e-79,2
2009-02-06,9.889869011831145e-18,1.7294326424798068e-172,1.0,8.950881648244944e-83,2
2009-02-09,1.024884332872965e-15,6.760027524018236e-164,1.0,2.6335367805368413e-76,2
2009-02-10,3.5245237671532204e-19,8.750109486015827e-186,1.0,2.5770177875369907e-80,2
2009-02-11,2.212696283070038e-17,1.0998104201668626e-174,1.0,1.392021360899576e-83,2
2009-02-12,8.087036010499041e-13,1.2814242921818341e-145,1.0,4.643044846175247e-66,2
2009-02-13,3.1042860742568e-14,7.374555181643026e-151,1.0,1.0181232643529747e-65,2
2009-02-17,8.231881053642938e-22,5.420555949801499e-200,1.0,5.687326041653964e-88,2
2009-02-18,1.714654109470385e-22,7.116228864997638e-208,1.0,1.4045709288009985e-102,2
2009-02-19,1.019210795083729e-19,1.1997237038294574e-193,1.0,1.7367028749316182e-93,2
2009-02-20,3.63562882183684e-23,1.1485109870580238e-210,1.0,6.4611020405934395e-102,2
2009-02-23,4.984276166025825e-28,9.20339879442305e-244,1.0,3.1026369739165945e-118,2
2009-02-24,1.364031652590923e-22,5.4488323159129266e-210,1.0,1.2782291959056617e-109,2
2009-02-25,2.0503073053117652e-16,4.985954058199455e-174,1.0,8.616912748546743e-83,2
2009-02-26,3.1849182469828633e-16,4.518328468633142e-167,1.0,1.4668915216594175e-75,2
2009-02-27,2.5049754527024063e-18,4.521161119890867e-180,1.0,1.400650967398556e-81,2
2009-03-02,3.5638208839641146e-28,7.762865437793844e-241,1.0,4.340985867973381e-112,2
2009-03-03,3.403094839318721e-26,1.2626711760995e-235,1.0,1.995593686932498e-120,2
2009-03-04,1.5259635771995794e-23,1.7674112866847854e-215,1.0,3.764939858739149e-111,2
2009-03-05,5.095949394039118e-24,5.010433734431563e-222,1.0,7.991970470785756e-105,2
2009-03-06,4.51600297133451e-24,8.785980646099145e-219,1.0,5.396491619002498e-110,2
2009-03-09,7.350862221106486e-24,8.154977601520028e-219,1.0,1.3175461017328274e-108,2
2009-03-10,5.14339859064284e-25,1.4684500395478818e-216,1.0,4.832018997141961e-112,2
2009-03-11,9.66872724027555e-16,3.0461321859648285e-171,1.0,1.0244491220564536e-83,2
2009-03-12,1.076297972484058e-16,3.789200935042033e-163,1.0,2.070493926065201e-77,2
2009-03-13,1.5277221277325122e-14,4.302297845000911e-155,1.0,1.6816982335798198e-71,2
2009-03-16,1.5229257658552477e-15,4.084212946722553e-160,1.0,2.7438160153779143e-72,2
2009-03-17,4.394904455602088e-15,2.3912692904762493e-154,1.0,4.756467618535365e-72,2
2009-03-18,5.703819751199384e-13,3.160927136024091e-142,1.0,1.6343377493821803e-64,2
2009-03-19,4.684324267949323e-15,2.68894367337938e-156,1.0,1.9818375248188973e-68,2
2009-03-20,9.136628547455988e-18,2.7520920716405264e-175,1.0,5.955619730737419e-79,2
2009-03-23,9.726374850285183e-25,6.033717100797733e-208,1.0,2.525293715103972e-104,2
2009-03-24,5.615509151678693e-14,8.70517673285796e-162,1.0,7.05742426810074e-76,2
2009-03-25,1.4879139800658165e-14,2.9868265018205585e-152,1.0,7.257996270143757e-69,2
2009-03-26,1.4657328508091187e-13,4.295815243763446e-145,1.0,5.193483723424281e-66,2
2009-03-27,7.422146475883294e-12,5.35116369591857e-137,0.999999999992724,2.1652764361700653e-57,2
2009-03-30,3.074686678185166e-17,1.0327398372343815e-169,1.0,2.9570167406050595e-72,2
2009-03-31,2.6397517618298384e-17,9.738943598068674e-172,1.0,1.6484181552086022e-81,2
2009-04-01,3.383664163260602e-15,9.384089335731475e-159,1.0,1.7738256910699945e-74,2
2009-04-02,3.3229526221157994e-16,2.828647631369384e-161,1.0,1.1059259067575683e-75,2
2009-04-03,1.2552079699112294e-11,4.568824192465256e-136,0.9999999999872671,6.549603422362794e-61,2
2009-04-06,5.488922622367922e-12,2.4423249225757024e-135,0.999999999994543,6.80040664739615e-57,2
2009-04-07,3.544967295149674e-11,5.226542828420139e-131,0.9999999999654392,4.621394744823046e-53,2
2009-04-08,6.888738881306561e-11,5.2539321813832734e-126,0.9999999999308784,2.92000363727025e-53,2
2009-04-09,3.359048232143767e-11,4.938813464388745e-124,0.9999999999672582,3.8473521341757885e-53,2
2009-04-13,2.70384930175643e-09,2.8432988569213086e-116,0.9999999972969817,2.362435526583181e-47,2
2009-04-14,1.2545933101071998e-08,1.0494582366524815e-110,0.9999999874544301,1.510680251060202e-41,2
2009-04-15,2.0113197613573838e-08,1.2096108317702893e-106,0.9999999798874344,1.221389732449509e-41,2
2009-04-16,2.6081581855763187e-08,2.7959400396094164e-105,0.9999999739175113,5.711421991344663e-41,2
2009-04-17,2.8815404933689206e-06,3.0712285063424304e-91,0.999997118459364,6.358762215456078e-33,2
2009-04-20,1.355395609201094e-10,1.414956999237122e-120,0.9999999998635758,1.357327350840704e-42,2
2009-04-21,5.520808662937581e-10,3.0259355069926137e-118,0.9999999994470272,2.8487964348977784e-49,2
2009-04-22,3.66796439792467e-09,7.599147619899414e-115,0.9999999963329174,3.3547334432209806e-45,2
2009-04-23,4.093300815058324e-09,2.7472353482896036e-112,0.9999999959072738,9.072808284676809e-45,2
2009-04-24,2.605061706429259e-09,8.929946237067214e-113,0.9999999973952072,2.1187077065022398e-45,2
2009-04-27,2.6436817376197018e-09,2.8856331588882113e-115,0.9999999973570084,6.792122077219992e-45,2
2009-04-28,3.4503918896877328e-09,4.701553345821247e-114,0.9999999965493771,7.072608552732983e-45,2
2009-04-29,4.743955235826021e-09,2.148799288229926e-110,0.9999999952560756,2.2863135362792393e-44,2
2009-04-30,5.5587429581937755e-08,3.2645423585147367e-105,0.9999999444116854,3.3328311339294656e-40,2
2009-05-01,2.732015797513578e-07,1.3163971420353788e-98,0.9999997267987428,1.211526741909782e-36,2
2009-05-04,6.202894599783306e-09,1.178129864104141e-105,0.9999999937972461,2.6066898152734236e-41,2
2009-05-05,1.3817558110544948e-05,4.543548773330787e-87,0.9999861824425925,1.4838371958800393e-30,2
2009-05-06,5.901286941026429e-06,1.367620701021434e-84,0.9999940987137464,9.224984171010343e-29,2
2009-05-07,1.5883152618134378e-05,2.3326516537361003e-83,0.9999841168470911,9.650103844782576e-27,2
2009-05-08,3.459898126748257e-06,1.417005704789103e-83,0.999996540102603,2.635474322946263e-29,2
2009-05-11,3.099677507944508e-05,4.556106027988925e-81,0.9999690032256843,4.781803585812297e-25,2
2009-05-12,0.00010138782061479027,5.586431821306778e-73,0.9998986121787234,2.2633784501446884e-23,2
2009-05-13,8.766488730942966e-06,4.868349676725572e-80,0.999991233511764,2.44635658786318e-25,2
2009-05-14,6.706514421945083e-05,9.684331387306665e-74,0.9999329348563749,1.0348719506128832e-24,2
2009-05-15,3.1053189737384586e-05,6.047508022621186e-78,0.9999689468096593,5.5404433291426875e-25,2
2009-05-18,0.0001446959607066279,6.567830777186463e-75,0.9998553040398332,3.787693959405991e-25,2
2009-05-19,0.009281795743412907,4.4315486632342364e-60,0.9907182042564188,1.1291193149693853e-16,2
2009-05-20,0.009540932100524658,2.9784190236197295e-52,0.9904590678994327,5.5384904044676646e-15,2
2009-05-21,0.0022144254064649514,7.474020684461487e-60,0.9977855745937172,1.820151103682612e-18,2
2009-05-22,0.0001298821032857232,2.3643669594523615e-70,0.9998701178963822,1.89454357152279e-23,2
2009-05-26,1.893029612330864e-05,3.0083007566896716e-74,0.9999810697036181,2.6445133420417356e-25,2
2009-05-27,6.422798293491301e-05,6.830653770608459e-75,0.9999357720170959,3.050785267764123e-23,2
2009-05-28,7.861895999446788e-05,3.2220912836306915e-74,0.9999213810407912,3.4592179033761885e-25,2
2009-05-29,0.0017413900441659534,1.5970868099953127e-63,0.9982586099550124,5.733483601443101e-19,2
2009-06-01,0.0022746437723398924,1.239502524003449e-65,0.9977253562280578,1.3935750805288902e-21,2
2009-06-02,0.029252629854437117,4.236109331601879e-60,0.9707473701455577,3.7353979043460606e-17,2
2009-06-03,0.05077472716094985,6.455212102932863e-60,0.9492252728392391,5.227454603992855e-17,2
2009-06-04,0.10670637006334574,1.4364111005968873e-59,0.893293629937524,6.717496272516664e-18,2
2009-06-05,0.2941222708718347,8.774896579910199e-56,0.7058777291272796,5.169284015689793e-15,2
2009-06-08,0.42315127755641585,1.196224218632672e-53,0.5768487224437766,5.837063032877327e-15,2
2009-06-09,0.5315158023568147,1.3030961913006373e-48,0.4684841976427702,7.106522446406242e-13,2
2009-06-10,0.5574384124808727,2.3610347672670244e-46,0.4425615875180334,1.991932266655013e-12,2
2009-06-11,0.542758694394416,5.780025484570633e-46,0.45724130560505144,8.598607417690405e-13,2
2009-06-12,0.4690560617256576,8.39240752896038e-46,0.5309439382713887,2.111191589491558e-12,2
2009-06-15,0.14970258344220994,2.452209564898538e-55,0.8502974165581786,2.109983347704057e-15,2
2009-06-16,0.054453228193917125,1.3208792524073166e-65,0.9455467718059559,9.735165921107345e-20,2
2009-06-17,0.05546626866693735,1.5729918097005936e-65,0.9445337313324803,9.14565256972381e-19,2
2009-06-18,0.09024950269922939,5.04707287331161e-60,0.9097504973000109,3.417486800067774e-17,2
2009-06-19,0.16317911101615432,8.772184113601656e-50,0.8368208889825446,4.3731969947559054e-13,2
2009-06-22,0.17347579936580565,8.536232863301569e-58,0.8265242006342917,7.782311976621093e-16,2
2009-06-23,0.3209373551930525,3.7755509048332934e-58,0.6790626448066025,6.494804921412008e-17,2
2009-06-24,0.6628425990767385,5.658004970623254e-54,0.33715740092345553,1.5068437407537035e-14,0
2009-06-25,0.8942127864342305,9.718269186502629e-46,0.10578721356022955,5.121971307173871e-12,0
2009-06-26,0.9931861570955195,3.81425280759847e-37,0.006813835832702321,7.07206932358355e-09,0
2009-06-29,0.999383025492364,1.0728261649620063e-33,0.0006169690387502431,5.469430720799955e-09,0
2009-06-30,0.999781467277232,5.125290806513213e-35,0.0002185264138122603,6.3090354336093915e-09,0
2009-07-01,0.9989697409532259,1.0795889536207823e-35,0.001030257901374847,1.1445093956298173e-09,0
2009-07-02,0.9889984860996001,2.1358016281939003e-42,0.011001513714556639,1.8542261598039213e-10,0
2009-07-06,0.9769281665660968,1.17075813542102e-46,0.023071833432849787,1.501437602912619e-13,0
2009-07-07,0.9528757438272641,8.87903629569841e-56,0.04712425617310817,7.278867970532014e-15,0
2009-07-08,0.9479735065945448,1.4464930487465638e-59,0.05202649340498729,5.1258016442087e-17,0
2009-07-09,0.9648878490330508,2.372436435222911e-56,0.03511215096638017,6.052426542870231e-15,0
2009-07-10,0.9850573838805154,2.0426321907539405e-50,0.01494261611891308,5.657213749319854e-13,0
2009-07-13,0.9929517942166322,3.9028457130561543e-45,0.007048205780918036,2.78571904800391e-12,0
2009-07-14,0.9991446320116442,1.882886604424031e-35,0.0008553372479969107,3.07397778549107e-08,0
2009-07-15,0.9986039449665023,1.0799992548096113e-40,0.0013960550307843874,2.1485598025672384e-12,0
2009-07-16,0.9998385329786799,2.528855180121727e-37,0.00016146208724066523,4.933937632314141e-09,0
2009-07-17,0.9999597168972544,1.6372830205844443e-29,3.979006620897254e-05,4.930356560963606e-07,0
2009-07-20,0.9999457242916452,2.0446319926349136e-29,5.4228806033896254e-05,4.6901779056372026e-08,0
2009-07-21,0.999964806370316,1.7834595502036e-27,3.4329791062411705e-05,8.638390302959197e-07,0
2009-07-22,0.9999614248173041,7.332178057891367e-25,3.442395521269887e-05,4.151227260175178e-06,0
2009-07-23,0.9998648293617857,1.4805510307327345e-28,0.00013514083461518473,2.98031504110991e-08,0
2009-07-24,0.9999588066883918,1.1472701239758225e-25,3.5132855435812926e-05,6.060456521842896e-06,0
2009-07-27,0.9999642110525846,1.2880952005873452e-26,3.544662597422134e-05,3.4232155585698054e-07,0
2009-07-28,0.9999605774341209,2.011137307453873e-29,3.9303301647552056e-05,1.192648624776062e-07,0
2009-07-29,0.9999509293682559,1.5014563900333488e-31,4.903988233669738e-05,3.0750124291572564e-08,0
2009-07-30,0.9999182614894562,8.644191299601912e-34,8.173607273577491e-05,2.4382587641586047e-09,0
2009-07-31,0.9999372933105416,1.1472519919227787e-34,6.270109292545651e-05,5.597069624728768e-09,0
2009-08-03,0.9998821970037722,7.783360055015927e-36,0.00011780237912353696,6.168611173986404e-10,0
2009-08-04,0.9999551506278733,2.2027626108394733e-32,4.478156022502646e-05,6.781127317408017e-08,0
2009-08-05,0.9999610855561837,8.841104826420173e-30,3.8748312265073705e-05,1.6613071777093897e-07,0
2009-08-06,0.9999500753277035,1.5740216959539374e-31,4.9894727270860166e-05,2.9945006901423126e-08,0
2009-08-07,0.9999283825617238,3.559277825019204e-32,7.160674706488831e-05,1.0691023577339854e-08,0
2009-08-10,0.9999580357126868,8.132933075094043e-31,4.182532770528158e-05,1.3895903459601967e-07,0
2009-08-11,0.9999306551214793,1.8147250043114084e-32,6.931887141390184e-05,2.6007813751471614e-08,0
2009-08-12,0.9999184112309863,6.170338902027946e-34,8.158646730262253e-05,2.3016716868037334e-09,0
2009-08-13,0.9999515648030423,8.806317085198342e-32,4.8381822083521004e-05,5.337412750508756e-08,0
2009-08-14,0.9999444496520682,7.518541653785554e-28,5.406488666862788e-05,1.48546071692773e-06,0
2009-08-17,0.99962441827563,2.355830136284508e-38,0.0003755815084161146,2.1593653683134676e-10,0
2009-08-18,0.9998573197288411,4.619763155688748e-38,0.0001426799228137433,3.489851766730194e-10,0
2009-08-19,0.9999044164114925,1.7349920689739513e-37,9.558299775549268e-05,5.900990571564409e-10,0
2009-08-20,0.9999232114658203,2.3851931780877383e-34,7.67809584941833e-05,7.574976816696824e-09,0
2009-08-21,0.9998669955604257,7.593881552190436e-35,0.00013300314011605084,1.300199206869377e-09,0
2009-08-24,0.9999544241145178,2.0916672155551903e-32,4.551373138830784e-05,6.215484143754805e-08,0
2009-08-25,0.9999590102158475,2.1609559870311094e-30,4.0919838377107204e-05,6.994649330526402e-08,0
2009-08-26,0.9999607008804346,3.575698622956688e-30,3.9205591117717005e-05,9.352893722585157e-08,0
2009-08-27,0.9999612497627133,1.493198227297803e-29,3.8626230888987385e-05,1.2400657464709415e-07,0
2009-08-28,0.999959887051416,3.5124332071844145e-29,3.990204644875381e-05,2.109016606435426e-07,0
2009-08-31,0.9998891654994231,2.2387582622394328e-32,0.00011081881115482236,1.5689255515276973e-08,0
2009-09-01,0.9991277746094158,1.7104462712474178e-44,0.0008722253872201252,3.7494853474476e-12,0
2009-09-02,0.9994025386214062,3.0175605467348294e-47,0.0005974613773127803,7.801921789877765e-13,0
2009-09-03,0.9997532537005963,2.9669422301592457e-43,0.0002467462715571686,2.6969055486978454e-11,0
2009-09-04,0.9998946236292032,1.1052905128175204e-36,0.00010537364975137015,2.7210158730092626e-09,0
2009-09-08,0.9999249479195238,6.643670546331216e-35,7.504946294130314e-05,2.6171112523724353e-09,0
2009-09-09,0.9999548800635524,8.723175410038407e-31,4.499298206154431e-05,1.269546235201737e-07,0
2009-09-10,0.9999562289697765,2.1892921556281938e-27,4.3230512565048745e-05,5.405172499283572e-07,0
2009-09-11,0.9999660190340554,7.975051244171032e-27,3.3073550087131695e-05,9.074149754395094e-07,0
2009-09-14,0.9999630200489436,1.3397560334453202e-26,3.642815539589778e-05,5.517950788372247e-07,0
2009-09-15,0.9999643467043304,2.6890679061451857e-25,3.2880503822623856e-05,2.7727911080286804e-06,0
2009-09-16,0.999938000373116,2.295757086922597e-27,6.187381815293525e-05,1.2580940542574843e-07,0
2009-09-17,0.9999638599693338,6.038382756782349e-26,3.2424173300467936e-05,3.7158580897843006e-06,0
2009-09-18,0.9999662522315135,1.0523531985711524e-25,3.285122829337051e-05,8.96539597256255e-07,0
2009-09-21,0.9999659479176268,4.5279221775162133e-26,3.258307482448803e-05,1.469007612289658e-06,0
2009-09-22,0.9999620101711504,4.397252386482764e-24,3.4444689183179734e-05,3.545138973705122e-06,0
2009-09-23,0.9999504735719915,6.5447925275291986e-24,3.9672405436666576e-05,9.854023290400374e-06,0
2009-09-24,0.9999550552534462,1.6933625375416787e-27,4.463762097631071e-05,3.0712485980541717e-07,0
2009-09-25,0.9999480414737453,4.666996814905262e-31,5.192109354066166e-05,3.7432686150090805e-08,0
2009-09-28,0.9998868107831117,1.571540220741996e-33,0.00011318681563137006,2.4017095015951734e-09,0
2009-09-29,0.9999531851798542,3.845857386438189e-32,4.674495349317383e-05,6.986712823861617e-08,0
2009-09-30,0.9999185353105079,7.266416310227484e-32,8.143877392889088e-05,2.5916133396051256e-08,0
2009-10-01,0.9993323955631248,1.3551025065468356e-41,0.0006676043658366158,7.105498034503565e-11,0
2009-10-02,0.9995166928879581,4.6863961781201074e-45,0.00048330710953671855,2.123516463385735e-12,0
2009-10-05,0.9996619638403923,2.3241840857900685e-43,0.00033803614839293173,1.1647334397211194e-11,0
2009-10-06,0.9998607065315095,1.462173219640042e-38,0.00013929284561975763,6.22402948155693e-10,0
2009-10-07,0.9999566934103088,1.012119287010414e-31,4.318110669373419e-05,1.2548286150773432e-07,0
2009-10-08,0.9999588179802129,1.6652356722424784e-28,4.098621272029249e-05,1.9580756993519894e-07,0
2009-10-09,0.9999627524491544,4.92840745669905e-25,3.347837758593457e-05,3.7691730414718526e-06,0
2009-10-12,0.9999619722575763,4.726683770594947e-23,3.20033165962619e-05,6.024425047523135e-06,0
2009-10-13,0.999951658156337,1.4514782130120542e-22,3.235808502611673e-05,1.598375850311729e-05,0
2009-10-14,0.9999316470263212,9.380910585903245e-24,6.767426127769291e-05,6.787120345987087e-07,0
2009-10-15,0.9998210669979403,3.1744756390089003e-19,3.7615514757367474e-05,0.00014131748712561647,0
2009-10-16,0.9993544033569884,3.3483202656010175e-16,4.986559836019898e-05,0.0005957310450398327,0
2009-10-19,0.9997520112835404,3.8148301509390274e-16,4.419334607691813e-05,0.00020379537091141716,0
2009-10-20,0.9985993168025086,5.213198629090245e-15,5.4422605469332774e-05,0.0013462605928058664,0
2009-10-21,0.9996522903511402,1.2527440884180241e-16,4.413789060628084e-05,0.000303571758143446,0
2009-10-22,0.9995943662766743,7.713200936819082e-16,5.519351628317819e-05,0.0003504402066260311,0
2009-10-23,0.9997870411823605,6.762414240506924e-19,5.337532718238897e-05,0.00015958349031765403,0
2009-10-26,0.9999508106995798,1.7539893476854598e-24,4.7256360079993095e-05,1.9329399226061566e-06,0
2009-10-27,0.9999227389942517,4.290505506501859e-28,7.705028708204773e-05,2.1071922318076743e-07,0
2009-10-28,0.9990841829997721,8.315978204049098e-39,0.0009158168339941629,1.6564530957857512e-10,0
2009-10-29,0.9969171755291654,6.918034738034661e-37,0.00308282361039952,8.608354520780355e-10,0
2009-10-30,0.9870331447252385,3.2170519960364202e-52,0.01296685527503158,2.5212686116071444e-14,0
2009-11-02,0.9897657923962245,3.475574135896608e-54,0.010234207603054364,2.8995096242049297e-15,0
2009-11-03,0.9961623049924412,9.993101294464536e-51,0.003837695006364208,3.127674602508769e-13,0
2009-11-04,0.999176543467508,1.422358608333304e-44,0.0008234565134397392,1.891499704585057e-11,0
2009-11-05,0.9997033208385515,6.48818002428831e-39,0.0002966788566579116,3.042513974728167e-10,0
2009-11-06,0.9999502482522264,1.3273373514055165e-30,4.928828614052029e-05,4.63461738288945e-07,0
2009-11-09,0.9998847818212151,3.622204165789548e-28,0.00011513335499721271,8.482469452965225e-08,0
2009-11-10,0.9999501817205444,4.736753121549825e-24,3.360366903787222e-05,1.6214610516888835e-05,0
2009-11-11,0.9999620663303161,5.589058712730161e-23,3.286754749824634e-05,5.066122194037416e-06,0
2009-11-12,0.9999576280161375,1.1193355405252178e-25,4.053721750398212e-05,1.8347663929492718e-06,0
2009-11-13,0.999963064819894,6.6222484024481685e-25,3.483944129458948e-05,2.095738178084398e-06,0
2009-11-16,0.9999463830740575,1.86258901269394e-24,5.2427120014879157e-05,1.1898060874097054e-06,0
2009-11-17,0.999925345500836,1.1070472911175728e-20,3.2391376092212205e-05,4.226312261798882e-05,0
2009-11-18,0.9997464010612989,1.218057607548374e-17,3.679826409545314e-05,0.00021680067422969514,0
2009-11-19,0.9998635730709381,6.262402065073604e-19,5.283252835643511e-05,8.35944010918494e-05,0
2009-11-20,0.9998554597246271,4.95220691768711e-18,3.5741482412809334e-05,0.00010879879333588555,0
2009-11-23,0.9997233673967932,1.38644499366234e-16,5.657164075862018e-05,0.00022006096246819304,0
2009-11-24,0.9971020624919597,9.782411081908027e-14,5.3713430160794136e-05,0.0028442240775207314,0
2009-11-25,0.997809327292443,7.126985924616864e-15,5.25379980026468e-05,0.002138134710425855,0
2009-11-27,0.9999288570585314,8.418028546760068e-25,6.89256645892168e-05,2.2172771549749517e-06,0
2009-11-30,0.999959987661146,3.3720338088354954e-27,3.9845659942278216e-05,1.6667846856827656e-07,0
2009-12-01,0.9999290958585075,1.4348048921011037e-21,4.618637656666964e-05,2.471776449529044e-05,0
2009-12-02,0.9994486665672656,8.979944034249503e-17,4.153743222014673e-05,0.0005097960012493496,0
2009-12-03,0.9998361694100022,9.924016060934828e-18,4.003057700084666e-05,0.0001238000132438945,0
2009-12-04,0.9997241853249487,8.70112251994496e-17,4.0201296846850645e-05,0.0002356133780745359,0
2009-12-07,0.9998498010932731,1.3954382341772567e-18,3.446877895258509e-05,0.00011573012764864917,0
2009-12-08,0.9999534848370983,1.7987082076267445e-22,3.94103019023991e-05,7.104861457731668e-06,0
2009-12-09,0.9999531136168881,1.2084663472848543e-21,3.200951808890126e-05,1.4876865026218554e-05,0
2009-12-10,0.9999406010426766,5.230195783537763e-20,3.4036605881335416e-05,2.53623510786283e-05,0
2009-12-11,0.9997857564008631,1.8156765527667052e-17,3.654261014734489e-05,0.00017770098811940765,0
2009-12-14,0.9995413542562902,1.2309846997840137e-15,4.265296164192052e-05,0.0004159927825397804,0
2009-12-15,0.9986897676425032,7.389093956975557e-15,4.38229398276199e-05,0.0012664094175838297,0
2009-12-16,0.9970466554535775,3.6563347094069244e-13,4.993181363935286e-05,0.002903412732718144,0
2009-12-17,0.9977426739451578,1.3235960578354171e-15,4.7687562616651204e-05,0.0022096384923117017,0
2009-12-18,0.9850513536931932,2.466013006768241e-14,2.9341147849807808e-05,0.014919305159352242,0
2009-12-21,0.8001916189128863,3.735853203562299e-12,1.2965364166154668e-05,0.1997954157196387,0
2009-12-22,0.23146648821563603,3.484487720165678e-09,5.978815031050422e-06,0.7685275294839863,3
2009-12-23,0.07991335375041231,9.357012646813765e-09,2.4304503645006365e-06,0.920084206442939,3
2009-12-24,0.03404811781170464,1.54448830565599e-08,1.653766195014323e-06,0.9659502129780162,3
2009-12-28,0.02209854622306608,6.722966856144566e-09,1.1229740768889836e-06,0.9779003240799077,3
2009-12-29,0.019793261659724715,6.424851883409648e-09,1.204903142547704e-06,0.9802055270119747,3
2009-12-30,0.0257396660842365,6.602755480891889e-09,1.6468496916827655e-06,0.974258680463823,3
2009-12-31,0.04586377426367895,2.394626812058086e-11,2.012922212147014e-06,0.9541342127894182,3
2010-01-04,0.04250394431845791,2.1365103695002894e-10,6.72247502733106e-07,0.957495383220747,3
2010-01-05,0.007982506872143297,3.1294224588655527e-08,8.315054328836265e-08,0.9920173786837526,3
2010-01-06,0.0011476385950155322,7.49362675136546e-08,1.4318398061786453e-08,0.9988522721509924,3
2010-01-07,0.00032256182011107385,6.824977778642035e-08,1.2824328704233031e-09,0.9996773686479518,3
2010-01-08,6.224965740571029e-05,1.0957670282426821e-06,2.402492773770238e-10,0.9999366543362007,3
2010-01-11,2.6706241242802242e-05,5.836600227531432e-06,2.672843945915897e-10,0.9999674568918941,3
2010-01-12,4.240488768103117e-05,1.1438788583722783e-06,6.275773104093912e-10,0.9999564506057773,3
2010-01-13,5.992552426969293e-05,9.502549139085007e-07,3.319320595193791e-10,0.999939123888383,3
2010-01-14,3.1281186832543944e-05,4.393978452229762e-06,9.588730772608304e-10,0.9999643238750087,3
2010-01-15,9.829134367076478e-05,2.5748651636869455e-06,4.5491880775277136e-08,0.9998990883001481,3
2010-01-19,0.002676723796726079,6.857614545899151e-07,1.0014417781998214e-06,0.9973215890001125,3
2010-01-20,0.047581028724787346,3.0163966049242056e-08,1.4030031096203116e-05,0.9524049110797421,3
2010-01-21,0.9085627682225251,4.960371471354557e-16,0.00011751711583984708,0.09131971466130501,0
2010-01-22,0.9997643035578963,2.1003218623709085e-31,0.00023561054575641524,8.589692944594782e-08,0
2010-01-25,0.999937398788947,5.16113781586096e-32,6.258932797010766e-05,1.1882367850601474e-08,0
2010-01-26,0.9999630649563132,2.952410964423914e-29,3.645261196333089e-05,4.824317437282912e-07,0
2010-01-27,0.9999628682217053,1.4135603173179603e-24,3.305159907757146e-05,4.08017937034751e-06,0
2010-01-28,0.9999500896206087,1.7453714992696687e-24,4.347769524229249e-05,6.432683413979866e-06,0
2010-01-29,0.9999563040434618,1.2960411805432225e-26,4.298029718895652e-05,7.156599414688837e-07,0
2010-02-01,0.9999446793249464,4.735092115673502e-24,5.2771187058330204e-05,2.549487850148182e-06,0
2010-02-02,0.9998996868293175,1.0546772003174035e-19,5.3338770873195846e-05,4.6974399208094615e-05,0
2010-02-03,0.9996095325007199,2.54445466354065e-18,6.315714561197044e-05,0.0003273103545581658,0
2010-02-04,0.9995489960933379,2.0116140868574093e-31,0.0004509705793833386,3.332687160934868e-08,0
2010-02-05,0.9999022932157908,2.0969326985043775e-34,9.770464565488756e-05,2.1383801433103247e-09,0
2010-02-08,0.9999187339443584,6.325703327574196e-36,8.126191932951206e-05,4.136658982010795e-09,0
2010-02-09,0.9998799602002417,7.962402713623789e-37,0.00012003950589953213,2.93086416813512e-10,0
2010-02-10,0.9999519427162369,1.1249294253080714e-33,4.80178062629357e-05,3.9477353890775145e-08,0
2010-02-11,0.9999554190623259,2.823105307978876e-28,4.435451872561486e-05,2.2641822788127543e-07,0
2010-02-12,0.9999384892745407,9.30654132930991e-23,3.332474186234343e-05,2.8185984410070453e-05,0
2010-02-16,0.9999079287887302,3.66461251593284e-20,6.77245877238125e-05,2.4346623164949117e-05,0
2010-02-17,0.9888302038390067,2.976944605719718e-16,3.143027314362653e-05,0.011138365887262483,0
2010-02-18,0.851250433128946,3.984348556581627e-12,2.6869616856688016e-05,0.14872269724999307,0
2010-02-19,0.5474749610768668,7.024814493712694e-10,2.4978847227896255e-05,0.452500059374249,3
2010-02-22,0.4020780945657385,3.616609338331497e-09,2.430312640937618e-05,0.5978975986918643,3
2010-02-23,0.3593014699469715,3.574645928388908e-11,1.7694465530459356e-05,0.6406808355511303,3
2010-02-24,0.26633323765979217,3.8789687217699445e-10,5.361824833911964e-06,0.7336614001269309,3
2010-02-25,0.08984890584126928,3.813109813143126e-09,1.319824890363765e-06,0.9101497705198704,3
2010-02-26,0.02098805319665584,2.3057425570326668e-08,4.94030624546641e-07,0.9790114297154213,3
2010-03-01,0.006865729423085897,1.180990215389035e-08,7.536582875999957e-08,0.9931341834010741,3
2010-03-02,0.0009628322415695373,8.389402766111263e-08,7.763654309554426e-09,0.9990370761000968,3
2010-03-03,0.00017994151879367418,1.9882435615983414e-07,1.875468524402365e-09,0.9998198577817575,3
2010-03-04,0.00012664786571961093,1.8865344116630274e-07,8.767629221177161e-10,0.999873162604734,3
2010-03-05,7.744294902245576e-05,7.170138095030517e-07,6.307611317235634e-10,0.9999218394065578,3
2010-03-08,3.1159372465902634e-05,3.7105233052028615e-06,2.5987212453828956e-10,0.9999651298444213,3
2010-03-09,3.957029956448725e-05,2.207075297272373e-06,6.598026879804393e-10,0.9999582219657648,3
2010-03-10,9.993011880146141e-05,2.5849845685810224e-07,5.401877023787516e-10,0.9998998108428573,3
2010-03-11,5.3668714938434634e-05,1.137644115155602e-06,2.0160314171487035e-10,0.9999451934394478,3
2010-03-12,2.4872588239441767e-05,6.473636496064917e-06,2.3454071776261133e-10,0.999968653541329,3
2010-03-15,3.841566210924001e-05,2.0193897280312954e-06,3.047772801005935e-10,0.9999595646430725,3
2010-03-16,4.677802335287798e-05,1.6452740199694667e-06,1.6704513365464302e-10,0.9999515765349557,3
2010-03-17,1.8279297402153606e-05,1.8222052114429843e-05,7.338385800332174e-11,0.9999634985765508,3
2010-03-18,1.057998601602687e-05,7.686882237921407e-05,8.171526556101128e-11,0.9999125511098076,3
2010-03-19,1.3041783655207718e-05,4.100164440727566e-05,1.1897196584284257e-10,0.9999459564530593,3
2010-03-22,1.6363102302036426e-05,2.3007894965299046e-05,8.140732209625296e-11,0.9999606289222255,3
2010-03-23,1.2446896482353786e-05,5.274662738443202e-05,1.6563253441253046e-10,0.9999348063108147,3
2010-03-24,2.1350133497217628e-05,8.94997089743108e-06,3.7398662017417534e-10,0.9999696995207628,3
2010-03-25,5.293717588322963e-05,7.895017284855644e-07,2.2837976872634638e-10,0.9999462730947664,3
2010-03-26,3.1120902674154317e-05,3.625592490394315e-06,2.18138277819884e-10,0.9999652532858403,3
2010-03-29,3.458962787585172e-05,3.1414093415585263e-06,1.2098189200911702e-10,0.9999622688416586,3
2010-03-30,1.6297458491913916e-05,2.0274272375871253e-05,1.3173563232978214e-10,0.9999634281369408,3
2010-03-31,2.2307233155596922e-05,7.592585392574267e-06,2.2293174153482047e-10,0.9999700999592263,3
2010-04-01,3.540964899333139e-05,3.1277956937788437e-06,1.939391901743403e-10,0.9999614623616168,3
2010-04-05,2.3670789375016292e-05,1.0273057114530615e-05,6.904074747872372e-11,0.9999660560837921,3
2010-04-06,8.547843124822245e-06,0.0001692606425873553,7.012032555589771e-11,0.9998221914439236,3
2010-04-07,1.0295750838081105e-05,0.00011041835606729276,9.24717691587007e-11,0.9998792858001628,3
2010-04-08,1.0782721119062802e-05,9.016362378981831e-05,6.418131830288026e-11,0.9998990535900579,3
2010-04-09,1.0096028880374976e-05,0.00018253454945888856,4.495539433230273e-11,0.999807369377018,3
2010-04-12,5.763439248574524e-06,0.0008894388387906407,7.233498430615775e-11,0.9991047976494946,3
2010-04-13,8.022101862406658e-06,0.00037500778718784096,6.715232085293238e-11,0.9996169700446874,3
2010-04-14,9.739683584551565e-06,0.0002227907993934769,9.503807404683714e-11,0.9997674694224441,3
2010-04-15,6.972693395019486e-06,0.00042391594524052195,4.692472971479603e-10,0.9995691108924584,3
2010-04-16,5.9409743356327746e-05,5.531188402513994e-07,6.856944466018624e-10,0.9999400364529683,3
2010-04-19,2.5047690028059142e-05,8.579782183727622e-06,5.838201217158133e-11,0.9999663724699382,3
2010-04-20,8.493377648720326e-06,0.0002109639697522481,8.169574037890459e-11,0.9997805425709646,3
2010-04-21,8.431412907609242e-06,0.00020162481814279664,9.95085384458865e-11,0.9997899436699637,3
2010-04-22,1.1752714299707541e-05,9.979575786928212e-05,2.3900345239588497e-09,0.9998884491373679,3
2010-04-23,0.00019720800026754707,2.947660080297542e-05,1.6551121700067776e-07,0.9997731498872315,3
2010-04-26,0.014595125680578427,9.231045669198102e-07,7.118387819677511e-06,0.9853968328277257,3
2010-04-27,0.9193013050426908,1.924631178079225e-15,0.00014895606973607952,0.08054973888784205,0
2010-04-28,0.9487611403479401,3.6383413716064306e-12,5.362320737081004e-05,0.05118523644055824,0
2010-04-29,0.9473525029753345,5.216608214663235e-10,0.00016948491588489678,0.05247801158758374,0
2010-04-30,0.990114219794224,7.533843289186215e-15,0.00016099557801481967,0.009724784627700506,0
2010-05-03,0.9962662070126661,9.467941585081302e-15,0.0007334531514872776,0.0030003398353464603,0
2010-05-04,0.9921946636766024,6.030743971706023e-23,0.007785862623689851,1.9473699858080893e-05,0
2010-05-05,0.9481397855660295,3.255823453379989e-27,0.05185993407440529,2.803593995068525e-07,0
2010-05-06,0.015098393022852276,7.752958461287967e-61,0.9849016069763271,1.8181991708555805e-19,2
2010-05-07,3.5164298280718023e-10,2.89886814294304e-119,0.999999999648935,2.0027863599428773e-46,2
2010-05-10,0.0008574680373953413,3.742626788158419e-83,0.9991425319621743,9.720583279542085e-30,2
2010-05-11,0.2760815931489825,1.0218049546928139e-59,0.7239184068513178,5.1300835937784845e-15,2
2010-05-12,0.33745524390739606,2.2842541609749516e-41,0.6625447557968688,2.953672921562373e-10,2
2010-05-13,0.321303907945539,2.3014307785965706e-37,0.678696090799746,1.255384258787678e-09,2
2010-05-14,0.08505795826262219,5.2098098195740445e-54,0.9149420417381726,1.4837192671258523e-16,2
2010-05-17,0.0225732417415874,2.0953873651131578e-60,0.9774267582589721,4.585477244665575e-18,2
2010-05-18,0.00040261822315330333,1.8235656886544074e-73,0.999597381776887,2.343550899716682e-23,2
2010-05-19,9.96170863135143e-07,5.053414566493633e-89,0.9999990038291303,5.473855290955616e-31,2
2010-05-20,1.1989241198170459e-17,3.310063877050934e-167,1.0,6.738688373151184e-68,2
2010-05-21,1.7585988271429916e-12,2.1510712827823346e-142,0.999999999998181,2.114764610210699e-65,2
2010-05-24,3.0084273400831894e-09,3.668652169597199e-118,0.9999999969913915,1.174299461105325e-47,2
2010-05-25,1.4820589006834996e-06,8.728369864912588e-95,0.9999985179412829,6.246035106565308e-35,2
2010-05-26,1.1448693159523357e-06,2.437279955931858e-93,0.9999988551305438,1.8149709965799643e-32,2
2010-05-27,1.4176453479658738e-05,3.362266845213199e-79,0.9999858235464548,6.880960020034297e-27,2
2010-05-28,9.5253424256832e-05,4.845345996160695e-75,0.9999047465756752,3.8725773447441516e-23,2
2010-06-01,7.490714366865437e-07,3.902576810021388e-89,0.9999992509277112,8.103208890432262e-31,2
2010-06-02,6.274815334570379e-05,7.1443423266315855e-78,0.9999372518474602,4.4726100768865796e-26,2
2010-06-03,0.0009586347899826034,1.4105347579593124e-64,0.9990413652104241,7.563989797251738e-19,2
2010-06-04,5.877211145346333e-07,1.7787273233281586e-86,0.9999994122792395,4.4748540928515854e-29,2
2010-06-07,9.79219472546632e-08,4.717581404909844e-101,0.9999999020783482,1.8655575290204388e-36,2
2010-06-08,2.3305922146937764e-06,4.902334717793053e-91,0.9999976694079906,7.499679485925846e-33,2
2010-06-09,8.573509813913877e-05,3.696178306134484e-85,0.9999142649023406,8.803851276060031e-28,2
2010-06-10,0.006754039385599695,1.37215626688067e-77,0.9932459606134917,2.0680146026414264e-24,2
2010-06-11,0.6044706586982891,4.285700411274044e-60,0.39552934130083833,1.4346674730590655e-15,0
2010-06-14,0.8814688561037075,1.213986597993627e-49,0.11853114389472681,1.0846210475188692e-12,0
2010-06-15,0.9627302302454388,6.62080570032723e-43,0.03726976973713709,1.7486574443074053e-11,0
2010-06-16,0.9976218151815007,1.1456443838460225e-36,0.002378178082705628,6.735514366119507e-09,0
2010-06-17,0.9998459560145398,1.4487342524898283e-31,0.00015398496480018708,5.902006088962761e-08,0
2010-06-18,0.9999595805276648,1.6759711146806478e-27,3.9403125915137226e-05,1.0163458848807585e-06,0
2010-06-21,0.9999119162836573,1.7497403155057004e-28,8.788545443184479e-05,1.9826193471582575e-07,0
2010-06-22,0.9988526252913366,9.03395118554822e-36,0.0011473729981690015,1.7111624145734259e-09,0
2010-06-23,0.9920467768225711,1.1851236474609645e-37,0.007953222633445747,5.448110659542389e-10,0
2010-06-24,0.9213931326042527,7.806419043381528e-48,0.07860686739466168,2.950913945347645e-13,0
2010-06-25,0.8386770676252544,8.244366205141593e-48,0.16132293237410633,6.825658711144753e-13,0
2010-06-28,0.5960219490629454,1.0837648039785677e-48,0.40397805093618994,2.913093081072058e-13,0
2010-06-29,0.0020984638227041024,4.4813189290148555e-73,0.997901536176444,9.188069556732635e-23,2
2010-06-30,8.33714930140032e-05,1.2046354142888624e-82,0.9999166285064879,1.4107157324154402e-26,2
2010-07-01,0.005272750871441432,7.813626146644202e-78,0.9947272491292165,7.112490418879789e-24,2
2010-07-02,0.15149860746688235,1.759853950753081e-63,0.8485013925334471,6.05685157699648e-17,2
2010-07-06,0.30412399568302645,4.324901541077362e-56,0.695876004317116,9.91997585809002e-16,2
2010-07-07,0.46998903320159796,4.167069678336837e-52,0.5300109667978236,1.2488243742229712e-14,2
2010-07-08,0.9541318309688251,1.216021188601893e-40,0.04586816820628555,8.245924626139224e-10,0
2010-07-09,0.9972782547132614,3.80384461457285e-33,0.0027217226882121034,2.2599089271984163e-08,0
2010-07-12,0.9998457429236806,3.2060822701714355e-29,0.0001539257744928233,3.3130218429491293e-07,0
2010-07-13,0.9999113272832832,5.443399316013015e-31,8.866115347371029e-05,1.1563505189938712e-08,0
2010-07-14,0.9999583687320797,9.3717056452018e-31,4.1516772518296464e-05,1.1449463570267943e-07,0
2010-07-15,0.9999430679672215,1.1983744314948039e-30,5.688511355061829e-05,4.6919453722779335e-08,0
2010-07-16,0.999665275625933,2.5301500042066716e-35,0.00033470526503409626,1.9109413773992875e-08,0
2010-07-19,0.9999071669900069,1.1771135502217006e-34,9.28312771308663e-05,1.7322646032435305e-09,0
2010-07-20,0.9999459079705182,1.4830763757826734e-30,5.3927131613636704e-05,1.6489765280879932e-07,0
2010-07-21,0.9999291026810531,2.474814986409565e-31,7.083011517311833e-05,6.720362083005812e-08,0
2010-07-22,0.9998193942122655,8.011111656545786e-34,0.00018060451568893292,1.2713785350126157e-09,0
2010-07-23,0.9999542575172474,1.1715978095012658e-28,4.4718645595520986e-05,1.0238367648749833e-06,0
2010-07-26,0.9999542190564766,3.710760926768775e-24,4.239773014430654e-05,3.383213887298728e-06,0
2010-07-27,0.9999606928990229,2.0336409856569802e-23,3.088607693341057e-05,8.421023386939278e-06,0
2010-07-28,0.9999630685468657,1.4692892326044998e-25,3.5572269523756765e-05,1.3591833201553623e-06,0
2010-07-29,0.9999654245850487,4.879710477524042e-26,3.322164469667228e-05,1.3537696987169643e-06,0
2010-07-30,0.999963168074657,1.0105403008042305e-24,3.324781815815527e-05,3.584107696676272e-06,0
2010-08-02,0.9998963279605272,7.079768637714887e-24,0.00010214165738322561,1.5303827353518987e-06,0
2010-08-03,0.9999214852916155,1.6305640066395684e-21,3.621247465391268e-05,4.230223436862367e-05,0
2010-08-04,0.9999353263370296,1.572589955254902e-19,3.459714060985896e-05,3.007652210018353e-05,0
2010-08-05,0.999861458806483,2.4280654276558452e-18,3.348901005680828e-05,0.00010505218329890871,0
2010-08-06,0.9997231806582801,1.4343808102688065e-17,3.7617989060076104e-05,0.0002392013521852695,0
2010-08-09,0.9999220475081664,1.2021555326043361e-18,3.490086002752415e-05,4.305163260793983e-05,0
2010-08-10,0.9998755054669449,4.484202113610506e-20,4.540888406968522e-05,7.908564821238792e-05,0
2010-08-11,0.9997468585194236,1.8626422528806397e-29,0.0002529730861303958,1.6839411144159986e-07,0
2010-08-12,0.9999372197734142,1.0134384786391594e-31,6.2755655245616e-05,2.4572117889965376e-08,0
2010-08-13,0.9999379401810335,3.1060441477565154e-34,6.205504626393928e-05,4.773187904580592e-09,0
2010-08-16,0.9999389553129031,7.14872548697025e-35,6.104100372156302e-05,3.683324377250227e-09,0
2010-08-17,0.999941945949921,1.5611403219604011e-31,5.800643226497283e-05,4.761719973653623e-08,0
2010-08-18,0.9999595829832012,1.9365546003303671e-29,4.022193449962141e-05,1.950824067496377e-07,0
2010-08-19,0.9999002715359043,7.154325928078983e-34,9.97182649163573e-05,1.0198815949962257e-08,0
2010-08-20,0.9999511948113027,2.610593502786765e-32,4.876735525559733e-05,3.78327779988552e-08,0
2010-08-23,0.9999461501849879,3.1005576830682606e-32,5.382488295036295e-05,2.4931708806219774e-08,0
2010-08-24,0.9998548702482657,5.739946924284457e-38,0.0001451293062150179,4.449663804586584e-10,0
2010-08-25,0.9998952872432366,2.9559481446580976e-38,0.00010471243170731803,3.2422306592796357e-10,0
2010-08-26,0.99988086045958,1.3171539866963362e-39,0.00011913927284524915,2.670166721789061e-10,0
2010-08-27,0.9998979993998689,4.592670192109705e-34,0.00010198908277150714,1.151667412208404e-08,0
2010-08-30,0.9998660772861623,1.7667286770103833e-37,0.00013392175338366546,9.598471468929548e-10,0
2010-08-31,0.9999114382663618,1.9216593811751926e-35,8.855766493162109e-05,4.068861978826495e-09,0
2010-09-01,0.9996169968826877,3.7078079533826845e-35,0.00038300196548145694,1.1521864094337091e-09,0
2010-09-02,0.9999426710245669,2.265205342337315e-27,5.5546783165623905e-05,1.7821926054859197e-06,0
2010-09-03,0.9998951303554718,6.620574658230286e-21,5.453216802214937e-05,5.033747706432091e-05,0
2010-09-07,0.9999510773903607,1.723534998944289e-23,4.3299203120798196e-05,5.623406213002464e-06,0
2010-09-08,0.999962851425781,5.983517633939792e-24,3.47112093391704e-05,2.4373651373962283e-06,0
2010-09-09,0.9999583768899076,2.355746450064436e-22,3.249823959935776e-05,9.124870500216004e-06,0
2010-09-10,0.9999093086025607,1.7398342390746652e-19,3.4974993999602525e-05,5.571640313580128e-05,0
2010-09-13,0.999839063668769,1.6469014473239226e-17,4.8327483521840656e-05,0.00011260884723775531,0
2010-09-14,0.9997006026199278,3.8590631719013627e-17,3.735535188925059e-05,0.000262042028514905,0
2010-09-15,0.9998989233053706,6.2656308776946296e-18,3.345431750259786e-05,6.762237634266749e-05,0
2010-09-16,0.9997787250535535,1.4037669501817112e-17,3.531585679415872e-05,0.00018595908883335866,0
2010-09-17,0.9998695057351784,2.329872221846859e-18,3.425806698127142e-05,9.623619805052083e-05,0
2010-09-20,0.9999162409322453,2.6180940971297087e-19,5.8005379795208525e-05,2.5753688218949348e-05,0
2010-09-21,0.9999027133941149,1.6968432552911033e-19,3.3760982046997706e-05,6.352562438154737e-05,0
2010-09-22,0.9999101487379282,4.119436123300928e-20,3.4144339537671386e-05,5.5706922286842165e-05,0
2010-09-23,0.9999570362477376,1.4453956392803445e-23,3.9056764661050204e-05,3.906988497274836e-06,0
2010-09-24,0.9999007419834355,9.216322909491513e-23,9.545977557349514e-05,3.798240912695698e-06,0
2010-09-27,0.9999087655381078,4.2147676583208406e-21,3.723735805444104e-05,5.39971044023114e-05,0
2010-09-28,0.9999527771869824,4.6478588987201994e-21,3.264456964508188e-05,1.4578243172535471e-05,0
2010-09-29,0.9999603346959463,9.649686089049881e-23,3.076770022796869e-05,8.897604115849552e-06,0
2010-09-30,0.9999652731830742,9.658716751712714e-24,3.133666508019401e-05,3.3901511683620804e-06,0
2010-10-01,0.9999488481066637,5.669775072060669e-22,3.2565789158629846e-05,1.8586104458577914e-05,0
2010-10-04,0.9999537753380628,1.563940667712162e-22,3.801739331519653e-05,8.207268527302536e-06,0
2010-10-05,0.9998699735001239,3.41743041395817e-20,9.088754644142047e-05,3.9138953166798654e-05,0
2010-10-06,0.987929952491375,1.760891324394451e-15,3.701935007926549e-05,0.012033028157695035,0
2010-10-07,0.9349939899013754,4.945640178832165e-13,2.491780659331716e-05,0.06498109229176025,0
2010-10-08,0.6858263362860736,1.9553876343426567e-11,4.052659923259846e-06,0.314169611034692,0
2010-10-12,0.08782274974422599,3.206125128727725e-08,1.8413352338282371e-06,0.9121753768591757,3
2010-10-13,0.0182817686698527,3.6287437399916696e-08,4.2560508609024556e-07,0.9817177694369043,3
2010-10-14,0.004605833273213747,1.0698150440864235e-08,5.569784686105065e-08,0.9953941003303536,3
2010-10-15,0.0009062972529922392,9.487850399529047e-08,3.4993608087568823e-08,0.9990935728747714,3
2010-10-18,0.0009771894772969136,3.656808732177302e-08,6.6373702952304e-08,0.9990227075817409,3
2010-10-19,0.0025977165165408742,4.1817952142587846e-10,2.1766550099950928e-07,0.9974020653990997,3
2010-10-20,0.0034605713016725597,2.2377562565473616e-09,1.20661448860354e-07,0.9965393057990015,3
2010-10-21,0.00225101670037301,4.8078519212310514e-08,1.787595225102632e-07,0.9977487564617656,3
2010-10-22,0.005906289253381991,1.7822551997087215e-07,7.465714749646543e-07,0.9940927859496165,3
2010-10-25,0.05336400250794167,6.624777500192611e-09,3.868190208639612e-06,0.946632122677288,3
2010-10-26,0.18011021886889678,1.8392188470229044e-09,1.1217142565056333e-05,0.8198785621484272,3
2010-10-27,0.4116272248875372,2.6746928733147657e-10,2.21672646443067e-05,0.5883506075807823,3
2010-10-28,0.6483255268656112,7.43364125932524e-11,2.9815224948532646e-05,0.35164465783521914,3
2010-10-29,0.7786475508425221,2.2848631280354795e-11,3.200612878951256e-05,0.22132044300550985,3
2010-11-01,0.8236827232614153,2.305470462883901e-12,2.669175462847981e-05,0.176290584981009,3
2010-11-02,0.7930974154236002,2.1652871447299793e-12,9.588325113999851e-06,0.2068929962485656,3
2010-11-03,0.24466233464422774,3.344720769171401e-09,6.563308530870157e-06,0.7553310987018945,3
2010-11-04,0.09254087943172418,5.018241646842578e-09,9.848614317450504e-07,0.9074581306882699,3
2010-11-05,0.00471614140908771,6.045543391593293e-07,3.435380925462479e-08,0.9952832196828033,3
2010-11-08,0.00023294951349190894,1.0751070026290379e-06,4.371342568684073e-09,0.9997659710084803,3
2010-11-09,0.00013726880977521944,1.1565384947654852e-07,4.545801518586054e-09,0.99986261099002,3
2010-11-10,0.00028950704459963637,3.476651586070063e-07,3.4818650826315444e-08,0.9997101104710749,3
2010-11-11,0.0029000701057445848,4.102418233737938e-07,5.26622638701062e-07,0.9970989930291169,3
2010-11-12,0.05445200126294668,6.718659114243321e-10,5.3091770251432035e-06,0.9455426888880919,3
2010-11-15,0.13891753041750832,2.4857444416405685e-09,9.120638891381042e-06,0.8610733464571122,3
2010-11-16,0.3143953775046539,3.1978222208225155e-13,2.0504666901022774e-05,0.6855841178286903,3
2010-11-17,0.30167905927039346,1.2561134055903498e-11,3.9003912392473565e-06,0.6983170403261164,3
2010-11-18,0.10580768476981134,9.09122240847999e-09,4.77173433465151e-06,0.8941875344041742,3
2010-11-19,0.027697845273886596,1.2832443010295607e-06,6.1838240624222055e-06,0.9722946876583286,3
2010-11-22,0.03498283517877588,6.066828972488205e-07,7.5489098833526395e-06,0.9650090092284549,3
2010-11-23,0.27889920750726477,1.8049530863283024e-10,3.566961302038568e-05,0.7210651226989132,3
2010-11-24,0.6671917288286906,5.0529181874789895e-11,7.193390122123148e-05,0.33273633721875595,0
2010-11-26,0.9652510661630317,2.8494097453650065e-14,4.159021593311106e-05,0.034707343620580255,0
2010-11-29,0.9933533786726891,7.858723150978488e-15,3.765711617109421e-05,0.006608964210426624,0
2010-11-30,0.9998048261699993,3.4416341591616615e-18,3.365902823729875e-05,0.00016151480141067691,0
2010-12-01,0.9964097503563499,5.0757094242007706e-17,4.11066834973138e-05,0.0035491429601386473,0
2010-12-02,0.4177047083604203,1.4943306818339025e-11,1.4252288876082224e-06,0.5822938663960388,3
2010-12-03,0.014494879605036277,9.106124246623471e-07,8.279327950313487e-08,0.9855041269890781,3
2010-12-06,0.0004520217152424021,2.1340281874059415e-06,3.354499047362201e-09,0.9995458409023243,3
2010-12-07,5.063998818196018e-05,2.055527262442514e-06,3.1757432581546815e-10,0.9999473041667839,3
2010-12-08,3.554587477037019e-05,2.823083362043097e-06,1.5357856387273534e-10,0.9999616308881423,3
2010-12-09,2.2066414604271324e-05,9.797469217244333e-06,2.2827198187251867e-10,0.9999681358878577,3
2010-12-10,3.622149545512888e-05,2.804789712947458e-06,1.8086525369697156e-10,0.9999609735344489,3
2010-12-13,2.3861061029454044e-05,6.891857252084642e-06,1.565702383417516e-10,0.9999692469245411,3
2010-12-14,2.6082325336774568e-05,5.472289934804059e-06,1.8233246588239753e-10,0.9999684452026543,3
2010-12-15,3.0227117470429953e-05,3.0539279933983265e-06,2.0793561717474506e-10,0.9999667187466421,3
2010-12-16,2.913367470056789e-05,5.949081699001358e-06,5.7258620127693573e-11,0.9999649171865325,3
2010-12-17,7.761268638108975e-06,0.0002432260924870565,7.11886646771955e-11,0.9997490125674573,3
2010-12-20,9.875180594144578e-06,0.00012143464651096933,7.994988507783066e-11,0.9998686900925168,3
2010-12-21,1.2588735930435419e-05,9.32540353070233e-05,3.9897919221263027e-11,0.9998941571895414,3
2010-12-22,5.650362887410479e-06,0.0008493093132350669,9.004923295428331e-11,0.9991450402345528,3
2010-12-23,9.317444696797729e-06,0.0002053625327329619,1.8078683711322594e-10,0.999785319842464,3
2010-12-27,2.6806856565572236e-05,5.824332456883695e-06,1.4164752253217257e-10,0.9999673686701451,3
2010-12-28,2.3608998351760103e-05,7.074274207828022e-06,1.1378155337556223e-10,0.9999693166133414,3
2010-12-29,1.910389683864181e-05,1.2788287132678999e-05,1.2707521450281438e-10,0.9999681076889639,3
2010-12-30,2.1739064827655024e-05,8.376441487983598e-06,1.755963018370031e-10,0.9999698843172277,3
2010-12-31,2.916776309581597e-05,4.158244975964923e-06,3.814364514202713e-10,0.9999666736099233,3
2011-01-03,6.258462867002252e-05,9.16736349521942e-07,2.660998930823687e-10,0.999936498369571,3
2011-01-04,1.9785811310910958e-05,1.187832638483994e-05,1.1531820300844617e-10,0.9999683357466079,3
2011-01-05,1.87748029509922e-05,1.5003205241836305e-05,1.2315413407219788e-10,0.9999662218681485,3
2011-01-06,1.8999829296297376e-05,1.2057990083492102e-05,9.317550213337879e-11,0.9999689420877095,3
2011-01-07,1.5412159511234764e-05,2.265244927427401e-05,1.3160402323177988e-10,0.9999619352589205,3
2011-01-10,2.1916375355893294e-05,8.152887684542215e-06,9.177402554767423e-11,0.9999699306454937,3
2011-01-11,1.5425305010755353e-05,2.6040784122177028e-05,8.026616194364093e-11,0.99995853383125,3
2011-01-12,1.3041087947927643e-05,5.72038670380115e-05,7.797990933931708e-11,0.9999297549664541,3
2011-01-13,8.74474680731317e-06,0.00022214940516637597,4.768737314963594e-11,0.9997691058007753,3
2011-01-14,6.791344592057485e-06,0.0005860274922960462,7.067753460920072e-11,0.9994071810919346,3
2011-01-18,6.731267771570763e-06,0.0005273546477772901,1.4964761506946218e-10,0.9994659139343308,3
2011-01-19,1.886815203725902e-05,2.038692964820409e-05,4.1332667081367514e-10,0.999960744505363,3
2011-01-20,3.57711294959935e-05,2.3915836643671864e-06,4.755283988691553e-10,0.9999618368116905,3
2011-01-21,7.367458807545637e-05,4.5333399936844493e-07,3.25668779199191e-10,0.9999258717517077,3
2011-01-24,3.882889644426787e-05,2.570884512353166e-06,1.9384384289246223e-10,0.9999586000251696,3
2011-01-25,2.4796190885832102e-05,6.379574289833333e-06,7.831404604970859e-11,0.9999688241572012,3
2011-01-26,1.292483594032697e-05,4.9808021506544546e-05,1.0553286490202131e-10,0.9999372670368876,3
2011-01-27,1.191586722010058e-05,0.00018008368506675413,4.161955889792322e-09,0.9998079962857237,3
2011-01-28,0.0005622589916553638,2.28079426762071e-09,4.062593875188898e-08,0.9994376981020325,3
2011-01-31,0.0007276000172564475,9.175924907219498e-09,6.069716442385901e-09,0.9992723847364388,3
2011-02-01,0.00020553471267567827,1.8387089750770802e-07,9.27534581061885e-10,0.9997942804885878,3
2011-02-02,1.9793326466116878e-05,1.6396416904159815e-05,8.816144732330274e-11,0.999963810169024,3
2011-02-03,1.2152220271201954e-05,6.308442669009947e-05,4.4512807588365455e-11,0.9999247633077919,3
2011-02-04,7.281925664900964e-06,0.0003096948327792186,8.112224863005677e-11,0.99968302316121,3
2011-02-07,1.0850396656568042e-05,0.00014010326223936803,5.189850786599184e-11,0.9998490462899635,3
2011-02-08,7.084229676075211e-06,0.0005387978322165061,5.1482087525699984e-11,0.9994541178874735,3
2011-02-09,6.428591179292841e-06,0.0008708432953829474,7.020845540393544e-11,0.99912272804343,3
2011-02-10,7.481858987435829e-06,0.0005582442560715416,5.0246226620421145e-11,0.9994342738351293,3
2011-02-11,6.996532575491575e-06,0.0005818249325070069,6.223983847060198e-11,0.9994111784718632,3
2011-02-14,7.199381699044593e-06,0.00045808735870937983,6.441714948573486e-11,0.9995347131958282,3
2011-02-15,8.605221925237547e-06,0.0002243186560702045,1.1928300898455832e-10,0.9997670760029522,3
2011-02-16,1.5579031049418615e-05,3.258777276255001e-05,1.656708198178187e-10,0.9999518330309963,3
2011-02-17,1.6516456732336544e-05,6.218746634891572e-05,6.703796679623094e-09,0.9999212893727558,3
2011-02-18,0.0005236485383421608,9.212951630442844e-05,4.983728855542219e-07,0.9993837235717657,3
2011-02-22,0.06369369628661282,8.943613679091344e-11,1.377470954807386e-05,0.9362925289143014,3
2011-02-23,0.12409522569541763,5.431894277332433e-12,4.453382417331864e-06,0.8759003209168393,3
2011-02-24,0.10917584158425515,7.992398561594319e-11,1.6351555664591804e-06,0.8908225231802995,3
2011-02-25,0.041432401525309075,1.1024885669396371e-08,1.5949995685092026e-06,0.9585659924510582,3
2011-02-28,0.015592357574766106,3.8439674618447994e-07,2.2950399604869793e-06,0.984404962989306,3
2011-03-01,0.022791476210288753,1.1937277834633218e-10,2.3080731164997616e-06,0.9772062155974397,3
2011-03-02,0.02631179355383473,5.597369812612474e-10,1.1873806912720062e-06,0.973687018506075,3
2011-03-03,0.023901868669894487,1.0523705017755689e-08,4.255240340389657e-06,0.9760938655656365,3
2011-03-04,0.028153038233583928,1.100968302549291e-07,4.839256823076149e-06,0.9718420124131462,3
2011-03-07,0.12203085152500044,6.413324096159324e-10,9.313297462777385e-06,0.8779598345369958,3
2011-03-08,0.2585927707769314,1.662150216996709e-09,1.9690697273807865e-05,0.7413875368641146,3
2011-03-09,0.4345179056659091,7.105695824980034e-10,2.9491176304216854e-05,0.5654526024465184,3
2011-03-10,0.7946019271885452,4.52654836257576e-13,9.21074234321801e-05,0.20530596538825005,0
2011-03-11,0.8673706848115099,9.672532935879496e-11,5.741185211186428e-05,0.13257190323913617,0
2011-03-14,0.9482291465716425,7.787023529076592e-14,5.070558152769894e-05,0.05172014784682895,0
2011-03-15,0.9998498570897276,5.290840563292082e-22,7.881948884521762e-05,7.132342202659623e-05,0
2011-03-16,0.9992947741612507,1.526364083711611e-41,0.0007052258367370616,1.4158421588743242e-12,0
2011-03-17,0.9997564878583972,3.372459898263042e-41,0.00024351205913468706,8.313156240691961e-11,0
2011-03-18,0.9999456937524712,3.8595521457730483e-28,4.3120062962323595e-05,1.11861845084462e-05,0
2011-03-21,0.9264152899049634,5.645437984229925e-16,2.0393879459117313e-05,0.07356431621526685,0
2011-03-22,0.3034430401068294,2.853247593348356e-10,2.6284058350803243e-06,0.6965543312028887,3
2011-03-23,0.041709898583517736,3.978355434937021e-08,2.3162768285350147e-07,0.9582898300046684,3
2011-03-24,0.002638384023636964,4.891234261997463e-07,1.8979420482291573e-08,0.9973611078743542,3
2011-03-25,0.00013993063649796528,1.90101318391299e-06,4.286064890603574e-09,0.9998581640636272,3
2011-03-28,0.00020374309068049414,4.056143613873358e-08,1.1503887623490908e-09,0.999796215196963,3
2011-03-29,8.589079862129944e-05,5.258693081928639e-07,5.12850065725254e-10,0.9999135828200214,3
2011-03-30,4.505893170093794e-05,1.8900785390230189e-06,2.3311417206751545e-10,0.9999530507573826,3
2011-03-31,2.69767359631054e-05,4.741337704257082e-06,1.6980996132007152e-10,0.9999682817570754,3
2011-04-01,2.7027459618735805e-05,5.703225890922585e-06,1.5351416466735083e-10,0.999967269160125,3
2011-04-04,2.2718418233612827e-05,7.761327770768752e-06,1.0441435035610748e-10,0.999969520150212,3
2011-04-05,1.764735997480066e-05,1.5659585572872425e-05,8.358617758819177e-11,0.9999666929706015,3
2011-04-06,1.4352232043657674e-05,3.0068513765962456e-05,9.011785927067768e-11,0.9999555791644672,3
2011-04-07,1.5159307816369533e-05,2.433385919433824e-05,1.659452663436526e-10,0.9999605066673116,3
2011-04-08,2.798809283278475e-05,4.050842776756647e-06,6.773379279881563e-11,0.9999679609957959,3
2011-04-11,1.0100065787987278e-05,9.285526037810523e-05,1.032501590283477e-10,0.999897044570128,3
2011-04-12,1.4758621329472115e-05,3.008720474379715e-05,1.2131229716870066e-10,0.9999551540528768,3
2011-04-13,1.3393852580869555e-05,4.6145195645977784e-05,4.879337182048761e-11,0.9999404609033344,3
2011-04-14,8.302379671338205e-06,0.0003321118919759472,3.7673266839911416e-11,0.9996595856911978,3
2011-04-15,5.396612812493655e-06,0.0010968933831451717,1.5486286942885333e-10,0.9988977098496851,3
2011-04-18,1.5075036526093602e-05,0.00010861571680130583,1.1171835019067466e-10,0.999876309134965,3
2011-04-19,7.760791067188895e-06,0.00076214041202477,7.23043263204469e-11,0.9992300987250908,3
2011-04-20,8.671852717265825e-06,0.0026840823852452796,8.838485214856403e-11,0.9973072456733526,3
2011-04-21,4.237332393701375e-06,0.011921654451873806,9.93265017880227e-11,0.9880741081170288,3
2011-04-25,5.982811612323421e-06,0.011040598633854743,7.457803524447117e-11,0.988953418480643,3
2011-04-26,8.069237763634097e-06,0.0115973125220638,6.001195814274145e-11,0.9883946181797543,3
2011-04-27,5.693569190961436e-06,0.025770900537596782,4.0187055425117125e-11,0.9742234058521202,3
2011-04-28,3.779683687413212e-06,0.04842242536176001,6.927997153498292e-11,0.9515737948844587,3
2011-04-29,3.866210935598072e-06,0.04545714948740379,1.0614697360334907e-10,0.9545389841953059,3
2011-05-02,6.538463952062961e-06,0.013305502026902541,8.495244185318793e-11,0.986687959423442,3
2011-05-03,1.0538414210623815e-05,0.001015971616886043,1.0208255245308252e-10,0.9989734898673409,3
2011-05-04,1.4688493975072253e-05,5.663218724872325e-05,3.3827067206837613e-10,0.9999286789812405,3
2011-05-05,4.0288018097519236e-05,1.4085968477096114e-06,7.453042459541573e-10,0.9999583026400345,3
2011-05-06,7.46587981711153e-05,4.650790503412262e-07,1.8923418741833814e-10,0.9999248759329669,3
2011-05-09,2.1433884647431698e-05,1.249488256574332e-05,6.455646574488748e-11,0.9999660711681593,3
2011-05-10,9.614807890703319e-06,0.00012404352547565052,1.3715109234222064e-10,0.9998663415299557,3
2011-05-11,1.5135537103621315e-05,3.9598842041241796e-05,1.2580098230295266e-10,0.9999452654947663,3
2011-05-12,8.524156005117495e-06,0.00016929307070519243,1.1485957592541559e-10,0.9998221826579483,3
2011-05-13,1.4951854819907343e-05,3.2032935086872755e-05,3.732195299507859e-10,0.9999530148376671,3
2011-05-16,3.970809830731684e-05,1.380603277480049e-06,1.8665563899689122e-10,0.9999589111122772,3
2011-05-17,2.3287772593750053e-05,7.710860323986299e-06,7.662939063731797e-11,0.9999690012903395,3
2011-05-18,1.2766297045988146e-05,8.66919321024588e-05,5.1934756816459487e-11,0.9999005417180502,3
2011-05-19,5.711408789661921e-06,0.0007630044858442775,1.8312121169571382e-10,0.9992312839228453,3
2011-05-20,1.9457748191455812e-05,1.988379974901778e-05,3.837445510283285e-10,0.9999606580685645,3
2011-05-23,4.489352712960756e-05,8.885184598485594e-07,4.221989677208879e-10,0.9999542175322333,3
2011-05-24,2.99541600021884e-05,3.661696566968036e-06,1.1086205466954088e-10,0.9999663840328651,3
2011-05-25,1.7535215973681336e-05,2.036380757737054e-05,5.1295638248850614e-11,0.9999621009243639,3
2011-05-26,8.440422680584266e-06,0.00020319449120954642,5.6419563953049226e-11,0.9997883650291316,3
2011-05-27,7.848073639764371e-06,0.0002820774549093952,7.936782235761708e-11,0.9997100743927876,3
2011-05-31,9.18271422504717e-06,0.00023405745302049473,1.4174655587791827e-09,0.9997567584145016,3
2011-06-01,0.00010548944889971981,1.252513805668928e-07,5.198115007181674e-09,0.9998943801013115,3
2011-06-02,4.12147377010862e-05,1.7823490649998046e-06,2.621545057019899e-10,0.9999570026506284,3
2011-06-03,3.263453133653876e-05,2.517637883438233e-06,5.852992276246154e-10,0.9999648472452082,3
2011-06-06,5.45738111909576e-05,5.276171234186572e-07,5.260106149415274e-10,0.9999448980463456,3
2011-06-07,4.073939763687002e-05,1.846425358146807e-06,5.518285670015299e-10,0.999957413624602,3
2011-06-08,8.091815562062069e-05,2.835141886193869e-07,1.055431114662078e-09,0.9999187972746054,3
2011-06-09,0.00010030831665100272,1.4089563553378289e-06,1.582104035346469e-08,0.9998982669059396,3
2011-06-10,0.0012547130352420384,1.2592563384457198e-07,4.052493792205406e-07,0.9987447557902885,3
2011-06-13,0.0172504920262989,1.7841573215906595e-08,1.6645406847260714e-06,0.9827478255908123,3
2011-06-14,0.08579965279070507,4.494659047051165e-08,1.756046045996763e-05,0.91418274180149,3
2011-06-15,0.6051434365568097,3.895748858446073e-12,7.355488156852279e-05,0.39478300855837595,0
2011-06-16,0.8798233978881949,5.846324178088185e-14,2.8373195759379692e-05,0.12014822891599179,0
2011-06-17,0.8509102255940836,1.182904471639362e-12,1.344995422639325e-05,0.14907632444998584,0
2011-06-20,0.40043358737633755,5.00842968793864e-10,6.334533808522333e-06,0.5995600775884914,3
2011-06-21,0.10858966841044733,1.0060466596384738e-08,1.1530714914624313e-06,0.8914091684568597,3
2011-06-22,0.008350220795988945,5.391064479303275e-07,9.237732173219221e-07,0.9916483163239613,3
2011-06-23,0.005060770909771349,6.243399949885343e-08,5.285248584755813e-07,0.9949386381316466,3
2011-06-24,0.01230251891860667,1.5377047943243788e-10,7.560888050016026e-07,0.9876967248392946,3
2011-06-27,0.015033259938701575,2.6618978651034377e-10,2.783936965658118e-07,0.9849664614007889,3
2011-06-28,0.00573963848905357,7.704846016524316e-09,1.506447410221195e-08,0.9942603387418841,3
2011-06-29,0.00017394164687280778,4.376195303068614e-06,8.702117916629039e-10,0.9998216812882433,3
2011-06-30,2.0620154080791057e-05,1.9125767569999267e-05,1.8731210819640238e-10,0.9999602538905507,3
2011-07-01,1.6809685501304613e-05,3.6750395793806196e-05,1.2764404123033887e-10,0.9999464397907456,3
2011-07-05,7.2044212108745485e-06,0.0003431588993618541,7.089256711251248e-11,0.9996496366082015,3
2011-07-06,8.903342051104183e-06,0.00018225951352878237,7.714890123777947e-11,0.9998088370670613,3
2011-07-07,1.1790423024182654e-05,0.00010797568625246163,1.0699962318965181e-10,0.9998802337834584,3
2011-07-08,7.936513922831342e-06,0.0004465966034250488,1.880536846297107e-09,0.9995454650025887,3
2011-07-11,0.00010706638791688425,3.5487550702096165e-07,2.9686170812554236e-08,0.99989254905065,3
2011-07-12,0.0006957937324873623,1.1379499260341991e-08,3.441411064915236e-08,0.9993041604732478,3
2011-07-13,0.0018907852730250241,5.96099309967198e-09,8.289385274489388e-08,0.9981091258714418,3
2011-07-14,0.0034036170057495036,5.784431988319285e-10,1.087398218957821e-07,0.9965962736756283,3
2011-07-15,0.0029733174003968525,1.329687756890179e-08,1.6062786334401418e-07,0.9970265086740201,3
2011-07-18,0.004690739645329866,3.3503715626994884e-10,1.471518336724603e-07,0.9953091128674684,3
2011-07-19,0.003659658686581037,2.533895588471434e-09,4.6821957318292784e-08,0.9963402919567663,3
2011-07-20,0.0005067174517384802,1.0174583711677235e-07,5.712139428971078e-09,0.9994931750901083,3
2011-07-21,0.0001620466757670724,5.706507434293065e-07,2.3552635880005146e-08,0.9998373591204185,3
2011-07-22,0.0007053022777761984,6.6276274334876705e-06,2.4226585835511244e-07,0.9992878278286903,3
2011-07-25,0.033311231664563346,3.8365689800909605e-08,4.159654468059157e-06,0.9666845703147542,3
2011-07-26,0.31370107345507475,8.513792970092199e-11,2.368569626719882e-05,0.6862752407639162,3
2011-07-27,0.9810476775775748,7.760103702473804e-18,0.00010137846320356173,0.018850943959368233,0
2011-07-28,0.9999133055809223,4.814786570304786e-21,3.528095185986885e-05,5.141346797026907e-05,0
2011-07-29,0.9999419234485099,1.50506540981331e-27,5.7968910207428984e-05,1.0764072896563124e-07,0
2011-08-01,0.999658250530136,5.457147198993172e-26,0.0003376601171755662,4.0893532943037455e-06,0
2011-08-02,0.9920985798990487,1.6838766857278177e-28,0.007900728608297365,6.914927306519745e-07,0
2011-08-03,0.9544470088669211,2.1138297792801147e-25,0.04555051389752214,2.4772351076286536e-06,0
2011-08-04,0.004396771745553885,7.929450792557547e-60,0.9956032282545103,2.436511621753399e-18,2
2011-08-05,0.0004584967803986715,2.6771394968806925e-67,0.9995415032195694,9.491430964299187e-22,2
2011-08-08,5.505786279032247e-22,2.81164730653875e-187,1.0,4.296526168805032e-75,2
2011-08-09,4.553528405600504e-11,2.04865453230367e-132,0.9999999999545253,8.205827368652741e-63,2
2011-08-10,1.8749212082004864e-14,1.8135170561326163e-151,1.0,1.0319162460653682e-60,2
2011-08-11,6.771244721781285e-15,5.557827002132251e-150,1.0,1.9662155161457203e-69,2
2011-08-12,3.838115476459603e-08,1.0136000911817523e-111,0.9999999616193244,7.883459731430349e-47,2
2011-08-15,6.6929394917743085e-06,5.951073514732921e-86,0.9999933070599825,7.575056680931265e-31,2
2011-08-16,3.955299947609362e-05,8.875845171288722e-81,0.9999604470013606,1.7332616075808143e-25,2
2011-08-17,0.00011838656893534666,1.0421155300040536e-72,0.9998816134317572,5.0597483202994497e-23,2
2011-08-18,4.6378467303043635e-14,2.2992350351361773e-138,1.0,4.314895555966119e-53,2
2011-08-19,3.19015137882477e-14,2.3448818829669374e-152,1.0,1.571821108617686e-66,2
2011-08-22,3.909879840989084e-14,8.083392358569883e-151,1.0,2.257007658899855e-67,2
2011-08-23,1.6602089634024918e-10,2.7947209855795708e-123,0.999999999834472,4.336084018382449e-54,2
2011-08-24,3.117707384923445e-08,4.166096573638958e-107,0.9999999688225221,8.639139388530798e-43,2
2011-08-25,1.3815583859710814e-10,4.136778143101055e-123,0.9999999998617568,5.109006608339157e-48,2
2011-08-26,4.0990187597814316e-08,4.302313891296795e-106,0.9999999590090747,2.1822426094208328e-42,2
2011-08-29,1.0340148468004794e-06,4.8565185228997585e-91,0.9999989659850942,1.0698229472611312e-33,2
2011-08-30,2.0161005475948602e-05,1.811504244053647e-83,0.9999798389939861,5.450715146840722e-28,2
2011-08-31,9.538018512897194e-05,5.690694281682604e-76,0.9999046198151113,5.877964396555461e-24,2
2011-09-01,0.00014078817505526196,5.801640357270205e-71,0.9998592118244264,8.702128573990652e-22,2
2011-09-02,6.537168636078378e-06,1.2024928759774336e-79,0.9999934628317475,6.434632319984179e-26,2
2011-09-06,3.414163115491766e-08,4.1685672407041346e-101,0.9999999658575695,1.4469581493169778e-37,2
2011-09-07,1.6141420115254095e-07,3.416891813784592e-97,0.9999998385865313,5.032634377168583e-37,2
2011-09-08,4.175646267072008e-06,5.5335100189740805e-90,0.9999958243530142,7.31316686950287e-31,2
2011-09-09,1.976542933886404e-09,3.9261970614607146e-113,0.9999999980227585,1.3876222388846114e-40,2
2011-09-12,2.696720295403557e-10,7.5808141416920275e-121,0.9999999997307896,2.500475320877317e-49,2
2011-09-13,7.58642761552116e-09,1.1740592177956362e-111,0.9999999924129952,6.664761853106952e-45,2
2011-09-14,3.30953867226322e-07,5.2317883090733846e-98,0.9999996690458467,3.5010795220652444e-37,2
2011-09-15,1.4309882650129243e-05,1.2990074946599317e-83,0.9999856901182066,5.326341408743694e-29,2
2011-09-16,0.0001744259936597326,9.768527119790906e-74,0.9998255740064914,8.568526834441017e-23,2
2011-09-19,5.036820008863298e-05,3.084916999075531e-74,0.9999496318002938,8.236673087623651e-24,2
2011-09-20,2.641410776296934e-05,7.802140954963767e-77,0.9999735858924161,1.1759485926982922e-25,2
2011-09-21,1.8240211154674322e-08,8.398983588092745e-103,0.9999999817591744,6.643585841593748e-36,2
2011-09-22,2.8916060679935017e-12,9.649834242986331e-135,0.999999999996362,2.175323040037156e-52,2
2011-09-23,4.2650606628144856e-13,7.576900080765191e-142,1.0,4.766999982532261e-62,2
2011-09-26,4.492353048390928e-12,3.2646694967875898e-134,0.999999999996362,2.6803779356547397e-59,2
2011-09-27,1.097160240511515e-09,5.125103456940821e-119,0.9999999989031494,8.596807124185484e-50,2
2011-09-28,6.76552198807539e-12,2.128535329773957e-133,0.999999999992724,1.2775227054286268e-53,2
2011-09-29,1.27700023409718e-10,2.3843324889169496e-125,0.9999999998726707,5.546023584597358e-53,2
2011-09-30,5.555469925055082e-14,6.958184417674446e-148,1.0,2.684419282350454e-61,2
2011-10-03,4.498138084655773e-17,1.4726221964148242e-170,1.0,1.2054799721769606e-74,2
2011-10-04,5.200538891541868e-14,1.6025116670331225e-150,1.0,4.072144182034141e-70,2
2011-10-05,2.479233261034965e-10,1.92470854285792e-124,0.9999999997526174,4.8211779064960454e-54,2
2011-10-06,6.134145483804064e-09,3.159331638783957e-111,0.9999999938663677,3.416373911277334e-45,2
2011-10-07,1.6011611673415035e-07,3.709082317023813e-102,0.9999998398834705,5.376327217716538e-38,2
2011-10-10,8.596392440898686e-08,1.6110450384576663e-97,0.9999999140363834,5.2274491142171514e-37,2
2011-10-11,2.5883033086113215e-05,5.272170939059235e-84,0.9999741169670461,1.110095520306655e-28,2
2011-10-12,0.0001608067764151466,1.556833904552602e-75,0.999839193223634,1.1755480307452494e-23,2
2011-10-13,0.0008490169742953777,4.3297088385830235e-66,0.9991509830259272,7.273279406164478e-20,2
2011-10-14,0.0012069365449011043,7.508421989428609e-57,0.9987930634542389,1.8901480721042735e-17,2
2011-10-17,3.928905949886053e-05,4.0533122679267786e-72,0.9999607109408697,6.990453573305213e-24,2
2011-10-18,1.3017917302474594e-05,1.0288923943800128e-76,0.9999869820832517,1.0325532594511141e-26,2
2011-10-19,3.6490327807420496e-06,8.216241804657546e-87,0.9999963509665761,4.5384396874567723e-29,2
2011-10-20,7.989345025896458e-07,2.7118513386229896e-93,0.9999992010656124,4.393191191356624e-33,2
2011-10-21,4.895957650804191e-05,2.227755583198076e-80,0.9999510404230294,4.0559158537046515e-27,2
2011-10-24,0.0009643916729856767,1.237411572352286e-66,0.9990356083272456,9.826895394470647e-20,2
2011-10-25,0.0010738962511110423,6.038793128874306e-68,0.9989261037480002,1.6924935665713575e-20,2
2011-10-26,0.007736206195068415,1.3332776550257175e-61,0.9922637938056291,6.358691288366093e-19,2
2011-10-27,0.021038015841416423,7.763797403848484e-52,0.9789619841582861,1.1167390087524182e-14,2
2011-10-28,0.047752991839935865,8.131032979379972e-36,0.9522470020805955,6.079144936178515e-09,2
2011-10-31,0.018013829771815374,1.1417780875683524e-48,0.9819861702287412,5.728627995440905e-15,2
2011-11-01,3.359470436049152e-05,1.3491975808560018e-77,0.9999664052961367,6.293090568009615e-26,2
2011-11-02,6.526565793871487e-06,6.467717939686466e-83,0.9999934734345675,9.85225918799846e-29,2
2011-11-03,0.000298600971077552,5.608129117650248e-75,0.9997013990281494,5.3723157108647766e-24,2
2011-11-04,0.003149329437500761,9.437658882144114e-64,0.9968506705618339,3.3553162547653685e-18,2
2011-11-07,0.004690253045459413,1.8794745481869513e-58,0.9953097469547935,5.738670375564891e-18,2
2011-11-08,0.006177467831332983,1.4828501023426815e-50,0.9938225321684359,1.3400677342870153e-14,2
2011-11-09,6.377320932655715e-07,1.7281768399498895e-86,0.9999993622679755,3.8310139837448984e-30,2
2011-11-10,1.2882394471982046e-05,1.245345676816852e-84,0.9999871176053021,4.237287329436123e-29,2
2011-11-11,0.00013722386248830415,1.5032684087392072e-73,0.999862776137036,3.285647015420299e-23,2
2011-11-14,0.00036423222947049516,4.0439815778458616e-67,0.9996357677711183,2.7078462731331042e-20,2
2011-11-15,0.00018878575564594484,1.3469368983633997e-66,0.9998112142437071,8.435562971179095e-22,2
2011-11-16,1.727175016588471e-05,5.4224911052598265e-77,0.9999827282499621,3.7503401210369996e-25,2
2011-11-17,3.614526208005556e-06,1.6451902489483355e-85,0.9999963854744988,9.746269194030227e-29,2
2011-11-18,7.618278497523132e-05,1.5401457811470663e-77,0.9999238172157165,7.6133192201208145e-25,2
2011-11-21,3.592068828012181e-05,4.694223269889518e-77,0.9999640793115437,6.3808817448429515e-24,2
2011-11-22,9.578129223098494e-05,3.219553891691101e-72,0.9999042187080819,2.6287769616344374e-23,2
2011-11-23,6.813860622093241e-06,3.7232187015391736e-81,0.9999931861398405,2.4574484409217975e-26,2
2011-11-25,2.37288564272393e-06,1.1891829420793002e-87,0.9999976271147675,1.102315273595104e-30,2
2011-11-28,6.580052654995421e-06,3.7795756172809973e-88,0.9999934199475347,4.5958951919475375e-31,2
2011-11-29,0.004108457885906356,1.8045689140499405e-71,0.9958915421136476,1.6957339514744233e-21,2
2011-11-30,0.013108510822650476,6.631600649833112e-67,0.9868914891765722,2.0288433953645755e-20,2
2011-12-01,0.8640206968250876,2.3595410148825463e-50,0.1359793031740889,1.2205722194016852e-12,0
2011-12-02,0.9750660535603223,3.942546335408165e-43,0.024933946398775858,4.1132803115877315e-11,0
2011-12-05,0.9909841856610699,1.7372314979256367e-44,0.009015814337289554,1.3333628681671946e-12,0
2011-12-06,0.9963382805162728,2.116134258071929e-45,0.0036617194784744145,4.628822952665733e-12,0
2011-12-07,0.9967738777832165,6.026832127253669e-47,0.0032261222165594367,5.721773402023908e-13,0
2011-12-08,0.9954252192576083,2.9424194116056096e-54,0.004574780741703875,2.297620272929598e-14,0
2011-12-09,0.9988308712259659,2.7074774141338094e-44,0.0011691287440328821,2.961076157661628e-11,0
2011-12-12,0.9998415667441182,3.1409232218877554e-35,0.00015836184333802405,7.141321432892854e-08,0
2011-12-13,0.9999441572803585,5.296539402945442e-31,5.575697369655344e-05,8.574601395947612e-08,0
2011-12-14,0.9999351189347419,8.132826372909073e-33,6.48608171445216e-05,2.024820254337371e-08,0
2011-12-15,0.9999547315807013,1.5134170177390504e-31,4.523277510360396e-05,3.5643481666897595e-08,0
2011-12-16,0.9999624414117817,6.859489978874122e-29,3.723934468643718e-05,3.1924402992601935e-07,0
2011-12-19,0.999935040515924,6.55156477488513e-29,6.456751904659154e-05,3.919649258211666e-07,0
2011-12-20,0.9996692619968114,6.661325182996997e-30,0.00033072973666351034,8.26577900223667e-09,0
2011-12-21,0.9996876754121382,1.1100527283991297e-20,5.0956970167363165e-05,0.00026136761793619677,0
2011-12-22,0.9997117397817098,4.0225752252309376e-16,4.524584375124239e-05,0.00024301437491259,0
2011-12-23,0.9995500996007323,7.958654518332173e-16,5.048845104669363e-05,0.00039941194838270854,0
2011-12-27,0.9998209605897382,5.662276251862126e-18,3.5076415782896415e-05,0.00014396299468591564,0
2011-12-28,0.9999428144909601,3.040567851576194e-22,4.545715558591167e-05,1.1728353629171749e-05,0
2011-12-29,0.9999541176961189,8.037275945789829e-23,4.135640482589741e-05,4.525899714625305e-06,0
2011-12-30,0.9999594829082731,1.161236497303394e-23,3.297894853490581e-05,7.538142766267864e-06,0
2012-01-03,0.9999422281170431,4.403392890579043e-24,5.6964443350997176e-05,8.07439185351735e-07,0
2012-01-04,0.9998830408648589,6.057988803719783e-20,3.334421560969248e-05,8.361491917743937e-05,0
2012-01-05,0.9994108000140582,6.244427394638681e-16,3.745911833973854e-05,0.0005517408682739621,0
2012-01-06,0.9972961380087543,1.4387005660070358e-13,5.1401870220220954e-05,0.002652460120851896,0
2012-01-09,0.9980999141259133,8.131577714354138e-14,4.232995632954669e-05,0.0018577559171482863,0
2012-01-10,0.9979851203989343,1.1437333679050636e-13,5.09411521844304e-05,0.0019639384493120647,0
2012-01-11,0.9961014721105114,2.185788251312062e-13,4.287445966121895e-05,0.0038556534288496135,0
2012-01-12,0.992425035280218,2.5473777537625436e-12,5.0493899241276486e-05,0.00752447081767346,0
2012-01-13,0.9910135167140515,1.619511702611764e-12,5.022376091744368e-05,0.008936259523772198,0
2012-01-17,0.9909065300034688,1.7167230615724287e-14,2.9857072994642888e-05,0.009063612923851643,0
2012-01-18,0.9077742626186747,5.309508128761506e-13,1.5670755061855526e-05,0.09221006662500018,0
2012-01-19,0.31514117201710284,4.833630459646063e-10,8.460565072118059e-07,0.6848579814437639,3
2012-01-20,0.013533208993802398,6.26958345752072e-07,1.4839322891231627e-07,0.986466015655379,3
2012-01-23,0.0009796464908069181,3.089654880605438e-07,1.1294336838938766e-08,0.9990200332493501,3
2012-01-24,0.00018327182261228183,1.7625376638969215e-07,1.87361292791119e-09,0.999816550050747,3
2012-01-25,0.0001222187778264008,2.524256313052696e-07,9.198017129082809e-10,0.9998775278770082,3
2012-01-26,6.354452777458728e-05,5.314956675603835e-07,6.839230750076961e-10,0.9999359232927393,3
2012-01-27,7.24037901939903e-05,5.386349855668383e-07,1.6740091933408745e-09,0.9999270559013037,3
2012-01-30,0.00020854913759524717,4.5224534570007904e-08,3.2102362995297477e-09,0.9997914024268748,3
2012-01-31,0.00025653057897100714,3.566323424099411e-08,2.4845073078947107e-09,0.9997434312729169,3
2012-02-01,0.00017560443259648838,1.2369581282488193e-07,7.636020226254019e-10,0.9998242711088117,3
2012-02-02,4.3857998493324146e-05,1.9945865649706577e-06,4.0907634476430037e-10,0.9999541470059696,3
2012-02-03,5.552710998178984e-05,1.3586444298114535e-06,5.612950745043195e-10,0.9999431136849183,3
2012-02-06,2.9196192577148513e-05,4.106377137388797e-06,1.8829294439356382e-10,0.9999666972414464,3
2012-02-07,2.9455693442339867e-05,4.373720586735209e-06,3.547957873251489e-10,0.999966170230604,3
2012-02-08,5.570462804177624e-05,1.0984571833767147e-06,1.3712671786800094e-09,0.9999431955438828,3
2012-02-09,0.00017579993127156534,3.186626118873978e-07,1.2897812228949247e-08,0.9998238685081505,3
2012-02-10,0.001452210337812245,5.973761017433328e-10,2.1290964304284083e-08,0.9985477677736376,3
2012-02-13,0.0006877636387756356,4.597357385315271e-08,2.805004464202823e-08,0.9993121623375927,3
2012-02-14,0.0010141998730638646,2.7189734409833724e-08,6.109672598094398e-08,0.9989857118405556,3
2012-02-15,0.0035582086390298093,1.911284253030622e-10,5.239687050434223e-08,0.9964417387735298,3
2012-02-16,0.00155073239455437,1.103688944845753e-08,4.084182904839418e-09,0.9984492524845154,3
2012-02-17,7.52934955389163e-05,2.973981685548659e-06,6.760487073088125e-10,0.9999217318472137,3
2012-02-21,4.949575768833531e-05,1.1719859131039252e-06,2.921715827664702e-10,0.9999493319641335,3
2012-02-22,4.03248468293878e-05,1.5359401161841196e-06,1.0802538323497146e-10,0.9999581391051678,3
2012-02-23,1.507010886599126e-05,2.8533382447127626e-05,1.325528777429251e-10,0.9999563963767905,3
2012-02-24,2.054554777619832e-05,1.1239901924464766e-05,2.894020430876646e-10,0.9999682142601599,3
2012-02-27,4.9377237302000205e-05,1.1125309256227848e-06,3.1829259763154455e-10,0.9999495099141418,3
2012-02-28,4.484882881302567e-05,1.6275879096742083e-06,3.657331146956328e-10,0.9999535232178092,3
2012-02-29,5.0612403281493224e-05,7.938056297275544e-07,2.0943766140144447e-10,0.9999485935812531,3
2012-03-01,2.6198043093098797e-05,6.733843930761476e-06,1.3297973509176514e-10,0.9999670679792263,3
2012-03-02,1.781178518448233e-05,1.622732968653083e-05,5.036567427007378e-10,0.9999659603809179,3
2012-03-05,6.955454213016581e-05,2.245159115508167e-06,9.343617216525435e-09,0.9999281909558457,3
2012-03-06,0.0013400734198568925,2.0827720627340584e-10,2.6012282304309393e-08,0.998659900359853,3
2012-03-07,0.0004727851437863568,4.142285481337866e-08,2.8496109802893873e-09,0.9995271705832929,3
2012-03-08,0.000104310782365131,6.368805516895749e-07,3.1907868759149227e-10,0.9998950520179984,3
2012-03-09,1.946837901114373e-05,0.00020543505706057533,3.762353388757652e-11,0.9997750965264309,3
2012-03-12,5.6723224402774405e-06,0.01286155581534681,8.901487352942706e-11,0.9871327717724792,3
2012-03-13,9.619952160734685e-06,0.029085838606076362,1.420020519831581e-10,0.9709045412990193,3
2012-03-14,3.1959235991191783e-06,0.23053443239520024,3.244257737334545e-11,0.7694623716485973,3
2012-03-15,2.5599411573471894e-06,0.35374934237683014,1.491144767780185e-11,0.6462480976672855,3
2012-03-16,1.457372682263698e-06,0.5800558645574212,3.903042577771392e-11,0.41994267803093605,3
2012-03-19,1.7554144258336544e-06,0.6028352657063317,2.505999170663887e-11,0.3971629788541635,3
2012-03-20,2.0249858551555632e-06,0.6086431989079337,1.9119980729780502e-11,0.3913547760865539,3
2012-03-21,1.6961364980968076e-06,0.6154358768782968,3.331691384049284e-11,0.3845624269518498,3
2012-03-22,2.323487000209288e-06,0.5941098923810332,2.895705461458738e-11,0.4058877841028617,3
2012-03-23,1.6828090493872962e-06,0.5724982369372916,3.7331619499971905e-11,0.4275000802167892,3
2012-03-26,2.5945266497891225e-06,0.4880385638857831,8.632872707134534e-11,0.5119588415010016,3
2012-03-27,2.85401320219205e-06,0.4087425739601022,3.261642756361845e-11,0.5912545719941457,3
2012-03-28,3.277318837208678e-06,0.3330517512982628,4.6624556056969353e-11,0.6669449713371333,3
2012-03-29,3.5303174491420495e-06,0.2324802870339166,4.322692994978371e-11,0.767516182606062,3
2012-03-30,4.463958589775465e-06,0.11575956282788241,5.384025528916656e-11,0.8842359731600645,3
2012-04-02,6.710447716677555e-06,0.038944139258581215,5.0900328808228136e-11,0.961049150242624,3
2012-04-03,5.693856240115995e-06,0.019859786671080466,1.2363719012812337e-10,0.9801345193487391,3
2012-04-04,1.054636995511514e-05,0.002339066394451896,2.0673974157250564e-10,0.9976503870284663,3
2012-04-05,1.2209219342459837e-05,0.00020306610739484295,1.0003873263446889e-09,0.9997847236731867,3
2012-04-09,0.00014151869993254864,2.432197870236717e-07,1.869369938148358e-08,0.9998582193858006,3
2012-04-10,0.001182025376417263,7.340132766952006e-10,9.772461651703446e-08,0.9988178761650135,3
2012-04-11,0.0016668891438504278,2.133732094738193e-09,5.8024999457658256e-09,0.9983331029192019,3
2012-04-12,0.0001435112919996535,1.333549236395715e-06,8.683633071827984e-09,0.999855146474501,3
2012-04-13,0.00023742612747611812,2.0139353487334208e-08,8.418996395880258e-09,0.99976254531497,3
2012-04-16,0.0003438318103360447,2.5693176482424744e-08,6.4141708240961594e-09,0.9996561360816025,3
2012-04-17,0.0004129415273025986,2.8280834584205586e-08,3.80939595971826e-09,0.9995870263820881,3
2012-04-18,8.453083098976698e-05,4.325215112942634e-07,5.135143373213862e-10,0.9999150361334926,3
2012-04-19,4.7521392615879106e-05,9.6280026999261e-07,2.084042485487413e-10,0.9999515155981255,3
2012-04-20,2.395113712835734e-05,8.227627299790352e-06,5.375945115738562e-10,0.9999678206980102,3
2012-04-23,8.908622448691749e-05,1.5810515300770117e-07,6.442674945845866e-10,0.9999107550255592,3
2012-04-24,5.4677796176562455e-05,1.070080472643834e-06,2.913232608831156e-10,0.9999442518316088,3
2012-04-25,3.6537624162014465e-05,3.8830009951400665e-06,1.7547017406303695e-10,0.9999595791998561,3
2012-04-26,1.1132201718497875e-05,8.164486518348633e-05,7.244976528104288e-11,0.9999072228605378,3
2012-04-27,9.262104088175001e-06,0.00012563290106379707,9.743264917603983e-11,0.999865104897831,3
2012-04-30,1.4903534370776122e-05,2.741865889850406e-05,8.854658778485909e-11,0.9999576777179181,3
2012-05-01,1.355827602587034e-05,3.966487928322618e-05,8.474562893742049e-11,0.9999467767605491,3
2012-05-02,1.2395379403597424e-05,4.591974483165407e-05,1.5720286708882598e-10,0.9999416847182255,3
2012-05-03,2.348010501086426e-05,8.277444347523012e-06,1.2707756476721178e-09,0.9999682411803478,3
2012-05-04,0.00014538549360505455,3.8494629823909715e-08,5.664198842806941e-09,0.9998545703477648,3
2012-05-07,0.00017232558468079412,1.4583415937277584e-07,6.967995682842521e-09,0.9998275216134545,3
2012-05-08,0.0005780514051994216,1.327039144596993e-07,6.608759659333937e-08,0.9994217498029276,3
2012-05-09,0.005614626561539848,5.727400931867929e-09,4.929370280081282e-07,0.9943848747748151,3
2012-05-10,0.021083415899946764,1.2990115382615392e-07,2.6511136563522733e-06,0.9789138030844518,3
2012-05-11,0.19267195252164776,1.7038358532944237e-09,1.578957314395516e-05,0.8073122562018066,3
2012-05-14,0.8418071390657507,2.506390994812733e-13,4.847373036552081e-05,0.15814438720375276,0
2012-05-15,0.9796312168208652,1.5791672131288303e-14,3.908703647661091e-05,0.020329696142172074,0
2012-05-16,0.9985657986921634,3.756565769431225e-17,3.585740084560987e-05,0.0013983439070860359,0
2012-05-17,0.9999411221614157,3.724635660980938e-24,5.599997606346624e-05,2.8778623985300798e-06,0
2012-05-18,0.999955549741802,3.0293155494542333e-28,4.428001360496795e-05,1.7024386703091095e-07,0
2012-05-21,0.9999341620633412,1.0207165886117115e-23,5.938478284748719e-05,6.453154301713773e-06,0
2012-05-22,0.9999336411792256,1.0873710899443105e-20,3.226009186615347e-05,3.4098728967527425e-05,0
2012-05-23,0.9999209998925072,4.500107356645267e-19,3.1922305144609556e-05,4.7077801565784725e-05,0
2012-05-24,0.9997300456769623,4.0438272071971296e-17,3.629966437363161e-05,0.0002336546582574298,0
2012-05-25,0.9997268746100112,7.582976135068906e-17,3.6876150520271036e-05,0.0002362492389564663,0
2012-05-29,0.999796838643297,7.624855673548627e-18,5.113039824139047e-05,0.00015203095869843536,0
2012-05-30,0.9999440997161982,4.547771567089904e-24,5.2653154543436735e-05,3.2471301664652436e-06,0
2012-05-31,0.9999583773337225,9.399031551735517e-26,4.0344249158092594e-05,1.2784171229767713e-06,0
2012-06-01,0.9997814285848716,1.746688963227283e-34,0.0002185643550784893,7.059714454265458e-09,0
2012-06-04,0.9999284004083697,9.187872906826664e-35,7.159611257940437e-05,3.4785613231296127e-09,0
2012-06-05,0.9999516032691678,2.3359608457291376e-31,4.832413554120853e-05,7.259498513687095e-08,0
2012-06-06,0.9998824586655268,1.118061915272168e-25,0.00011663519627724254,9.061389705559703e-07,0
2012-06-07,0.9997802015417117,2.9515647389386122e-19,3.915534941541632e-05,0.00018064310872228391,0
2012-06-08,0.9997938000451205,1.0443800053513393e-17,4.354262067794662e-05,0.00016265733362391435,0
2012-06-11,0.9999424837521722,4.581734402430951e-22,4.645736627442617e-05,1.1058882278506851e-05,0
2012-06-12,0.9999421869211331,1.03672478752857e-21,4.459398458013201e-05,1.3219094376060266e-05,0
2012-06-13,0.9999591294311713,6.403044832883696e-23,3.6471255273931466e-05,4.3993129254941715e-06,0
2012-06-14,0.9971473087366504,1.3577690601508412e-17,3.833225624732313e-05,0.0028143590074012114,0
2012-06-15,0.9067071528876187,9.585966102029092e-14,2.0587988553051236e-06,0.0932907883134299,0
2012-06-18,0.04383574273949656,7.09692863997366e-08,6.628230060981065e-07,0.9561635234688314,3
2012-06-19,0.004445606036817854,1.578321219259008e-07,1.6962739129599866e-08,0.9955542191677127,3
2012-06-20,0.00011334356763641701,1.6995477558636803e-05,1.7738631953367517e-08,0.999869643216473,3
2012-06-21,0.0006346978085508254,6.104647847471882e-10,2.5314911394048588e-08,0.9993652762661518,3
2012-06-22,0.0001760609745455392,5.878016054210069e-07,1.600915409475455e-08,0.9998233352145194,3
2012-06-25,0.0009614646128639148,9.275755788176113e-10,5.741053049567102e-08,0.9990384770497209,3
2012-06-26,0.0011002688220497613,8.494575275964209e-09,2.913771507547934e-08,0.9988996935461353,3
2012-06-27,0.0010554642324476576,8.894064997463764e-09,1.9517913039458218e-08,0.9989445073559785,3
2012-06-28,0.0005556267593800696,1.7377437051823565e-08,8.986811186013475e-09,0.9994443468769774,3
2012-06-29,0.0004150358731149583,3.1668263042219455e-08,3.830855574272875e-09,0.9995849286283205,3
2012-07-02,1.773696198191972e-05,3.685484018953689e-05,1.4260162053407664e-10,0.9999454080557244,3
2012-07-03,1.4940509521540806e-05,3.0334640762927165e-05,1.3960409267813722e-10,0.9999547247106894,3
2012-07-05,1.994261067699939e-05,1.0185914721971728e-05,1.1004392124142941e-10,0.9999698713645944,3
2012-07-06,1.6016090666702337e-05,2.3783133472160606e-05,3.8764499171867004e-10,0.9999602003889243,3
2012-07-09,3.47103402661379e-05,2.5148242609955254e-06,4.326890832545383e-10,0.9999627744035391,3
2012-07-10,6.707353265301074e-05,3.2748208826130296e-07,3.9119122792775496e-10,0.9999325985933185,3
2012-07-11,3.681431345642091e-05,2.385438992101679e-06,3.0438883540124867e-10,0.9999607999423473,3
2012-07-12,4.585020714622186e-05,1.0451200783731357e-06,3.851668303380849e-10,0.9999531042877289,3
2012-07-13,4.9282143708242246e-05,1.8703606871126714e-06,3.771839167079412e-10,0.999948847119003,3
2012-07-16,1.5178779311350272e-05,2.5631257211780072e-05,8.884026700259923e-11,0.9999591898755394,3
2012-07-17,1.3905732787319795e-05,4.3516088855110066e-05,7.824578468514036e-11,0.9999425780995491,3
2012-07-18,1.0264407699237404e-05,0.00017887030509187397,4.352162362262103e-11,0.9998108652437812,3
2012-07-19,5.535158209759716e-06,0.0010113638988679464,1.1698047302044222e-10,0.9989831008254877,3
2012-07-20,1.0420873518520043e-05,0.00032249083437096906,1.6919312693611368e-09,0.9996670866000344,3
2012-07-23,9.115376519138439e-05,5.569759657426365e-07,7.993402079982939e-09,0.9999082812655689,3
2012-07-24,0.0007292675553455021,1.538157139620542e-09,8.175746157483878e-09,0.9992707227313947,3
2012-07-25,0.000294176352594846,4.7550867954087014e-08,2.4986902116061673e-09,0.9997057735974931,3
2012-07-26,0.00014655397325656343,2.4680132320857757e-07,2.828813982942536e-09,0.9998531963966444,3
2012-07-27,7.690532110771916e-05,8.255212024906959e-07,1.8563891344025335e-09,0.9999222673013733,3
2012-07-30,4.0995301436815257e-05,1.9917884298411393e-06,6.734454362869296e-10,0.9999570122362904,3
2012-07-31,9.517622413215997e-05,1.8961899729992395e-07,9.765057328629101e-10,0.9999046331797706,3
2012-08-01,0.0001019295625538731,1.692233307078596e-07,2.2970053212525933e-10,0.9998979009843966,3
2012-08-02,2.3099749080443945e-05,9.496335520203296e-06,2.2363631553082733e-10,0.9999674036918249,3
2012-08-03,2.5129585743612806e-05,0.000216915851131134,2.619594800809939e-10,0.9997579543007837,3
2012-08-06,6.6275161015016954e-06,0.020317427297419848,3.326212513679849e-11,0.9796759451527383,3
2012-08-07,4.2913715113473265e-06,0.08960673554897533,8.843949003507952e-12,0.9103889730697886,3
2012-08-08,1.1731886267938074e-06,0.4797749734169839,2.612729404307097e-12,0.52022385339188,1
2012-08-09,2.3989233798080213e-07,0.7636671828736341,7.37472541129689e-14,0.23633257723369946,1
2012-08-10,6.502848839240214e-09,0.9504020495736785,2.1961507647823804e-14,0.049597943923715825,1
2012-08-13,1.336278104528358e-09,0.9983572877469485,1.9397612336444306e-14,0.0016427109166559128,1
2012-08-14,3.0211388359081986e-10,0.9993125098692084,9.577045576364516e-16,0.0006874898287695848,1
2012-08-15,9.69866512518038e-11,0.9996577830915359,1.5330064567883113e-16,0.0003422168113227503,1
2012-08-16,2.1910525712710853e-11,0.9997051915504763,3.398130421445502e-16,0.0002948084267558275,1
2012-08-17,5.958954935518336e-11,0.9998932522348335,4.610320574121868e-15,0.00010674770623119127,1
2012-08-20,3.382480109657112e-10,0.9970066460885915,1.7018382322750784e-14,0.0029933535725008807,1
2012-08-21,1.5096826818112424e-08,0.9402683611847871,2.7453819687643255e-13,0.059731623717945395,1
2012-08-22,2.7590440858257807e-07,0.7532096126935862,5.9704852487566405e-12,0.24679011139618387,1
2012-08-23,1.8981162561624927e-06,0.3380317714181254,2.1389040361122158e-11,0.6619663304450379,3
2012-08-24,3.6743827295230393e-06,0.167769408285755,6.6204794388952e-11,0.8322269172650576,3
2012-08-27,7.186468126998004e-06,0.02380942812657818,5.3440005538649095e-11,0.9761833853520143,3
2012-08-28,9.268899385964058e-06,0.0024837470356372593,9.893809382259447e-11,0.9975069839662628,3
2012-08-29,1.5514742326005747e-05,7.969747735022301e-05,1.571400883544082e-10,0.9999047876227186,3
2012-08-30,2.7199106426604513e-05,4.193799224734782e-06,2.530559909627687e-10,0.99996860684206,3
2012-08-31,2.9502671010090343e-05,4.651007849477769e-06,2.3928149162686827e-10,0.9999658460813401,3
2012-09-04,3.461084876736736e-05,2.4100725471243885e-06,1.7771577747102375e-10,0.9999629789012878,3
2012-09-05,2.7488650491330887e-05,5.2117468639563e-06,1.84777913573134e-10,0.9999672994180238,3
2012-09-06,2.9937867680198055e-05,0.00014790231645880398,2.0664940448980567e-10,0.9998221596099949,3
2012-09-07,3.760207188482169e-06,0.021393672891703103,1.8888492350161497e-10,0.9786025667130095,3
2012-09-10,8.124080551673054e-06,0.01800730978367703,8.721616693919799e-11,0.981984566048687,3
2012-09-11,8.534896584038449e-06,0.027640449606744937,2.2960060360002625e-11,0.9723510154737326,3
2012-09-12,3.587309979058726e-06,0.15068682269630593,5.781269987431004e-12,0.8493095899873637,3
2012-09-13,7.285367153745618e-07,0.44913400705242723,2.6597340729229817e-12,0.550865264408909,3
2012-09-14,4.776449614295845e-08,0.8968501997025544,6.167883432268202e-14,0.1031497525330561,1
2012-09-17,3.0710143217789114e-09,0.9875835816350779,3.458115911543457e-15,0.01241641529448144,1
2012-09-18,1.2711751439633185e-10,0.9991763398939357,4.437605835917146e-16,0.00082365997923974,1
2012-09-19,1.293572268483977e-11,0.9999163688055921,3.195501310871474e-16,8.363118191283585e-05,1
2012-09-20,1.67716568618276e-11,0.9998856119635967,6.293793440143672e-16,0.00011438802001675078,1
2012-09-21,2.2027719413905515e-10,0.9988963127713958,1.0255899527781928e-14,0.0011036870088768802,1
2012-09-24,4.416008534224894e-09,0.9774951049951467,3.5930622842651087e-13,0.022504890588266713,1
2012-09-25,1.8037630211739065e-07,0.5944712004258369,9.501316470408808e-12,0.4055286191879402,1
2012-09-26,4.681694428555273e-06,0.15290396650067534,1.84187188364849e-11,0.8470913517862991,3
2012-09-27,4.764994672540357e-06,0.13123295746883987,8.658699877351052e-11,0.8687622774504238,3
2012-09-28,5.302364757133424e-06,0.11155183873932753,9.018370075748935e-11,0.8884428588051402,3
2012-10-01,7.823525632700788e-06,0.09839744778168774,3.101690419780238e-11,0.901594728661817,3
2012-10-02,4.82213128045642e-06,0.1344484607989027,3.403050692892448e-11,0.8655467170357862,3
2012-10-03,3.992037288216505e-06,0.19899756128904184,2.9068162604765622e-11,0.8009984466452893,3
2012-10-04,2.9991194332395328e-06,0.2828200066448285,4.8440396344788304e-11,0.7171769941869623,3
2012-10-05,2.5016111955915754e-06,0.3084547889106903,9.474090357599909e-11,0.6915427093840273,3
2012-10-08,3.268823317039675e-06,0.23921607677424733,1.231882970750108e-10,0.7607806542794557,3
2012-10-09,7.742720699136306e-06,0.04206886435970108,1.0205599714758145e-10,0.9579233928169629,3
2012-10-10,8.109552537435249e-06,0.014203845057917986,5.5498272551813815e-11,0.9857880453342087,3
2012-10-11,5.5485238048001936e-06,0.009616706637262244,6.86508636576253e-11,0.9903777447700244,3
2012-10-12,7.349180299627371e-06,0.004938295754429608,5.2381787412113144e-11,0.9950543550129716,3
2012-10-15,6.319861595446492e-06,0.004893375929586008,8.392790630483484e-11,0.9951003041246353,3
2012-10-16,7.109545766596162e-06,0.0059464379349129124,6.648795101785674e-11,0.9940464524523451,3
2012-10-17,4.730716914361585e-06,0.011131457030356631,6.007742167997342e-11,0.9888638121926449,3
2012-10-18,4.516948626243956e-06,0.011401874409867523,3.9734185073760565e-10,0.9885936082449784,3
2012-10-19,2.3423399517999188e-05,0.0001512826713364055,4.667096377507341e-10,0.9998252934618063,3
2012-10-22,1.1489851166588127e-05,7.836371506329609e-05,5.56774090519004e-10,0.9999101458769148,3
2012-10-23,8.636589326911494e-05,1.4160290605638521e-07,1.1021786124441961e-09,0.999913491401881,3
2012-10-24,4.9855217186210175e-05,1.0060654021540677e-06,3.956920385330785e-10,0.9999491383225333,3
2012-10-25,5.143618653274802e-05,1.10900318163418e-06,2.3775047478948013e-10,0.9999474545729218,3
2012-10-26,3.126697915502059e-05,3.6590057845665857e-06,4.606530764719321e-10,0.9999650735541208,3
2012-10-31,7.326308922196356e-05,3.975556749736985e-07,1.9969633118430734e-10,0.9999263391556065,3
2012-11-01,2.4244695964167803e-05,1.0128893192915037e-05,2.675977069266933e-10,0.9999656261439536,3
2012-11-02,2.3781229841322527e-05,6.766641281423344e-06,6.97800326920745e-10,0.9999694514308893,3
2012-11-05,6.818091127918755e-05,5.385387742228048e-07,4.2347168036354875e-10,0.9999312801267455,3
2012-11-06,5.0210781817064635e-05,2.1181377873774833e-06,2.24872575740739e-09,0.9999476688313617,3
2012-11-07,0.00023640191389259272,8.338911564904395e-09,1.0786323993466144e-08,0.999763578961751,3
2012-11-08,6.808337040865896e-05,4.561663857356332e-07,1.666480558337055e-09,0.9999314587974495,3
2012-11-09,8.324217134501072e-05,3.525201445216505e-07,1.0583576265409334e-10,0.9999164052023455,3
2012-11-12,1.1754479860782587e-05,6.573555601896521e-05,6.8993794290856e-11,0.9999225098957124,3
2012-11-13,1.0547001382105363e-05,8.582616913255597e-05,2.662573421245137e-10,0.9999036265638749,3
2012-11-14,3.603315512282317e-05,1.9539685354675153e-06,6.318482010744281e-10,0.9999620122447195,3
2012-11-15,3.4151006672141455e-05,2.5757044748893936e-06,7.565077219543039e-11,0.9999632732138344,3
2012-11-16,1.1364249705446102e-05,7.538786112528606e-05,1.4396191323068633e-10,0.9999132477457133,3
2012-11-19,2.0969231944035476e-05,0.00013846971815134872,2.3115356220428903e-10,0.9998405608191634,3
2012-11-20,4.538228745590969e-06,0.006402317856788943,7.082711402786042e-11,0.9935931438442978,3
2012-11-21,5.057108327453224e-06,0.006052499454479791,9.136977192578551e-11,0.9939424433456976,3
2012-11-23,8.63858964660049e-06,0.0030138829856126465,1.0087231841896082e-10,0.9969774783247441,3
2012-11-26,5.351718297437139e-06,0.0041536838281386245,7.754114805179376e-11,0.9958409643758954,3
2012-11-27,6.791781646962876e-06,0.0029598921179874397,8.045499190516435e-11,0.9970333160193982,3
2012-11-28,7.141785187526364e-06,0.0024756657231877503,5.006936888046707e-11,0.9975171924414684,3
2012-11-29,4.787883099150121e-06,0.003842124727656386,8.001037792042368e-11,0.996153087308896,3
2012-11-30,6.495616093103651e-06,0.001654964472434964,8.309163991564097e-11,0.9983385398285507,3
2012-12-03,1.0282495585798028e-05,0.0002228230209721865,1.1503648905912406e-10,0.999766894368262,3
2012-12-04,1.494477388078218e-05,3.138806567590762e-05,5.938359956535798e-11,0.9999536671004697,3
2012-12-05,9.924341159637036e-06,9.990146062835275e-05,7.26974118775999e-11,0.9998901741250736,3
2012-12-06,1.156151616414398e-05,8.557928904429813e-05,4.450148281680305e-11,0.9999028591501168,3
2012-12-07,7.1316797392189565e-06,0.00042400766161567306,5.4981307190124e-11,0.9995688606037586,3
2012-12-10,7.245436317752898e-06,0.000517294543477931,5.075997935332672e-11,0.999475459970166,3
2012-12-11,6.885312066977389e-06,0.0006378745033021086,6.509264528833287e-11,0.9993552401194293,3
2012-12-12,6.862094351307341e-06,0.0005406036556455853,7.724687820080892e-11,0.999452534172027,3
2012-12-13,1.0005612893770705e-05,0.00015780565152839025,1.2241324809017575e-10,0.9998321886134541,3
2012-12-14,1.3324247019140074e-05,4.0506430537063325e-05,1.2603578043506627e-10,0.9999461691960415,3
2012-12-17,1.853809014729984e-05,2.14036602844811e-05,1.217208096989572e-10,0.9999600581277973,3
2012-12-18,1.0093699676043411e-05,0.00011977509869578121,2.4997639490648813e-10,0.9998701309513924,3
2012-12-19,1.8342238445577954e-05,1.4993921842733121e-05,3.172781877104454e-10,0.9999666635221444,3
2012-12-20,3.703581378485923e-05,2.6160350388104113e-06,2.198576635547744e-10,0.9999603479322072,3
2012-12-21,2.9195042222083923e-05,3.4778152347220536e-06,5.865392038106695e-10,0.9999673265564586,3
2012-12-24,5.0327627991541345e-05,3.7236369793465383e-06,6.7340551766584276e-09,0.9999459420001506,3
2012-12-26,0.0009588973550238265,3.743856427227696e-08,8.836640894406562e-08,0.9990409768396612,3
2012-12-27,0.006239998851478851,3.3005740908761606e-08,5.35789272250443e-07,0.9937594323543835,3
2012-12-28,0.03778746100679182,5.439701185366932e-13,2.770828859774515e-07,0.9622122619103074,3
2012-12-31,0.006177216596891935,3.584064775869229e-07,4.871769779773298e-09,0.9938224201257404,3
2013-01-02,2.4561951414952515e-05,0.004982298144707742,3.990588915432532e-11,0.9949931398645862,3
2013-01-03,3.3106199942671364e-08,0.8829697166169965,4.552872576801811e-14,0.11703025027745426,1
2013-01-04,6.635126637120408e-10,0.9927726115874589,6.12940802143431e-16,0.007227387749229732,1
2013-01-07,1.5166212065550566e-11,0.9997761658867761,5.105945170139688e-17,0.00022383409863205815,1
2013-01-08,8.05765888665751e-13,0.9999754276722775,3.6816185046025265e-18,2.4572326866653242e-05,1
2013-01-09,2.482377647700599e-13,0.9999538840831423,1.6135784713442864e-19,4.611591587954683e-05,1
2013-01-10,1.4853887038136069e-13,0.9999439167161024,1.4918214315122798e-19,5.6083284335309825e-05,1
2013-01-11,6.086684101934196e-14,0.999984401965554,1.3291330291925966e-19,1.559803394596446e-05,1
2013-01-14,3.346392212755889e-14,0.9999813498791102,4.306492290138103e-20,1.8650120508349338e-05,1
2013-01-15,3.4121146891218005e-14,0.9999766774517771,9.122623469238762e-20,2.3322548261606902e-05,1
2013-01-16,7.547867303142358e-14,0.9999824567359594,2.998919182262264e-20,1.7543263778936764e-05,1
2013-01-17,1.7248003078789555e-14,0.9999564233130303,4.8266765633660785e-21,4.357668774584752e-05,1
2013-01-18,4.823620729713704e-15,0.9999949774536327,5.42958072663324e-21,5.022545990776675e-06,1
2013-01-22,8.53537528530906e-16,0.999994675502954,1.1547315079803765e-21,5.32449719521208e-06,1
2013-01-23,8.342337937878906e-16,0.9999961577051328,3.4523293384382955e-21,3.842294462177562e-06,1
2013-01-24,2.477144187366307e-15,0.9999951737743733,1.017033957368275e-20,4.8262248077263404e-06,1
2013-01-25,9.611042806937422e-15,0.9999867900605155,3.3036534879948215e-20,1.3209940206991354e-05,1
2013-01-28,3.6924347573794724e-14,0.9999807059454315,1.8960690049863767e-19,1.9294054004707463e-05,1
2013-01-29,1.6396058949291672e-13,0.999972803071293,9.509466463571054e-19,2.7196929354937145e-05,1
2013-01-30,6.690746625307855e-13,0.9999237815389582,9.896196412285262e-19,7.621846118136422e-05,1
2013-01-31,8.728209537237212e-13,0.999925069306135,5.539675306007112e-18,7.49306928744482e-05,1
2013-02-01,2.1846715107616027e-12,0.9999568003404326,6.857205766352682e-17,4.319965807630661e-05,1
2013-02-04,8.542093824814117e-12,0.9997802520221228,8.112051866327522e-18,0.00021974797004854513,1
2013-02-05,2.191377830373509e-12,0.9998203788975871,1.4180600359776339e-18,0.00017962109950616745,1
2013-02-06,1.8652067466469737e-13,0.999979945617363,2.807407634153551e-19,2.005438289488571e-05,1
2013-02-07,2.7699601227140416e-14,0.9999829779638216,1.5815059819264484e-20,1.7022036771041047e-05,1
2013-02-08,9.294759920824833e-15,0.999983035921296,5.532084832538405e-21,1.696407781728208e-05,1
2013-02-11,3.1530119143338795e-15,0.9999930541421446,4.591973131974878e-21,6.945858423252829e-06,1
2013-02-12,2.0564211999343263e-15,0.9999948268984663,2.261625725350104e-21,5.173100773846231e-06,1
2013-02-13,1.6320826277172758e-15,0.9999919059537358,9.293868332055055e-22,8.094046821075506e-06,1
2013-02-14,9.391222575758239e-16,0.999995140621633,5.711190275029011e-20,4.859378231804128e-06,1
2013-02-15,2.0935626190559066e-14,0.9999964783481283,1.251872795931605e-17,3.521651815204696e-06,1
2013-02-19,4.599369767172157e-12,0.9998575400188833,2.7619800732311293e-15,0.00014245997627070238,1
2013-02-20,1.807243511745992e-09,0.9822195411605861,1.358376560960585e-13,0.017780457032425923,1
2013-02-21,9.642331153557572e-08,0.9014718236539296,3.175674160285307e-12,0.09852807992015615,1
2013-02-22,4.5430159082904613e-07,0.7233248746144881,3.331538345235691e-10,0.2766746707503556,1
2013-02-25,3.455765494222247e-05,0.0001252834396180223,2.0073903063131964e-10,0.9998401587048101,3
2013-02-26,1.5087338262357816e-05,0.002866941224226598,2.732357187745578e-11,0.9971179714094666,3
2013-02-27,3.8803794756930995e-06,0.1503101756761946,3.528874358057974e-11,0.8496859439083205,3
2013-02-28,1.540182283896531e-06,0.434553137343272,1.3210397524798053e-12,0.5654453224732862,1
2013-03-01,1.2639423464399247e-07,0.711900634983554,6.707364867449861e-14,0.2880992386223974,1
2013-03-04,6.647691190959383e-09,0.9755459765233135,5.008183326454385e-15,0.024454016828190428,1
2013-03-05,1.605204284988089e-10,0.9980053422969528,9.297159392818263e-17,0.0019946575418672576,1
2013-03-06,1.6154597487783093e-12,0.9999332260207127,8.130194213648071e-19,6.677397792640872e-05,1
2013-03-07,1.8699625754854364e-14,0.9999888367660877,3.220592877168272e-21,1.1163233421596521e-05,1
2013-03-08,5.508483097090657e-16,0.9999930834385848,3.368419230951376e-22,6.916561959219541e-06,1
2013-03-11,1.7393793732247484e-16,0.9999987300824492,3.85225844303834e-22,1.269918098763631e-06,1
2013-03-12,1.134025049315604e-16,0.9999978873715496,9.3674586656138e-23,2.1126283520487207e-06,1
2013-03-13,7.348002059198437e-17,0.9999985361820818,4.816815797493504e-23,1.463818758713261e-06,1
2013-03-14,2.8545770661611324e-17,0.9999987315285439,1.2793910534616847e-21,1.26847227873784e-06,1
2013-03-15,3.7493226164578113e-16,0.9999994357150854,8.699497846904377e-20,5.64284698621854e-07,1
2013-03-18,3.107240041043999e-14,0.9999873533433197,5.1078918317182944e-20,1.2646656905132137e-05,1
2013-03-19,7.366377695711863e-14,0.9999146143275903,7.82408151606317e-20,8.538567184973134e-05,1
2013-03-20,1.5543427672023206e-13,0.9999872382937016,2.316937241849917e-18,1.2761705801089257e-05,1
2013-03-21,2.2805336671061553e-13,0.9999584196634829,4.2883462794536533e-19,4.158033675488962e-05,1
2013-03-22,2.330893207538058e-13,0.9999401595984497,2.117722961256068e-19,5.98404019422532e-05,1
2013-03-25,1.0409749482439389e-13,0.9999745221128843,7.285923874746235e-20,2.5477886695636715e-05,1
2013-03-26,1.855311462482315e-14,0.9999831524165029,2.2069170033326876e-20,1.6847582836978997e-05,1
2013-03-27,6.5824112603819556e-15,0.999990086693312,1.4422167029510055e-20,9.913306149407471e-06,1
2013-03-28,7.800237353083774e-15,0.9999921399557609,1.8734032338222077e-20,7.860045114229356e-06,1
2013-04-01,1.1648485543517675e-14,0.9999824319817672,7.151186659976896e-20,1.7568018126658603e-05,1
2013-04-02,6.354393558373316e-14,0.9999887102040449,1.0564940984097616e-18,1.1289796790332425e-05,1
2013-04-03,4.653514075645589e-13,0.9999270649446594,1.0981537636764554e-18,7.293505537215047e-05,1
2013-04-04,5.478125396955416e-13,0.9999340959474318,5.778104188889912e-19,6.59040519782251e-05,1
2013-04-05,2.436003244190214e-13,0.9999648410681373,1.314421438614481e-19,3.51589311537096e-05,1
2013-04-08,3.308975641923883e-14,0.9999742259271539,6.611440687836615e-20,2.577407335474028e-05,1
2013-04-09,2.4637785161620586e-14,0.9999906145352967,1.4108449628982165e-19,9.385464703938732e-06,1
2013-04-10,1.5120996563076457e-14,0.9999757626037172,2.741956402648529e-17,2.4237396272081875e-05,1
2013-04-11,6.727868000843553e-13,0.9999904537618022,6.196176070393457e-15,9.546237647826119e-06,1
2013-04-12,8.420042613140346e-11,0.9984077068646525,9.665872169691777e-13,0.0015922930503970729,1
2013-04-15,4.2903182921487345e-07,0.004522367314490987,8.280013555017743e-12,0.9954772036453708,3
2013-04-16,5.68480785644453e-06,0.004756069550543272,7.119231477483741e-10,0.9952382449297135,3
2013-04-17,1.456003963097033e-05,0.0013723318758122299,4.067990147695471e-10,0.9986131076782001,3
2013-04-18,1.2311348486695738e-05,0.0045451837262464176,4.450692085738149e-12,0.9954425049200737,3
2013-04-19,5.605957239659511e-07,0.4076716864126567,5.118106031543954e-13,0.5923277529910173,3
2013-04-22,3.479001892088213e-08,0.902836415474108,1.8226973281799313e-14,0.0971635497353442,1
2013-04-23,8.558752000007376e-10,0.9907717504924793,1.7155310836476604e-15,0.009228248651293297,1
2013-04-24,2.8276588301974053e-11,0.9997534480171312,4.223071161157913e-17,0.00024655195374279835,1
2013-04-25,6.897802174968769e-13,0.9999536192996442,2.8828496278867256e-18,4.638069880236447e-05,1
2013-04-26,2.9916873898717654e-13,0.9999775181494163,6.520562900176017e-19,2.2481850718488846e-05,1
2013-04-29,2.1123542768246729e-13,0.9999240382825083,8.867026862858516e-19,7.596171760287378e-05,1
2013-04-30,8.391334419654934e-13,0.9999700149549399,7.91795663834509e-18,2.9985044158038925e-05,1
2013-05-01,2.0653847725838722e-12,0.9998787857131555,3.4735078740067986e-18,0.00012121428402033318,1
2013-05-02,1.5253044197835756e-12,0.9998933529870003,4.376619209421788e-19,0.00010664701233789129,1
2013-05-03,8.353852963215963e-14,0.9999621988659602,1.2440473391936786e-19,3.780113304954476e-05,1
2013-05-06,1.033525948458052e-14,0.9999942758822845,1.7119330161371212e-20,5.724118108240711e-06,1
2013-05-07,3.5106405244265625e-15,0.9999885671712572,3.8904259458688514e-21,1.1432828168181673e-05,1
2013-05-08,3.764402813530095e-15,0.9999925987050259,5.797794931655122e-21,7.401295876642823e-06,1
2013-05-09,3.1767114439169437e-15,0.9999918866635095,2.0454392183210863e-21,8.113336604382088e-06,1
2013-05-10,1.3774360982107188e-15,0.9999932489491186,8.61469587064396e-21,6.751050334301586e-06,1
2013-05-13,5.522756058826548e-15,0.9999960540322355,1.8375959792075888e-20,3.945967870803647e-06,1
2013-05-14,1.1693888424806874e-14,0.9999724564832625,1.0472320581784403e-20,2.754351638303846e-05,1
2013-05-15,9.346581853998936e-15,0.9999888933523989,3.173572918761323e-20,1.1106646715689986e-05,1
2013-05-16,1.0037473626809354e-14,0.9999927185137023,1.7953917628780367e-20,7.28148681392213e-06,1
2013-05-17,7.258187994588406e-15,0.9999827480311305,2.8529591438868375e-20,1.725196974925527e-05,1
2013-05-20,1.2570329923220046e-14,0.9999920165674111,5.653318614755494e-20,7.983433285027213e-06,1
2013-05-21,2.6357586552809132e-14,0.999981877932939,1.963248915917793e-19,1.8122066755605513e-05,1
2013-05-22,2.4319193941822155e-13,0.999969301288826,8.53162123417475e-18,3.069871037897422e-05,1
2013-05-23,2.826202741805903e-12,0.9999333737582722,1.1537753037753686e-16,6.662623805852787e-05,1
2013-05-24,7.534514393515692e-11,0.9995380617245855,3.609033341403177e-15,0.0004619381997658046,1
2013-05-28,1.889715165734973e-09,0.9908987538999419,4.454854220007361e-14,0.009101244210198532,1
2013-05-29,4.509621630783633e-08,0.9610078273898655,1.286395578704951e-12,0.038992127512043125,1
2013-05-30,1.5532743193558145e-07,0.8135392902089253,1.016279326884049e-11,0.18646055445303053,1
2013-05-31,2.5336256671128614e-06,0.08439134597887082,7.334302550512368e-11,0.9156061203223018,3
2013-06-03,9.729199229437155e-06,0.007509746889306537,5.682303576149664e-11,0.9924805238538812,3
2013-06-04,8.343505624031408e-06,0.0015272725796479142,2.457727844168541e-10,0.9984643836683211,3
2013-06-05,2.5595047025650624e-05,1.4717464730184565e-05,3.3599826193889634e-10,0.9999596871525194,3
2013-06-06,1.73321634555424e-05,3.0096557135562505e-05,7.294091721198396e-11,0.9999525712070949,3
2013-06-07,8.628462026150714e-06,0.0004543072292181357,1.0030205855947e-10,0.999537064208465,3
2013-06-10,5.266442160297583e-06,0.0013585322331071046,1.803108424710732e-10,0.9986362011436327,3
2013-06-11,1.620943134060244e-05,5.77462129952098e-05,6.981747831152625e-10,0.999926043657124,3
2013-06-12,5.7185756866030484e-05,4.978831948597087e-07,2.976846730389528e-10,0.9999423160619226,3
2013-06-13,2.874795687394142e-05,7.038004671757355e-06,2.7952506130138923e-10,0.9999642137591439,3
2013-06-14,1.5253404908983522e-05,2.4190595303072717e-05,1.432147625306177e-10,0.9999605558563006,3
2013-06-17,1.8577194691920655e-05,1.6930794928312183e-05,1.2812482715308892e-10,0.999964491881804,3
2013-06-18,1.6286226145827795e-05,2.606584093432536e-05,5.753778804098278e-10,0.9999576473584514,3
2013-06-19,3.149255377447895e-05,4.8352775858216595e-05,3.7997390093281275e-08,0.9999201166723368,3
2013-06-20,0.0013200806976065554,7.619492775560831e-11,7.881232936288651e-08,0.9986798404136147,3
2013-06-21,0.00031878973762975745,1.2885187174384943e-07,1.0841372690523757e-08,0.9996810705696085,3
2013-06-24,0.0004737986588605065,3.71164933121276e-09,6.0974399872455206e-09,0.999526191532036,3
2013-06-25,0.00019229740337571002,1.3608093092670148e-07,7.612978895700139e-10,0.9998075657536776,3
2013-06-26,3.786973614435831e-05,3.871272102116822e-06,1.95187006352536e-10,0.9999582587969431,3
2013-06-27,1.7870037537071514e-05,1.9376175144131544e-05,8.482534280179395e-11,0.9999627537023915,3
2013-06-28,1.2020479560025137e-05,7.76540849153732e-05,7.78696293754788e-11,0.9999103253568579,3
2013-07-01,1.1001601138600392e-05,0.0005708348140462104,5.942974149249165e-11,0.999418163525736,3
2013-07-02,8.595690942099672e-06,0.007281362977287545,3.3654604129302046e-11,0.9927100412974182,3
2013-07-03,5.15982533180517e-06,0.06277116927028867,9.310774069375186e-12,0.9372236708958873,3
2013-07-05,1.3642839642670359e-06,0.3573455630169547,3.706026220588e-12,0.6426530726957873,3
2013-07-08,2.222900510569314e-07,0.7732642702563348,3.38007728828876e-13,0.22673550745369384,1
2013-07-09,2.2169543620940884e-08,0.9493572311434935,1.6647785279610461e-13,0.05064274668714728,1
2013-07-10,7.466503791571305e-09,0.994459460659124,1.7582250875223025e-14,0.005540531874470185,1
2013-07-11,5.781656292029666e-10,0.9972579824849188,6.166906579102528e-16,0.002742016936188688,1
2013-07-12,1.7900786788454936e-11,0.999814497243403,6.252743245171927e-17,0.00018550273841975832,1
2013-07-15,2.1397705922566963e-12,0.9999538564394166,5.352114427482501e-18,4.6143558897674e-05,1
2013-07-16,7.892717129725786e-13,0.9999077715170294,1.213347153610485e-18,9.222848196336272e-05,1
2013-07-17,7.863819942694807e-13,0.9999526579196677,1.5652320679810728e-19,4.7342079456472945e-05,1
2013-07-18,4.591814319756746e-14,0.9999418259818093,6.268897722299479e-21,5.817401749592412e-05,1
2013-07-19,3.4231786963573744e-15,0.9999953636468649,4.330119642818179e-21,4.636352871265178e-06,1
2013-07-22,5.477935823387623e-16,0.9999968691803486,2.0791610916254385e-21,3.130819970939879e-06,1
2013-07-23,1.4017385618803557e-15,0.999995975093867,4.343411464240853e-21,4.024906792114101e-06,1
2013-07-24,3.772373625384276e-15,0.9999911975051851,2.9472881820091317e-21,8.802495531879449e-06,1
2013-07-25,2.8328742363355283e-15,0.9999901382684276,4.9377806374645695e-21,9.861732254885655e-06,1
2013-07-26,4.204861786439088e-15,0.9999945180029695,1.654833180581774e-20,5.481997774048264e-06,1
2013-07-29,9.93663713391269e-15,0.9999872238474722,1.931735970982315e-20,1.2776152858246168e-05,1
2013-07-30,1.954901093025819e-14,0.999983695494072,1.0169713822557087e-19,1.6304506222945644e-05,1
2013-07-31,9.10806358973666e-14,0.9999817290768309,1.6884372538072047e-20,1.8270923282577433e-05,1
2013-08-01,1.2946159921828532e-14,0.9999331282347391,1.999736270419284e-21,6.687176598172326e-05,1
2013-08-02,7.362038442082979e-16,0.9999979918959224,3.0406146542604324e-21,2.008104560552153e-06,1
2013-08-05,2.11441511209683e-16,0.9999988167189893,1.8669002940295723e-21,1.1832809681135591e-06,1
2013-08-06,9.920398512168026e-16,0.9999959982149484,3.2340772000383177e-21,4.001784532928399e-06,1
2013-08-07,2.253075878611402e-15,0.9999937262761144,5.712741851786949e-21,6.273723655847868e-06,1
2013-08-08,4.615279821453963e-15,0.9999920184464122,4.7947069135659135e-21,7.981552875045977e-06,1
2013-08-09,4.094036445143412e-15,0.9999868244553324,1.724522423312616e-21,1.3175543990319724e-05,1
2013-08-12,1.4720835716023074e-15,0.9999946275764775,4.0785992944952455e-21,5.372422649679274e-06,1
2013-08-13,1.5664941665869594e-15,0.9999964484058497,2.5971312158425096e-19,3.5515943814062364e-06,1
2013-08-14,1.3566446724716131e-13,0.9999902219811359,2.500180317473786e-17,9.778018795609175e-06,1
2013-08-15,1.7071580310219975e-11,0.9995703814444444,9.577153931857912e-16,0.0004296185375961853,1
2013-08-16,4.769098850385768e-10,0.999390229927565,2.0322449920560204e-14,0.0006097695961123129,1
2013-08-19,2.5543018529191683e-09,0.9947175562278024,4.934462047228334e-14,0.00528244121807693,1
2013-08-20,2.15315963364884e-08,0.9823190244843186,4.24748868289123e-13,0.017680953983621406,1
2013-08-21,1.1190347723218678e-07,0.9551317537869057,9.120591873670479e-13,0.04486813430843721,1
2013-08-22,2.0144552882844084e-07,0.946523009048538,2.3482639971530558e-12,0.05347678950425628,1
2013-08-23,1.7291410276402232e-07,0.9349350644953555,8.474549904821113e-12,0.06506476258246627,1
2013-08-26,3.088351781187566e-07,0.7351199621696743,2.6152290253908532e-11,0.26487972896817175,1
2013-08-27,5.108481125144812e-06,0.02068995576575258,1.0942330969988253e-10,0.9793049356446005,3
2013-08-28,1.0325878202092187e-05,0.0016135419367914504,8.069470064726182e-11,0.9983761321038551,3
2013-08-29,1.308908355250937e-05,0.00010138842101957866,7.947689651005845e-11,0.9998855224159018,3
2013-08-30,1.345752275547855e-05,4.282652740349119e-05,7.941874011840566e-11,0.9999437158709393,3
2013-09-03,1.240005840986262e-05,0.00019056681397854064,5.780822455540763e-11,0.999797033070146,3
2013-09-04,9.087623620714589e-06,0.003028819910622961,5.348236961496889e-11,0.9969620924118952,3
2013-09-05,5.875270703000339e-06,0.023745512284560327,4.4160064456070603e-11,0.9762486124000099,3
2013-09-06,5.389242683766343e-06,0.06545389679336798,1.7217656283875116e-11,0.9345407139475514,3
2013-09-09,2.1299368689247445e-06,0.1580888583113528,5.775635115075192e-13,0.8419090117508053,3
2013-09-10,5.120497037957754e-08,0.7633450040314329,5.357568043405429e-14,0.23665494476326482,1
2013-09-11,2.7901590939141336e-09,0.9882832566052944,1.3487683248822613e-14,0.011716740604019721,1
2013-09-12,3.2518800304387537e-10,0.9990840037226381,2.432075998126162e-15,0.0009159959517916336,1
2013-09-13,6.562447766934374e-11,0.9998057044143902,4.398479298907769e-16,0.00019429552089188877,1
2013-09-16,3.3531339105261496e-11,0.999714908691228,1.1541312546498804e-16,0.00028509127541588277,1
2013-09-17,3.8413539113128536e-11,0.9996939300699315,7.548293798234843e-18,0.0003060698924199585,1
2013-09-18,2.1194613321230585e-12,0.9997674406672721,9.225015413917997e-19,0.00023255933076972467,1
2013-09-19,7.361872779162183e-14,0.9999886281139833,1.1942997285792151e-18,1.137188558321376e-05,1
2013-09-20,5.786939222560053e-14,0.9999913964317729,1.7784191847043516e-18,8.603567281253834e-06,1
2013-09-23,4.753154021954365e-13,0.9999246592494241,1.0711087607590655e-17,7.534075066167038e-05,1
2013-09-24,1.8619425103249143e-11,0.9998819522184963,8.512619126941105e-16,0.0001180477627658493,1
2013-09-25,2.799559336345616e-10,0.9985871214771475,1.3587710062486047e-14,0.0014128782435615433,1
2013-09-26,5.422385932442819e-09,0.9675175077943022,2.577121288050856e-13,0.03248248678279016,1
2013-09-27,1.896569124178197e-07,0.5776564620305031,4.7179745639326624e-12,0.4223433483082572,1
2013-09-30,4.297597021117602e-06,0.06520564088508402,2.7612510312766444e-11,0.9347900614908448,3
2013-10-01,6.920332973445463e-06,0.015816588729119903,9.953509166665151e-11,0.9841764908385776,3
2013-10-02,1.0185403051628688e-05,0.0012902831901848454,1.480119927067101e-10,0.9986995312595489,3
2013-10-03,2.3826606284914402e-05,1.3379954395271523e-05,1.60366700750656e-10,0.9999627932784896,3
2013-10-04,1.6837251735157203e-05,2.1793226555894755e-05,1.6681574777572702e-11,0.9999613695057906,3
2013-10-07,2.2717301134412797e-06,4.524066593699389e-05,5.492937880916698e-15,0.9999524876030349,3
2014-01-07,3.8033861911204354e-10,0.9842111094280681,3.562000934023332e-16,0.015788890191531946,1
2014-01-08,2.6161192082395133e-12,0.9998897538319788,1.6197778540649106e-18,0.00011024616549689851,1
2014-01-09,7.83302999819811e-15,0.9999924459237913,3.1402915668009674e-20,7.554075377586315e-06,1
2014-01-10,2.266819477927101e-15,0.9999973815172502,4.0008000613225187e-20,2.618483610610038e-06,1
2014-01-13,1.8226047906163992e-14,0.9999846416537158,3.314829721827462e-20,1.5358346872371824e-05,1
2014-01-14,6.3410301485041844e-15,0.9999848506524102,6.242857342619299e-21,1.514934779418081e-05,1
2014-01-15,1.3046996786113726e-15,0.9999952043077825,1.3631580543638218e-21,4.795692579427905e-06,1
2014-01-16,4.1791845483551395e-16,0.9999966408924622,2.167789332486202e-21,3.359108391346983e-06,1
2014-01-17,1.3016499171382816e-15,0.9999973683114217,1.3044635302544287e-19,2.6316886807155495e-06,1
2014-01-21,5.0893529280025364e-14,0.9999898181531476,1.6003642024950254e-17,1.0181847006386405e-05,1
2014-01-22,9.748625029120005e-12,0.9998091470182109,1.0564433051707461e-14,0.00019085297187379835,1
2014-01-23,2.0309482365398265e-09,0.9725458489280764,4.44903242539868e-12,0.027454149036264638,1
2014-01-24,2.485499222654481e-06,0.000268547993137017,4.845052626394897e-11,0.9997289664587788,3
2014-01-27,1.8299531955043442e-05,1.8717298223674377e-05,5.4115385431553394e-11,0.9999629831157302,3
2014-01-28,7.903226433377572e-06,0.0002241817701506134,1.7213941661341298e-10,0.9997679148312898,3
2014-01-29,1.975569224052824e-05,1.4544907743320086e-05,6.229055306612458e-10,0.9999656987773443,3
2014-01-30,5.06382944713378e-05,2.115604816867875e-06,3.306727957073312e-09,0.9999472427936796,3
2014-01-31,0.00022660724540608695,8.216251256291159e-07,4.295254633770814e-08,0.9997725281760417,3
2014-02-03,0.004692003500096328,5.889271319587555e-12,2.3773660032198246e-07,0.9953077587571937,3
2014-02-04,0.0014171814688989561,3.190078205915323e-08,3.73795710835014e-08,0.9985827492508071,3
2014-02-05,0.0007315468341798239,9.210871771109277e-09,1.809811352810794e-09,0.9992684421451297,3
2014-02-06,6.861210818302662e-05,0.00010789016172400483,1.1575060925158583e-10,0.9998234976143149,3
2014-02-07,5.5563578115033496e-06,0.056208134460093935,2.364845673215494e-11,0.943786309158688,3
2014-02-10,1.2419300814724727e-06,0.46178009707724654,1.3334790674652334e-12,0.538218660992231,1
2014-02-11,1.194828957970133e-07,0.7466319539979108,2.2580104402652375e-13,0.2533679265195038,1
2014-02-12,9.74910126884364e-09,0.9777321580210355,1.1924856530626445e-14,0.022267832229092677,1
2014-02-13,4.105464700752032e-10,0.9971752786509874,9.309324191331553e-16,0.002824720938629669,1
2014-02-14,3.441720470280793e-11,0.9998422132380481,1.0962596656366142e-15,0.00015778672834186215,1
2014-02-18,2.8018118616645423e-11,0.9998928874336842,7.975599534449213e-16,0.00010711253888051114,1
2014-02-19,1.4971178708061498e-10,0.9986977642583283,3.0838863579833337e-16,0.0013022355928543254,1
2014-02-20,3.475569089875301e-10,0.998967187336999,6.700613397398167e-16,0.0010328123157784868,1
2014-02-21,9.711651144160395e-11,0.9996588811620962,5.2278946380395756e-17,0.00034111874027768253,1
2014-02-24,5.0424370242299974e-12,0.9997874123700161,1.11314935434725e-17,0.00021258762536087886,1
2014-02-25,1.929527919041682e-12,0.9999692016167285,1.659447921534563e-17,3.0798382167347294e-05,1
2014-02-26,1.6005105573441151e-12,0.9998946033441525,1.2428050038463956e-17,0.00010539665424436119,1
2014-02-27,1.4471925139155414e-11,0.9998580269112826,3.6649737881923213e-16,0.0001419730750940351,1
2014-02-28,1.3321081709536733e-10,0.9995415269228617,5.33459033405662e-15,0.0004584729441983204,1
2014-03-03,1.7662317987032407e-09,0.9941609080629471,8.461990798327436e-16,0.005839090170130966,1
2014-03-04,8.71264019592543e-10,0.9956130731928434,1.919715827697364e-15,0.0043869259354757635,1
2014-03-05,5.5530473789208165e-11,0.9997766721783845,3.4068572894151255e-16,0.0002233277661962952,1
2014-03-06,8.993496456933772e-12,0.9998877712340393,1.4782639755222724e-16,0.0001122287561522898,1
2014-03-07,2.902403910875849e-11,0.9998508512351044,9.723742260975667e-16,0.00014914873515508415,1
2014-03-10,3.090897673020565e-10,0.9987097027100773,1.268706125979809e-14,0.0012902969809903693,1
2014-03-11,5.985422454224588e-09,0.9821187628279202,1.4133224164013024e-13,0.017881231187129035,1
2014-03-12,6.854525251513441e-08,0.8940428593586088,4.645918011047485e-12,0.10595707209231092,1
2014-03-13,1.1735206005432652e-06,0.17859714263472065,6.087430217939586e-11,0.8214016837834008,3
2014-03-14,1.9946627291356546e-05,0.05427695070633976,1.4514278648748624e-11,0.9457031026524075,3
2014-03-17,2.6664184670841046e-06,0.14513951017510918,4.868285659732741e-12,0.854857823401758,3
2014-03-18,4.398302089841935e-07,0.7011451354547208,2.8955602071610814e-12,0.2988544247115169,1
2014-03-19,1.4996271368722326e-07,0.8985113237420077,8.074078960911475e-13,0.10148852629471848,1
2014-03-20,3.487583298809827e-08,0.9704781105290147,1.9836732177599973e-13,0.029521854595492798,1
2014-03-21,1.0526699616074067e-08,0.9910917917901342,2.019742868889792e-14,0.008908197683231818,1
2014-03-24,1.1689620388535075e-09,0.9971999109937304,3.845645708897091e-15,0.002800087837671891,1
2014-03-25,2.1611114886479234e-10,0.9996226582894906,1.467609092303497e-15,0.00037734149382347436,1
2014-03-26,6.525100389278251e-11,0.9996384090962193,2.725890845028254e-16,0.0003615908379282213,1
2014-03-27,3.670642097523705e-11,0.9997845066017375,8.990125471289335e-17,0.0002154933619513034,1
2014-03-28,1.5991182375781856e-11,0.9997674609442875,8.073929448759672e-18,0.00023253903890532393,1
2014-03-31,2.46741186171101e-12,0.9998577190947192,1.0811915524000821e-18,0.00014228090248108018,1
2014-04-01,1.7111708048357802e-13,0.9999718543144932,1.2071850397661901e-18,2.8145684613483744e-05,1
2014-04-02,1.0456285137147428e-13,0.999986390353868,1.2837757916827688e-17,1.3609646530681322e-05,1
2014-04-03,3.860975942336576e-12,0.9999294845454192,1.0542514175945198e-15,7.051545117984134e-05,1
2014-04-04,6.064523752993978e-10,0.9960391187024197,1.778392774321779e-13,0.003960880690685912,1
2014-04-07,3.291235268442781e-08,0.9246241256123077,5.896439129505476e-13,0.07537584147466547,1
2014-04-08,3.264714840418664e-07,0.8670311738429198,5.8171518686280585e-12,0.13296849968067587,1
2014-04-09,5.780709857330382e-07,0.7297174778420683,1.6455654523201872e-10,0.2702819439228372,1
2014-04-10,6.7257831073392645e-06,0.07359288730867466,1.138418195197035e-09,0.9264003857706267,3
2014-04-11,1.3542158527282483e-05,0.023929538289452514,9.995017894367769e-11,0.9760569194529558,3
2014-04-14,8.633317619072785e-06,0.03625999241655039,1.3161763238511065e-11,0.9637313742533135,3
2014-04-15,1.5333086305012698e-06,0.21532521979828026,1.6118195269992768e-13,0.7846732468925275,3
2014-04-16,1.7293883425260685e-08,0.7847230284480574,6.969465542032726e-15,0.21527695425847979,1
2014-04-17,2.367226294836708e-10,0.9962311020893998,3.5559459362419413e-16,0.0037688976743076954,1
2014-04-21,4.226145131494476e-12,0.9999087786736509,4.354388368314292e-18,9.122132261860312e-05,1
2014-04-22,6.450225631357625e-14,0.9999808986163662,1.202755633751643e-19,1.910138298850043e-05,1
2014-04-23,1.8185194144835184e-14,0.9999888565564717,9.83239615251057e-20,1.1143443880898366e-05,1
2014-04-24,4.593510851931098e-14,0.9999830565300966,3.5334575548127076e-19,1.6943470129495924e-05,1
2014-04-25,3.4813802579528275e-13,0.9999524131080473,1.1361835281524544e-18,4.7586891946936545e-05,1
2014-04-28,5.719559910486276e-13,0.9999321703484974,4.1841778375617047e-19,6.7829650687985e-05,1
2014-04-29,2.725978425702034e-13,0.9999480641335381,1.409246999073363e-19,5.193586647902239e-05,1
2014-04-30,5.273365143528066e-14,0.9999768404112502,2.4564141930889783e-20,2.315958842857801e-05,1
2014-05-01,8.081475526348724e-15,0.9999877714419289,1.526229352564149e-20,1.2228557555629428e-05,1
2014-05-02,7.257625867172467e-15,0.9999936754083961,3.8223302788376655e-20,6.324590886763692e-06,1
2014-05-05,1.9908860150050448e-14,0.9999840070091666,8.4502076000936e-20,1.599299169593561e-05,1
2014-05-06,1.1623026242144556e-13,0.999970378070791,1.8446929824267493e-19,2.962192818651275e-05,1
2014-05-07,5.945521607456348e-14,0.9999671066423925,3.263884878086639e-20,3.289335823872836e-05,1
2014-05-08,1.7829314114849034e-14,0.9999845070924124,1.7328230922710207e-20,1.549290816498646e-05,1
2014-05-09,6.667794619430697e-15,0.9999918318759946,2.401218573037579e-21,8.16812397009776e-06,1
2014-05-12,1.2778858678220997e-15,0.9999893932489156,8.056540782120978e-22,1.0606751745359977e-05,1
2014-05-13,2.690669565086669e-16,0.9999979028674878,2.3171629540917444e-21,2.097132642971885e-06,1
2014-05-14,8.023785479561622e-16,0.9999982841669576,5.287736354220193e-21,1.715833906013759e-06,1
2014-05-15,2.427999582076267e-15,0.9999904894736809,3.0997358235207735e-21,9.510525714877095e-06,1
2014-05-16,1.393447185212007e-15,0.9999950728227728,2.3529549136578145e-21,4.92717690830324e-06,1
2014-05-19,1.2031805617342354e-15,0.9999951739144348,2.2636767291727242e-21,4.826086312660327e-06,1
2014-05-20,1.6703140502447271e-15,0.9999940112754456,1.1388043438526072e-21,5.988725391197136e-06,1
2014-05-21,5.295090864756123e-16,0.9999952797118106,3.4716495021345226e-22,4.72028848403112e-06,1
2014-05-22,1.1459411012572547e-16,0.9999977986887315,1.596768402082986e-22,2.2013104781219813e-06,1
2014-05-23,8.731866570638644e-17,0.9999988894948528,1.5241642316974462e-22,1.1105052217340654e-06,1
2014-05-27,6.00145752689978e-17,0.9999982074075584,1.579114666640288e-22,1.792591609932484e-06,1
2014-05-28,7.70525229589624e-17,0.9999990359469948,1.0019298321721764e-22,9.640538755306476e-07,1
2014-05-29,5.027629179068359e-17,0.9999982492933531,6.683728457986619e-23,1.750706658707256e-06,1
2014-05-30,3.690212038989248e-17,0.9999991440585316,1.0924490166526542e-22,8.559411549771208e-07,1
2014-06-02,4.923874342641315e-17,0.9999990273340883,1.7968511068858673e-22,9.726667482557797e-07,1
2014-06-03,1.0789258290655722e-16,0.9999986708052996,2.5008163585357606e-22,1.3291943763498715e-06,1
2014-06-04,1.7950325910577012e-16,0.9999977610521054,5.652653499871846e-23,2.238948365296493e-06,1
2014-06-05,4.986948522396037e-17,0.9999975075747126,3.9778858775329036e-23,2.4924261886461372e-06,1
2014-06-06,1.840453468282636e-17,0.9999994686988022,5.549188338852059e-23,5.31300802628219e-07,1
2014-06-09,1.0227230163215113e-17,0.9999994398405511,4.079606588830566e-23,5.601601534991118e-07,1
2014-06-10,1.652009301075578e-17,0.999999588310032,3.494288903759126e-22,4.1169038655339386e-07,1
2014-06-11,1.1197952389002506e-16,0.9999992321066422,9.593803688703954e-22,7.6789267496873e-07,1
2014-06-12,4.2146885646182176e-16,0.9999968463721121,1.1052290386881943e-21,3.1536277436800426e-06,1
2014-06-13,5.483276783930895e-16,0.999996966466878,5.166871183688321e-22,3.0335327410271405e-06,1
2014-06-16,3.8356718744909683e-16,0.9999951828674575,7.978825367414777e-23,4.817132570445131e-06,1
2014-06-17,8.445960119159788e-17,0.9999977509458229,2.6057432801751205e-23,2.249054463854765e-06,1
2014-06-18,1.4427581528943443e-17,0.9999992033357092,6.209025778749921e-23,7.966646509515092e-07,1
2014-06-19,7.836526910990715e-18,0.9999996976185233,4.024586675002912e-23,3.023811635065731e-07,1
2014-06-20,8.344571020568446e-18,0.9999995822582568,1.0793910612513714e-22,4.17742633736824e-07,1
2014-06-23,3.364581283367232e-17,0.9999995893614074,3.758609246024235e-22,4.1063860515921525e-07,1
2014-06-24,1.2446582391928318e-16,0.9999983941392363,1.3025132483659604e-22,1.6058608083738078e-06,1
2014-06-25,5.466190417797313e-17,0.9999983305474709,5.684376962603915e-23,1.66945303104194e-06,1
2014-06-26,2.9596789050116284e-17,0.9999991055451026,5.435053275980492e-23,8.944551351764002e-07,1
2014-06-27,2.6313511501493764e-17,0.9999992837931877,9.656578091693475e-23,7.16206317648688e-07,1
2014-06-30,4.3689304602506644e-17,0.9999991277167449,3.067775339181761e-23,8.722828610318182e-07,1
2014-07-01,1.7613902909695488e-17,0.9999987387590177,2.507595054721448e-23,1.26124185441141e-06,1
2014-07-02,8.286883616707854e-18,0.9999996386450873,4.858251721238477e-23,3.613552118585358e-07,1
2014-07-03,1.1625873955638109e-17,0.9999996210281815,2.6622545311365944e-22,3.7897189640572567e-07,1
2014-07-07,3.7768064826703054e-17,0.9999994732735581,3.91111010440307e-22,5.267260797379227e-07,1
2014-07-08,1.22026291942457e-16,0.9999986964475595,6.343250794735453e-22,1.3035520868276585e-06,1
2014-07-09,1.9752521041618275e-16,0.9999982528931269,4.744262901055498e-22,1.7471072448606954e-06,1
2014-07-10,2.774937333130841e-16,0.9999967210114036,2.6929441064500633e-22,3.2789884790999805e-06,1
2014-07-11,2.0146345332140757e-16,0.9999978573837541,1.6990335653865747e-22,2.1426164531920566e-06,1
2014-07-14,1.1281994231095665e-16,0.9999977156556895,1.0362770636437873e-22,2.2843451298409724e-06,1
2014-07-15,4.953823890709966e-17,0.9999986339217011,9.21342364642497e-21,1.366078141898084e-06,1
2014-07-16,4.7740275041490286e-15,0.999999201116544,2.2990324595071446e-19,7.98883412554083e-07,1
2014-07-17,7.065299689071641e-14,0.999853268207081,1.9828069461240306e-20,0.00014673179266007916,1
2014-07-18,3.053337772396255e-14,0.9999891491995446,6.364208432069062e-20,1.0850800138241682e-05,1
2014-07-21,1.5689905096280077e-15,0.9999949785559348,4.1514623658614624e-22,5.021444647530771e-06,1
2014-07-22,1.883576729239755e-16,0.9999956494852134,1.2769511289674398e-22,4.350515225706083e-06,1
2014-07-23,7.682133740977283e-17,0.9999990007022906,5.111579076382551e-22,9.992968781459673e-07,1
2014-07-24,1.8442224447300996e-16,0.9999986276443773,1.0266641237219302e-21,1.372355987414083e-06,1
2014-07-25,6.809073934226277e-16,0.9999961854664429,5.129191862832485e-20,3.8145340030812426e-06,1
2014-07-28,2.6126471766577947e-14,0.9999953486912034,1.0312906291996488e-17,4.651307952776927e-06,1
2014-07-29,6.660932230907153e-12,0.9998356955155158,1.805460791161723e-15,0.00016430447841915953,1
2014-07-30,8.439862470011642e-10,0.9855384425454272,7.202097010613656e-13,0.014461556609684253,1
2014-07-31,6.595745853282525e-07,0.007829557781591051,2.523822349968709e-11,0.9921697826193006,3
2014-08-01,1.338341481071548e-05,0.0005111550366868412,3.582962515472088e-11,0.9994754615118598,3
2014-08-04,5.6567882043941056e-06,0.0010951875854637715,1.6654358270073071e-10,0.9988991554598323,3
2014-08-05,1.3412108448943922e-05,0.00016353810903833722,1.0830327948605803e-10,0.9998230496745826,3
2014-08-06,8.840051316646343e-06,0.0009610934942704456,6.397440186203203e-11,0.9990300663913445,3
2014-08-07,9.684968073816923e-06,0.0063837653218879785,8.254854342773133e-12,0.9936065497022855,3
2014-08-08,1.0111734932611613e-06,0.07156964947992399,2.1161400354052548e-13,0.9284293393458389,3
2014-08-11,1.6957916116015345e-08,0.911126991682491,7.692416360200439e-15,0.0888729913595427,1
2014-08-12,2.934019267149842e-10,0.9951980911117935,5.812804194391352e-17,0.004801908594124119,1
2014-08-13,1.4749797457518856e-12,0.9999018065564691,2.1216125278980166e-18,9.819344270023412e-05,1
2014-08-14,2.0850477174917603e-14,0.9999942793456206,6.473553250653701e-20,5.720654057933402e-06,1
2014-08-15,4.198386886535735e-15,0.9999897721222715,2.208707322883966e-21,1.0227877249800575e-05,1
2014-08-18,2.4977643096711213e-15,0.999990502377469,1.1237135324177849e-21,9.497623074992653e-06,1
2014-08-19,3.957631647576805e-16,0.9999958296535272,2.9602746467582827e-22,4.1703471544761785e-06,1
2014-08-20,1.2031262582366747e-16,0.9999984421386527,8.363589642359458e-23,1.557862243771535e-06,1
2014-08-21,3.9275868344499245e-17,0.9999983996234806,1.0497670346610336e-22,1.6003758409366713e-06,1
2014-08-22,6.821158659149648e-17,0.9999993144304048,1.6442091165533747e-22,6.855698989085206e-07,1
2014-08-25,6.377765686258494e-17,0.9999980907996395,8.148196867552282e-23,1.909200180204475e-06,1
2014-08-26,5.5052753454331844e-17,0.9999989237045491,1.3310571399948022e-22,1.0762961861078795e-06,1
2014-08-27,7.139273063497347e-17,0.9999987899234885,2.4056141866627583e-22,1.2100768135144083e-06,1
2014-08-28,1.6096523381240708e-16,0.9999984193321994,2.7730540309417777e-22,1.5806672520978666e-06,1
2014-08-29,1.988780730986158e-16,0.9999972916903357,2.8717271206117175e-22,2.708309780996082e-06,1
2014-09-02,2.454640613305661e-16,0.9999976985244866,5.286317296425041e-22,2.301475746956874e-06,1
2014-09-03,3.9250154293699836e-16,0.9999973229332135,6.138312532247543e-22,2.6770672196460044e-06,1
2014-09-04,5.163995215011799e-16,0.99999605366662,5.860798039848762e-22,3.946333138085599e-06,1
2014-09-05,5.428866398000238e-16,0.9999965037156655,4.289496979315085e-21,3.496284691473771e-06,1
2014-09-08,2.5467083767080738e-15,0.9999961657777768,1.0040298337320842e-20,3.834222659514961e-06,1
2014-09-09,7.266302425059148e-15,0.9999847908904205,5.256135382363857e-21,1.520910938240618e-05,1
2014-09-10,4.580720196384553e-15,0.9999901329424792,7.835422747024754e-21,9.867057741498837e-06,1
2014-09-11,4.213842065453819e-15,0.9999937386397079,5.630478481927645e-20,6.26136029181233e-06,1
2014-09-12,3.6184059645049087e-14,0.999988635460798,8.374982001126213e-20,1.1364539832906e-05,1
2014-09-15,5.2279079834875516e-14,0.9999437906963164,8.788962060287126e-21,5.6209303670875985e-05,1
2014-09-16,1.6655279159391387e-14,0.999984726733823,8.733734929125772e-21,1.5273266913660097e-05,1
2014-09-17,1.2905038779891981e-15,0.9999948890602905,8.785525521421183e-22,5.1109400591513404e-06,1
2014-09-18,3.0971745073294644e-16,0.9999968728674286,4.7557638030558855e-20,3.1271325293883424e-06,1
2014-09-19,1.1598581609126916e-14,0.9999978494675292,9.37879494479801e-18,2.150533282338743e-06,1
2014-09-22,5.006421507482967e-12,0.9998584365023538,6.925996862037006e-16,0.00014156349353589354,1
2014-09-23,7.029429424123952e-10,0.9947457350479284,1.6328349305285998e-14,0.005254264249856544,1
2014-09-24,1.7666149540592916e-08,0.9748938398049003,4.966321499577569e-12,0.025106142524491958,1
2014-09-25,3.581491350899819e-07,0.47141801995794946,1.4348307407507832e-11,0.5285816218781849,3
2014-09-26,2.8075610052996696e-06,0.2925474860757346,5.617741016108109e-11,0.7074497063062313,3
2014-09-29,4.816099427161348e-06,0.09410147814422207,5.155120200222197e-11,0.9058937057050237,3
2014-09-30,7.501899840828042e-06,0.015836623604943537,1.0310248241869028e-10,0.9841558743925339,3
2014-10-01,1.4692943251136643e-05,0.0012499685130496073,1.7641882969862453e-10,0.9987353383680302,3
2014-10-02,7.717213357419962e-06,0.0012638450296845903,4.1215922900498916e-11,0.9987284377150634,3
2014-10-03,5.530672529817254e-06,0.0032103498478874724,1.748620441958176e-10,0.9967841193048782,3
2014-10-06,5.367490053614402e-06,0.0028918274399126614,2.1493849793123843e-09,0.9971028029208785,3
2014-10-07,3.552186088147848e-05,4.130827091954998e-05,1.389915427522254e-07,0.9999230308758851,3
2014-10-08,0.0006949024963665111,5.1604665286114545e-05,4.0405725327466085e-06,0.9992494522653359,3
2014-10-09,0.0584099211410398,1.8500999258248885e-08,5.103775050085208e-05,0.9415390226066092,3
2014-10-10,0.637204985659497,2.631958190383011e-13,5.0844979189078e-05,0.36274416936106935,0
2014-10-13,0.9996304102399135,8.744288798732018e-22,6.670502349206885e-05,0.00030288473741559165,0
2014-10-14,0.999949268217244,9.749268372623072e-21,3.2479143891801454e-05,1.8252638126040403e-05,0
2014-10-15,0.9999551410895208,3.612227145363822e-28,4.4740289619302765e-05,1.1862159461022344e-07,0
2014-10-16,0.9999593630708381,1.3092874326517708e-27,4.021858835477703e-05,4.1834039237672533e-07,0
2014-10-17,0.9906315821817253,3.305070040544911e-19,5.298208623031002e-06,0.009363119610051342,0
2014-10-20,0.11465772441889469,1.0403687921368439e-09,4.905261850910473e-07,0.8853417840151476,3
2014-10-21,0.0037863648209959548,2.6331084072937272e-06,1.1130232758498232e-07,0.9962108907686109,3
2014-10-22,0.00011303471094433078,4.045333104869063e-06,1.5193797755728233e-09,0.9998829184357345,3
2014-10-23,2.4478451805267534e-05,0.00014180563232982465,1.244480978642902e-10,0.9998337157909868,3
2014-10-24,8.861697494933491e-06,0.012045691545510719,2.7818823435568146e-11,0.9879454467290705,3
2014-10-27,3.4429417752726825e-06,0.13453987907378118,8.244270982335234e-12,0.8654566779769384,3
2014-10-28,1.0349809646563788e-06,0.5107615368779396,7.23216516894146e-12,0.48923742813319204,1
2014-10-29,2.65681170846491e-07,0.8112326334301603,1.0933848855582726e-12,0.18876710088828452,1
2014-10-30,7.73155729739056e-08,0.9421602821453539,3.4038695489990547e-13,0.057839640539362636,1
2014-10-31,1.8012980595647307e-08,0.980881548863724,1.1868753847722316e-13,0.019118433122811716,1
2014-11-03,3.291921613713852e-09,0.9958928808358604,8.41053769997803e-15,0.004107115871619199,1
2014-11-04,4.740510186881251e-10,0.9988735684572496,3.1113537776839854e-16,0.0011264310682028733,1
2014-11-05,2.0503473765989618e-11,0.9997240779214339,4.969349288954457e-18,0.0002759220576783826,1
2014-11-06,3.775952723871089e-13,0.9999505311710778,1.2569709241597314e-19,4.9468828841117486e-05,1
2014-11-07,1.321822821797881e-14,0.9999895081769106,1.2797629686372973e-20,1.049182312623459e-05,1
2014-11-10,2.9125442342929777e-15,0.9999934766541577,4.777041210943792e-21,6.5233459686499154e-06,1
2014-11-11,2.776900686640066e-15,0.9999925648284185,1.4768643288510896e-20,7.435170853688721e-06,1
2014-11-12,1.346887152116652e-14,0.9999919685155528,2.8712363052722195e-20,8.031484201996767e-06,1
2014-11-13,2.4159012656517683e-14,0.9999665002714822,5.6016591912737e-20,3.349972856943039e-05,1
2014-11-14,1.0230065431803546e-13,0.9999851757227726,6.636360032468035e-19,1.4824277362230657e-05,1
2014-11-17,2.5445820642232234e-13,0.9999474280680013,3.613725005536215e-19,5.257193134538865e-05,1
2014-11-18,5.483080168336754e-13,0.999927402988335,5.4451440054078735e-19,7.25970112852757e-05,1
2014-11-19,3.020866986284299e-13,0.9999575538627224,1.7063722629631033e-19,4.244613643550515e-05,1
2014-11-20,5.663790788627302e-14,0.9999725910738664,1.9312838843909906e-20,2.7408926665773157e-05,1
2014-11-21,8.697605559736452e-15,0.9999869007482026,2.6185009470402394e-21,1.3099251868728015e-05,1
2014-11-24,9.07666741601199e-16,0.999994186237547,6.420262639541891e-22,5.81376303975299e-06,1
2014-11-25,3.0497940690957822e-16,0.9999977878930533,2.2094121404652934e-21,2.212106809857984e-06,1
2014-11-26,1.0729372042166232e-15,0.9999975123968415,2.741935020082e-20,2.4876022668095705e-06,1
2014-11-28,2.1054243639854344e-14,0.9999876006391082,4.197297992455182e-20,1.2399361630937826e-05,1
2014-12-01,6.559084457985043e-14,0.9999477723464556,1.8071195458692526e-20,5.222765409875732e-05,1
2014-12-02,1.6024167542720057e-14,0.9999849595409291,6.903892051706494e-21,1.5040458907961965e-05,1
2014-12-03,1.1966399106084441e-15,0.999994558093277,7.148333259981324e-20,5.4419069063563576e-06,1
2014-12-04,6.226123112629891e-15,0.9999971870168793,1.7024847810667553e-17,2.8129836411454197e-06,1
2014-12-05,1.6741917369722345e-12,0.999955421916193,6.1531030944417665e-15,4.457808300379115e-05,1
2014-12-08,9.624103511776857e-10,0.9753773940960121,2.09013206487758e-12,0.024622604939089604,1
2014-12-09,9.001118891334408e-07,0.564626093763176,3.2289495766828993e-09,0.4353730028962573,1
2014-12-10,0.002964124908708344,0.00011937994277352984,1.65350755152094e-06,0.9969148416406399,3
2014-12-11,0.11984337665056242,2.354305075948494e-09,8.38204123754437e-06,0.8801482389546249,3
2014-12-12,0.29064697364042064,5.173025274164721e-11,3.4213090842592454e-05,0.7093188132169037,3
2014-12-15,0.4239181514180323,6.228505558702127e-10,3.0032025042569465e-05,0.5760518159349198,3
2014-12-16,0.6902443412146234,8.544313672002293e-15,2.0479327644625835e-05,0.30973517945789175,3
2014-12-17,0.5386920214185738,9.649136148013028e-11,1.0096412458802623e-05,0.4612978820716472,3
2014-12-18,0.07045614064864049,8.41051271492342e-07,4.5162406626881575e-07,0.9295425666753805,3
2014-12-19,0.0004666790458166846,0.017280779980867193,1.5746720511933267e-09,0.9822525393989956,3
2014-12-22,3.1957272239475367e-06,0.3254817613649597,3.331891905440567e-11,0.6745150428736754,3
2014-12-23,1.3167400097567022e-06,0.6042375428704374,1.88298613991381e-11,0.3957611403703598,3
2014-12-24,1.1471236838876709e-06,0.6784031265536324,3.235179926802351e-11,0.3215957262903365,3
2014-12-26,1.201082838322386e-06,0.658849694602905,2.8744732107875122e-11,0.3411491042854475,3
2014-12-29,1.5305181674735e-06,0.5114584217653835,3.953937618000369e-11,0.4885400476766886,3
2014-12-30,3.6191278464705584e-06,0.16553136842491756,6.184879240056586e-10,0.8344650118285641,3
2014-12-31,9.655464236815603e-05,1.2457350019168828e-05,8.483023576239104e-10,0.9998909871589264,3
2015-01-02,5.756670807338606e-05,3.7909478137438555e-06,8.517411292523091e-09,0.999938633826204,3
2015-01-05,0.001096316019199564,2.5585620615211537e-09,1.9657957872280708e-07,0.998903484842246,3
2015-01-06,0.003336470053337081,1.832034789675133e-10,7.62016186834281e-08,0.9966634535625652,3
2015-01-07,0.0018685671171449602,7.260602050725313e-09,2.1424471437276923e-08,0.9981314041975948,3
2015-01-08,0.00028418584055001035,5.907430036778788e-07,8.582323030890903e-08,0.9997151375930879,3
2015-01-09,0.0007215881145775406,7.5801654626810655e-06,4.373546871956238e-07,0.9992703943652007,3
2015-01-12,0.035203181365437354,1.8283453162019256e-08,4.370961132546765e-06,0.9647924293900882,3
2015-01-13,0.26095017202907983,5.517610070825207e-10,1.5258431795566637e-05,0.7390345689868486,3
2015-01-14,0.5528709806478701,2.113161447127185e-11,2.5651075219815774e-05,0.44710336825573904,3
2015-01-15,0.6487728696518883,7.418967058649824e-13,2.572134200802437e-05,0.35120140900446956,3
2015-01-16,0.6200896908949118,9.140046137420542e-12,1.0239989631059981e-05,0.3799000691064131,3
2015-01-20,0.18292738828934435,2.8898362574017024e-09,1.2042409138695874e-06,0.8170714045804934,3
2015-01-21,0.019258236053197212,9.272618519432942e-08,4.8651116586502316e-08,0.9807416225694064,3
2015-01-22,0.0004831477240586628,6.808392337717777e-06,3.2961954059588475e-09,0.9995100405882371,3
2015-01-23,1.4546978613706681e-05,0.00013865157609913508,8.716015124206658e-11,0.9998468013582078,3
2015-01-26,5.848479274849001e-06,0.000752032862848808,4.973366505278005e-10,0.9992421181605681,3
2015-01-27,3.455634711515562e-05,2.1144422985028598e-05,1.7280436927464244e-08,0.9999442819487567,3
2015-01-28,0.0008539920372337516,1.1311293853920425e-09,3.597606210951933e-08,0.999145970855824,3
2015-01-29,0.0008639357383677788,5.913748174228332e-08,7.27839612907095e-08,0.9991359323406752,3
2015-01-30,0.0027680465102339156,2.0849541352533373e-10,1.0766982595505097e-07,0.997231845611568,3
2015-02-02,0.0021870574051120295,3.5802009307322727e-09,1.165769344847869e-08,0.9978129273569178,3
2015-02-03,0.00018672310379468316,7.918186557103091e-07,2.4235708740077026e-09,0.9998124826537115,3
2015-02-04,5.111469205917435e-05,1.0412683265823557e-06,2.2378456974650527e-10,0.9999478438162759,3
2015-02-05,2.576152442527493e-05,8.0682496438232e-06,1.8175269871864127e-10,0.9999661700450733,3
2015-02-06,1.7604062593607993e-05,1.630508673503426e-05,3.6896523076763893e-10,0.9999660904815337,3
2015-02-09,5.768294220807929e-05,5.758853699987946e-07,3.1305108063658726e-10,0.99994174085988,3
2015-02-10,3.9001023607996764e-05,1.1984789639128906e-05,1.420437629026458e-10,0.9999490140445924,3
2015-02-11,1.2617552059906154e-05,0.003109979607433629,2.670990102951259e-11,0.9968774028143494,3
2015-02-12,4.456564838598911e-06,0.09732872614579573,2.698460249063912e-11,0.9026668172620905,3
2015-02-13,2.1293060240010587e-06,0.39744567926157043,3.266075663356864e-11,0.6025521913992354,1
2015-02-17,1.9986539513086533e-06,0.48341377497335225,5.5172988358572695e-12,0.5165842263675888,1
2015-02-18,6.898372033313396e-07,0.6860031362169831,1.1932031186107067e-12,0.31399617394450224,1
2015-02-19,1.1496297076595865e-07,0.8671456185865131,1.41186497705915e-13,0.13285426645091106,1
2015-02-20,1.1651623104263765e-08,0.9761267181733909,9.69299975212927e-15,0.023873270175096887,1
2015-02-23,4.243563745880335e-10,0.9968331694032142,2.752481791445408e-16,0.00316683017167708,1
2015-02-24,1.2975852418720698e-11,0.9998484557134241,2.441154128101683e-17,0.000151544273252285,1
2015-02-25,6.737258613779159e-13,0.9999612908138952,4.546808122262049e-19,3.8709184968500563e-05,1
2015-02-26,7.165801695207736e-14,0.9999630480894476,7.599654783322147e-20,3.695191044913799e-05,1
2015-02-27,4.08160674840716e-14,0.9999875612803043,2.671872023567205e-19,1.2438719845737731e-05,1
2015-03-02,6.730946125271555e-14,0.9999801361527001,4.0652998107940764e-18,1.9863847132159206e-05,1
2015-03-03,2.7238692016838523e-12,0.9999441782484976,1.9809516832827736e-16,5.5821748389288664e-05,1
2015-03-04,1.210651346493133e-10,0.9991090194517178,5.17325333898577e-15,0.0008909804263571371,1
2015-03-05,3.143651323644641e-09,0.9858969352924087,3.0459102305052387e-13,0.014103061563928293,1
2015-03-06,1.4489945915819942e-07,0.7601857783879221,7.0160748992428305e-12,0.23981407670542937,1
2015-03-09,1.1561756750249345e-06,0.47529431292120056,6.088341447493246e-11,0.524704530842602,1
2015-03-10,1.067440783232412e-05,0.01383173226647249,3.31611883913705e-10,0.9861575929946409,3
2015-03-11,1.20512675465761e-05,0.0014896986647244057,6.234462895779397e-11,0.9984982500056124,3
2015-03-12,9.887534221448957e-06,0.002209237895145842,1.121194039501224e-10,0.9977808744591766,3
2015-03-13,7.036482123029996e-06,0.011630770078568093,8.857700114108849e-11,0.9883621933500973,3
2015-03-16,7.501727041306505e-06,0.03452842610442124,1.6592817576967158e-11,0.965464072151177,3
2015-03-17,1.0072268715957767e-06,0.39455336381109457,4.101730450531626e-13,0.6054456289617984,3
2015-03-18,3.6629084349509746e-08,0.8274203813800264,4.058837981982419e-14,0.17257958199082543,1
2015-03-19,1.019397973823729e-09,0.9923539580472517,9.642701553914197e-16,0.007646040932444669,1
2015-03-20,1.4926279462999053e-11,0.999716583864319,2.7587408288836785e-16,0.00028341612111150937,1
2015-03-23,2.456599082128558e-12,0.9999788674627013,3.9654496531773983e-16,2.113253551306564e-05,1
2015-03-24,1.543708034713031e-11,0.9998419000320835,4.0210173584191035e-15,0.0001580999517841017,1
2015-03-25,1.5275645433103344e-09,0.992850028461737,4.166697027412875e-14,0.0071499700100474415,1
2015-03-26,2.1869336932063915e-08,0.9901088487512469,1.0280179557362807e-13,0.009891129379548556,1
2015-03-27,1.853693458693962e-08,0.9925121175960107,1.3689243024506025e-13,0.007487863866676246,1
2015-03-30,1.3739710650339436e-08,0.9930707733972756,1.2492140115540109e-13,0.00692921286300657,1
2015-03-31,6.743842197426319e-09,0.9959790598264512,4.493747058655289e-14,0.004020933429998821,1
2015-04-01,1.9197393491665684e-09,0.9981580589935645,1.104709923173624e-14,0.0018419390864096766,1
2015-04-02,8.226444036827876e-10,0.9990610613781199,2.6670544245598348e-15,0.0009389377992409497,1
2015-04-06,2.771887787421334e-10,0.9990878601717249,2.338818423149729e-16,0.0009121395510825851,1
2015-04-07,3.861408761229979e-11,0.999647519535828,1.0202875065406243e-17,0.0003524804260008651,1
2015-04-08,1.1556210234745554e-12,0.9999197075798252,3.082529335350867e-19,8.029241987473018e-05,1
2015-04-09,3.651029776288782e-14,0.9999832088988119,1.3367696311994598e-19,1.6791100469437588e-05,1
2015-04-10,2.1822599123094942e-14,0.9999920686883188,1.5990253845964395e-19,7.931312429444452e-06,1
2015-04-13,5.992306909174752e-14,0.9999655033518454,3.703915688664504e-20,3.449664855034994e-05,1
2015-04-14,4.8096651272923396e-14,0.9999692509934953,1.0459976584070767e-20,3.07490066897273e-05,1
2015-04-15,6.0458959661042276e-15,0.9999882749958293,4.225821370442408e-20,1.1725004091647902e-05,1
2015-04-16,1.2129671765803276e-14,0.9999959132884957,3.5852674482347317e-19,4.086712315363515e-06,1
2015-04-17,1.5685624651342375e-13,0.999958019999097,2.1589380453141332e-19,4.19800006097648e-05,1
2015-04-20,1.0623641572725625e-13,0.9999437378940237,7.015624070621739e-20,5.626210642218137e-05,1
2015-04-21,2.394985929027311e-14,0.9999884598884945,1.2583244941063234e-20,1.1540110961554597e-05,1
2015-04-22,2.5254707403656097e-15,0.9999907689296801,1.4796681329381063e-21,9.231070413455916e-06,1
2015-04-23,8.268908992907683e-16,0.9999956281340089,1.970026732445121e-21,4.3718664741290156e-06,1
2015-04-24,1.0608376617799754e-15,0.9999967765831681,1.930815454662599e-21,3.223417662652471e-06,1
2015-04-27,1.3546098095823961e-15,0.9999921611268123,3.470987578566175e-21,7.83887391286669e-06,1
2015-04-28,3.163177345168149e-15,0.9999958338535562,1.2768637716624215e-19,4.166146620214305e-06,1
2015-04-29,7.19811891193908e-14,0.9999857141703596,3.9781388743367086e-19,1.4285829210163383e-05,1
2015-04-30,4.634925647559943e-13,0.9998667342191797,2.2984769178232116e-19,0.00013326578078227199,1
2015-05-01,1.6094932304118027e-13,0.9999664170245864,3.880132943039317e-18,3.358297461249536e-05,1
2015-05-04,1.876291514298391e-13,0.9999899203956872,2.58581600878354e-17,1.0079603636807853e-05,1
2015-05-05,6.7026419314118115e-12,0.9998432397433038,2.970294973213482e-16,0.00015676025034773826,1
2015-05-06,1.4208415304180465e-10,0.9992911319491843,1.8742912151312113e-16,0.0007088679081315786,1
2015-05-07,1.1180022529567948e-10,0.9989804973419998,3.37238931343174e-17,0.0010195025462213937,1
2015-05-08,9.734481282169919e-12,0.9998475534572165,4.4555302204250344e-17,0.00015244653317590247,1
2015-05-11,6.034348662285488e-13,0.9999666208300683,1.5138365078658683e-18,3.337916894428399e-05,1
2015-05-12,1.4032932343271633e-13,0.9999682228436981,2.445626184742136e-19,3.177715530734411e-05,1
2015-05-13,1.2160419866350772e-13,0.9999692248863435,2.3246668257660253e-20,3.077511290844882e-05,1
2015-05-14,1.407476624726551e-14,0.9999688428067183,1.6177482349243706e-20,3.1157193194426995e-05,1
2015-05-15,3.4129064938938205e-15,0.9999967547571849,7.573848665557574e-21,3.2452426628006645e-06,1
2015-05-18,1.4116146896017278e-15,0.999992950083946,1.5838282338472264e-21,7.049915909067638e-06,1
2015-05-19,1.8413115637561072e-15,0.9999940814334493,9.400490609530766e-22,5.918565679747185e-06,1
2015-05-20,7.113636507617252e-16,0.9999939386691021,2.8898349414753257e-22,6.061331703193098e-06,1
2015-05-21,2.315608711964765e-16,0.9999975253589278,8.387846575967549e-21,2.4746402865851518e-06,1
2015-05-22,4.028395216080494e-15,0.9999981787967257,2.168396111117326e-19,1.8212032914966823e-06,1
2015-05-26,1.2957255967155284e-13,0.9999473890490927,1.3550679203363325e-19,5.261095159419846e-05,1
2015-05-27,1.386297393166092e-13,0.9999467806202392,3.0043425285310487e-19,5.321937874178145e-05,1
2015-05-28,8.111065421840013e-14,0.9999867990571183,6.460748051407106e-19,1.320094236870267e-05,1
2015-05-29,1.4618685200105616e-13,0.999970311363152,7.515898010040408e-19,2.9688635982831663e-05,1
2015-06-01,4.7801947909632e-13,0.9999410119517051,6.492539388694166e-19,5.898804760710367e-05,1
2015-06-02,5.99533610447167e-13,0.9999259308008229,2.7044209946788406e-18,7.406919932972113e-05,1
2015-06-03,1.5151664610581407e-12,0.9999611701668246,1.2301727226780986e-17,3.88298319058367e-05,1
2015-06-04,3.7024137809866445e-12,0.9998171307440464,4.5923397892638815e-17,0.000182869251981594,1
2015-06-05,2.43889406071134e-11,0.9998837709329879,1.5228404403149352e-16,0.00011622904255052463,1
2015-06-08,3.1064055577677655e-11,0.9993911174879888,3.774024295380671e-17,0.0006088824813525935,1
2015-06-09,2.451815115721317e-11,0.9997974600768064,4.865352041715085e-18,0.0002025398995607365,1
2015-06-10,6.07317216920535e-13,0.9998894510509668,2.56003082446272e-18,0.00011054894922652839,1
2015-06-11,1.5862400907754496e-13,0.9999914732270287,2.0005210118193184e-17,8.526771974937912e-06,1
2015-06-12,1.746300811400917e-12,0.999949164705633,8.482565176622447e-17,5.0835292073577316e-05,1
2015-06-15,6.067047067352995e-11,0.9990173085803554,1.0438765398872542e-16,0.0009826913589503165,1
2015-06-16,2.2616034641376986e-10,0.9991145175706062,1.4575157405878803e-16,0.0008854822031173796,1
2015-06-17,2.5076031654641366e-11,0.9997213876764617,1.745954269814819e-17,0.0002786122983393977,1
2015-06-18,1.957175290661587e-12,0.9999318416303518,2.2134135494632833e-18,6.815836760128704e-05,1
2015-06-19,1.2834962642019e-13,0.999962909660384,1.7404582866405906e-20,3.709033956309789e-05,1
2015-06-22,3.7548073646054414e-15,0.9999882606278007,4.2573408879447484e-20,1.1739371724471444e-05,1
2015-06-23,5.158074946814731e-15,0.999997857281891,3.612615627233104e-18,2.1427172434046283e-06,1
2015-06-24,9.043837752105008e-13,0.9999688979949578,1.964939141829389e-16,3.1102004677253866e-05,1
2015-06-25,1.233298153909643e-10,0.9980013034787636,1.6154667758608574e-14,0.0019986963986342128,1
2015-06-26,8.73687104776061e-09,0.9513722358015234,1.2366102159495281e-11,0.04862775544879485,1
2015-06-29,7.5196363109684735e-06,3.5256489520285204e-05,2.375026869365835e-10,0.9999572236374491,3
2015-06-30,5.414372565757721e-05,9.79281785135929e-07,7.763844247995021e-11,0.9999448769144914,3
2015-07-01,1.0320134763936902e-05,0.00010302990016633514,9.803783305337953e-11,0.9998866498662533,3
2015-07-02,1.1934719922885945e-05,5.499293985725824e-05,8.057096484321314e-11,0.9999330722590852,3
2015-07-06,1.3384016718165905e-05,3.9198701411929026e-05,9.938951590563095e-11,0.9999474171819221,3
2015-07-07,1.1946962490868624e-05,0.00011816235504283783,2.737765539830737e-09,0.999869887944173,3
2015-07-08,0.00033221268398610926,8.761591925451657e-09,2.5553666325751604e-08,0.9996677530015654,3
2015-07-09,0.0006417283518278424,2.9685263986089263e-08,2.1770914533186926e-10,0.9993582417445038,3
2015-07-10,9.431855248556433e-06,0.004166759193630213,4.4409755416152425e-13,0.9958238089511141,3
2015-07-13,2.40612933903705e-08,0.7948003905122184,8.109625436313322e-15,0.20519958542726222,1
2015-07-14,1.9684808240144061e-10,0.9946799917584718,9.665969901770786e-17,0.005320008044668302,1
2015-07-15,1.3675043146109504e-12,0.9999277483366587,3.3877801161970594e-19,7.225166119255706e-05,1
2015-07-16,3.3465931260602492e-15,0.9999933886993218,4.884956207986054e-21,6.611301582289474e-06,1
2015-07-17,2.5920662801873436e-16,0.9999982869772914,3.878741845883096e-22,1.7130230208875874e-06,1
2015-07-20,1.5882414529065699e-16,0.9999974311500662,1.6969976426814968e-22,2.5688506116348277e-06,1
2015-07-21,1.555289054284796e-16,0.9999981526051454,6.043968375129031e-22,1.8473946148892876e-06,1
2015-07-22,2.620362259669712e-16,0.9999983069370281,2.2614599275417155e-20,1.6930622198856104e-06,1
2015-07-23,9.480952309393727e-15,0.99999627246474,3.6683762561924095e-18,3.7275344952601757e-06,1
2015-07-24,2.1423337219074717e-12,0.9999377078850651,6.674057035135344e-17,6.229211289014524e-05,1
2015-07-27,3.3096918842434074e-11,0.9988474930986616,3.3892946844623913e-18,0.0011525068689792932,1
2015-07-28,6.833022571977661e-12,0.9996952957828966,7.999387617689622e-19,0.0003047042097039024,1
2015-07-29,2.2832694084476426e-14,0.9999872384937879,1.1653542137141446e-20,1.2761505308300059e-05,1
2015-07-30,2.964563579323472e-16,0.9999979687293201,8.241726925106902e-22,2.0312702469960563e-06,1
2015-07-31,2.3528053344067724e-16,0.9999982979785205,1.293053415775999e-21,1.7020216654422292e-06,1
2015-08-03,8.100180020773631e-16,0.9999967229977335,1.5325354047549846e-21,3.2770025785096288e-06,1
2015-08-04,1.3507758587309468e-15,0.9999931584495538,5.812176336290925e-21,6.8415506483840595e-06,1
2015-08-05,6.266893814846547e-15,0.9999948600966707,2.9776508901777376e-20,5.139903770867728e-06,1
2015-08-06,1.991644418555694e-14,0.9999743143641432,4.847904240102931e-20,2.568563640624101e-05,1
2015-08-07,3.950105253052512e-14,0.9999864841305949,1.3725821159343843e-19,1.3515869669086274e-05,1
2015-08-10,5.2690863180258e-14,0.9999759770337466,6.400680480666991e-19,2.402296547023518e-05,1
2015-08-11,1.1568489353082876e-13,0.9999739618949494,2.598944547445275e-19,2.6038104361518542e-05,1
2015-08-12,4.7639139918916506e-14,0.9999743126215961,4.243570267487704e-19,2.5687377518557553e-05,1
2015-08-13,2.221587385901199e-14,0.9999827459265961,2.2016975281740246e-16,1.725407284592262e-05,1
2015-08-14,1.4670557863064334e-13,0.9999887516165099,9.32111288570047e-14,1.124838302686663e-05,1
2015-08-17,9.846265031495795e-12,0.999811433892521,3.5951251344548734e-11,0.00018856606088949363,1
2015-08-18,2.412159426589124e-09,0.9892724631742972,2.589770912070264e-08,0.010727508515602117,1
2015-08-19,1.0291016457293458e-05,0.6143299256814367,1.9241907029586494e-05,0.38564054139491377,1
2015-08-20,0.044831745956702564,5.192844185407385e-08,0.019248098884105412,0.9359201032298484,3
2015-08-21,0.4287716661331265,1.1958561106276738e-34,0.5712282786512801,5.5215889818615366e-08,2
2015-08-24,3.913876601755646e-09,1.2974347154686491e-108,0.9999999960855348,1.3828313213526353e-42,2
2015-08-25,6.278519113049697e-07,1.8271925447131311e-100,0.9999993721487196,1.2225300134191504e-36,2
2015-08-26,0.0010569034934147647,1.9619036716696442e-83,0.9989430965061016,3.4072467869451497e-28,2
2015-08-27,0.5866075188405457,7.035057548331347e-58,0.41339248115929217,7.515778740281702e-15,0
2015-08-28,0.9054005390303427,1.4208833042812437e-40,0.09459945867263121,2.2972124909731096e-09,0
2015-08-31,0.9249388975440792,2.0929155924375853e-42,0.07506110244713536,8.643441938060228e-12,0
2015-09-01,0.9214853850192453,3.1143193874610115e-57,0.07851461498065486,1.876794296673011e-15,0
2015-09-02,0.9834432678777711,8.233007835021874e-45,0.016556732075131256,4.624809812223382e-11,0
2015-09-03,0.9987985528015664,1.8012028765353165e-35,0.0012014347184181435,1.247931072667652e-08,0
2015-09-04,0.9995330319276357,1.9438326494465445e-39,0.0004669679043701749,1.6875602934639049e-10,0
2015-09-08,0.9995993056237884,3.896355647154263e-38,0.00040069412614340973,2.5059558948003607e-10,0
2015-09-09,0.9998924892759885,5.694046134570244e-36,0.00010749586515479663,1.4858132881911137e-08,0
2015-09-10,0.9999580630909668,1.2449030832246188e-29,4.1756163430537635e-05,1.8074631957141456e-07,0
2015-09-11,0.9999636074827528,2.550140793684747e-25,3.263091453722924e-05,3.761602582676419e-06,0
2015-09-14,0.9999648825960251,6.579154099075457e-26,3.411182217869948e-05,1.0055821970496055e-06,0
2015-09-15,0.9999489199185134,5.775863169698667e-23,4.6816175483989516e-05,4.263905721494326e-06,0
2015-09-16,0.9997902043382583,4.431759794284511e-18,4.359197136119602e-05,0.00016620369117798965,0
2015-09-17,0.9991538214047747,2.4827996579946052e-15,4.523810196419462e-05,0.000800940493977906,0
2015-09-18,0.9994436221873082,1.40539281338493e-16,7.409079828360138e-05,0.000482287013570178,0
2015-09-21,0.9979382759096512,5.614617144991703e-14,5.988567048171058e-05,0.0020018384193314634,0
2015-09-22,0.9996968479494293,1.5840223649672314e-17,5.1622025558516723e-05,0.0002515300257560039,0
2015-09-23,0.9998598861636786,1.1433227865341193e-18,3.4181596222714676e-05,0.00010593224005020454,0
2015-09-24,0.9999619690762849,1.9781786152649502e-22,3.169220627189589e-05,6.338716718169343e-06,0
2015-09-25,0.9999535846931575,2.0930758696497413e-24,4.350542127299921e-05,2.909885330643477e-06,0
2015-09-28,0.99962487385054,2.215905705851191e-37,0.0003751256745414502,4.755423900234738e-10,0
2015-09-29,0.9998723326963954,2.2166714586910895e-38,0.0001276669782808871,3.2576540898355863e-10,0
2015-09-30,0.9998789094312811,4.5207755483902665e-33,0.00012108382881340962,6.739312385290104e-09,0
2015-10-01,0.9995750525824473,1.4862616867498103e-21,3.4345701113161604e-05,0.00039060171654639467,0
2015-10-02,0.9807734112041582,7.806965509704116e-15,4.2417025991185465e-05,0.019184171769162928,0
2015-10-05,0.7170418009527155,9.39197045942834e-12,1.1016797623100244e-05,0.28294718224087934,0
2015-10-06,0.09107753264952817,1.3250082258419322e-08,7.794962241471281e-07,0.9089216746049105,3
2015-10-07,0.007783196784281576,2.0461357251266816e-07,3.524512718224362e-08,0.9922165633567674,3
2015-10-08,0.00027480477403713286,2.6787327294497697e-06,1.0866629144720986e-09,0.9997225154072703,3
2015-10-09,1.8878584357346238e-05,2.5660270435336348e-05,6.011809806648784e-11,0.9999554610845655,3
2015-10-12,8.175803143213541e-06,0.00018819009674681173,1.6253967601080283e-10,0.9998036339376599,3
2015-10-13,2.3330530686946324e-05,7.29837294692313e-06,2.552831907543935e-10,0.99996937084121,3
2015-10-14,3.2809355446644344e-05,3.496618378104438e-06,1.4293616715662072e-10,0.9999636938834278,3
2015-10-15,2.008797925194989e-05,0.00044528695499741186,8.647218310542931e-11,0.9995346249795313,3
2015-10-16,4.673737461405118e-06,0.026590245300479202,5.28250338994725e-11,0.9734050809085293,3
2015-10-19,4.14181060461989e-06,0.04166577951434072,8.351542881290836e-11,0.958330078591864,3
2015-10-20,5.716201507638991e-06,0.03983451098195853,8.54069487530387e-11,0.9601597727316976,3
2015-10-21,9.310986011726622e-06,0.04198633485123694,4.026494829746517e-11,0.9580043541219516,3
2015-10-22,4.8142850666389776e-06,0.13063276006694477,7.431732978301589e-11,0.8693624255737463,3
2015-10-23,1.6961523050945554e-06,0.44850808757985183,2.3245141785440607e-11,0.5514902162447246,1
2015-10-26,9.248679836531542e-07,0.6791948368880151,6.1885217537708335e-12,0.32080423823717724,1
2015-10-27,4.7219032430810993e-07,0.8100898967667322,1.473996568906804e-12,0.18990963104093256,1
2015-10-28,1.1977528883445648e-07,0.9082576786024439,1.3542053511959061e-12,0.09174220162074731,1
2015-10-29,4.7169710888466945e-08,0.9770432984421794,9.15824985943241e-13,0.022956654388097877,1
2015-10-30,4.2458613738436655e-08,0.9866835494271734,7.459506443575512e-13,0.013316408114088164,1
2015-11-02,3.835153129001877e-08,0.9881432601400377,9.670305981339984e-13,0.011856701507659082,1
2015-11-03,3.511135723197256e-08,0.9866748505569006,9.449984035917774e-13,0.013325114331502996,1
2015-11-04,6.766792585554143e-08,0.9673151297373966,6.912629895110167e-13,0.03268480259408628,1
2015-11-05,1.3874290052930533e-07,0.9462340166632345,1.831070265362385e-12,0.05376584459220489,1
2015-11-06,1.962447177249492e-07,0.885480092877529,1.6304642289441352e-11,0.11451971086141943,1
2015-11-09,1.2962321916318673e-06,0.19378935986140178,8.59409619465682e-12,0.8062093438978003,3
2015-11-10,3.995479853061116e-06,0.12572857356644906,7.079216039363252e-11,0.8742674308829818,3
2015-11-11,6.548410218778341e-06,0.03190286909641316,5.945621365236244e-10,0.9680905818992246,3
2015-11-12,6.699600978919271e-05,1.77404001966257e-05,7.733854777143052e-09,0.9999152558560426,3
2015-11-13,0.00041265808574722057,4.569327162861606e-09,7.149668182002672e-09,0.9995873301951931,3
2015-11-16,0.00027013160410673215,7.723448837143146e-08,4.0403124235697584e-09,0.9997297871210805,3
2015-11-17,0.00010911128203826894,2.2030579153323312e-07,5.853214748468059e-10,0.999890667826547,3
2015-11-18,5.5084232081931475e-05,1.7565795434403263e-06,3.4845800312727334e-10,0.9999431588405814,3
2015-11-19,1.4046715318966856e-05,0.00012644769193796224,3.611217010252108e-11,0.9998595055571743,3
2015-11-20,5.749721838931071e-06,0.003007689614169147,5.3131900270969e-11,0.9969865606106656,3
2015-11-23,5.606589002510592e-06,0.005636504323649222,6.639670150442142e-11,0.9943578890201148,3
2015-11-24,6.74800290491381e-06,0.007381417940221198,3.523083728818033e-11,0.9926118340207365,3
2015-11-25,4.611742208337874e-06,0.014803170845467476,5.7055882708495086e-11,0.9851922173558245,3
2015-11-27,4.505017965234236e-06,0.014869346511630526,9.390933079186657e-11,0.9851261483768118,3
2015-11-30,7.381347560302742e-06,0.006742658659728097,5.4697240455527277e-11,0.9932499599376331,3
2015-12-01,5.618313508087063e-06,0.0051674531064263085,2.0434272192992387e-10,0.9948269283763783,3
2015-12-02,9.022130576127037e-06,0.001784105940601565,1.090991564078565e-09,0.9982068708381879,3
2015-12-03,4.2766990883343235e-05,3.0142996273722398e-06,3.9630750383306374e-10,0.999954218312544,3
2015-12-04,1.7907024958738116e-05,5.042505889671998e-05,1.4017805471248884e-09,0.9999316665136418,3
2015-12-07,9.487406527270686e-06,0.0005524361805004926,1.0179575670048615e-08,0.9994380662330614,3
2015-12-08,0.00043169836620990653,1.1340327528115974e-05,2.028037515060811e-07,0.9995567585016185,3
2015-12-09,0.023402295089123025,2.026974363816584e-08,2.916736632124435e-06,0.9765947679042649,3
2015-12-10,0.17060592159257454,2.836192527770468e-10,1.6434448850758934e-05,0.8293776436752857,3
2015-12-11,0.9976042672311949,2.4723882547372513e-19,8.67238861538166e-05,0.002309008882022618,0
2015-12-14,0.9979732051130206,3.516771489912734e-16,2.9654110876656124e-05,0.0019971407768664324,0
2015-12-15,0.8898749311193653,1.0844355559254001e-13,4.761507468188923e-06,0.11012030737364487,0
2015-12-16,0.09531637410473809,2.143231506126489e-08,3.369161796000698e-06,0.9046802353013942,3
2015-12-17,0.012465581740025787,7.859594694104565e-08,2.200212692037461e-06,0.9875321394521517,3
2015-12-18,0.0068042583381373156,2.3188678812613687e-10,1.5470369528381754e-07,0.993195586726615,3
2015-12-21,0.0009377170773860506,1.0355592549088235e-07,1.787467341003373e-09,0.9990621775784729,3
2015-12-22,3.025779254113537e-05,2.3476484234509834e-05,1.6248612993437387e-10,0.999946265560917,3
2015-12-23,1.1003883008874081e-05,0.00015525408894039567,9.218494546024452e-11,0.9998337419364305,3
2015-12-24,6.048189158912176e-06,0.000699578803389472,1.1870989050485337e-10,0.9992943728880564,3
2015-12-28,1.2543241475664178e-05,7.176689267913633e-05,8.776161589890737e-11,0.9999156897774824,3
2015-12-29,1.3564442100495436e-05,4.968211200717622e-05,5.7442967040682e-10,0.9999367528718953,3
2015-12-30,3.610513276389691e-05,1.693536210278661e-05,1.6293290008166e-08,0.9999469432110617,3
2015-12-31,0.0013920199783321238,1.2328031386427557e-06,5.129674003508801e-07,0.9986062342519528,3
2016-01-04,0.04316031948570534,3.3087815932817174e-10,5.742929179389577e-06,0.9568339372536278,3
2016-01-05,0.10037665243870779,2.1862169442153453e-08,1.0052465660841046e-05,0.8996132732333871,3
2016-01-06,0.4317693780646555,2.756480280918828e-12,5.2085215580665956e-05,0.568178536716263,3
2016-01-07,0.999625935300574,9.272925977342197e-24,0.0001552507304829257,0.00021881396972866154,0
2016-01-08,0.9998959655663473,1.7763075909795778e-32,0.00010403302562558821,1.4078485988080243e-09,0
2016-01-11,0.9999624506464441,1.135892690383472e-29,3.709063976187923e-05,4.5871456035757415e-07,0
2016-01-12,0.9999467481366368,1.505417640655441e-23,4.183414904306502e-05,1.1417713673191894e-05,0
2016-01-13,0.9998308340074888,2.773821202218891e-29,0.00016890132612912642,2.6466646172901926e-07,0
2016-01-14,0.9998990576296256,1.2359700620067691e-29,0.00010089788208954787,4.448859705751564e-08,0
2016-01-15,0.999803859775434,1.0082731792185486e-36,0.0001961377359307605,2.4884804527935823e-09,0
2016-01-19,0.9999240100030098,4.8024385213228193e-35,7.598602918169897e-05,3.968366763720572e-09,0
2016-01-20,0.9998567203538611,3.588151684440265e-39,0.00014327942279592133,2.236155827918155e-10,0
2016-01-21,0.9998890108388148,9.323243267002259e-39,0.00011098893882555834,2.229905590303679e-10,0
2016-01-22,0.9999033142262532,4.1092604661987064e-29,9.5620823057468e-05,1.0649500762794522e-06,0
2016-01-25,0.9999352114698279,3.0992452445426226e-26,6.183351856826736e-05,2.9550122985162103e-06,0
2016-01-26,0.9999440610284571,2.024019927566737e-23,5.2764122615450764e-05,3.1748490020273932e-06,0
2016-01-27,0.9999336255242228,1.928334100794973e-22,4.290907037886133e-05,2.346540547796989e-05,0
2016-01-28,0.9999389285753916,4.417103266556197e-20,3.987677852399232e-05,2.1194646660687377e-05,0
2016-01-29,0.9996665631111037,8.982792581047316e-18,0.0001822390011441115,0.0001511978877230094,0
2016-02-01,0.9959222311865166,1.3172816829952096e-13,7.967047222782375e-05,0.003998098341620648,0
2016-02-02,0.9990249534834978,1.4226688449915313e-16,0.00010601245209181144,0.0008690340642178716,0
2016-02-03,0.999780379021523,9.934684311934817e-17,3.9642542367404234e-05,0.0001799784354884283,0
2016-02-04,0.9998411076203766,3.6026511428437404e-18,3.621993396945349e-05,0.00012267244593286845,0
2016-02-05,0.9999045008863837,1.5751071162615774e-22,7.814966555537797e-05,1.734944803082007e-05,0
2016-02-08,0.9999221651767005,1.9411290388782225e-30,7.780606182833815e-05,2.876073257736605e-08,0
2016-02-09,0.9999236601033944,1.995844525957942e-35,7.633876297062011e-05,1.133510721394111e-09,0
2016-02-10,0.9999209309382501,4.505305486421388e-36,7.906684908298992e-05,2.2133676582391435e-09,0
2016-02-11,0.999780317356778,2.5889393190165575e-41,0.00021968260044918111,4.201658944704833e-11,0
2016-02-12,0.9997929255720778,1.4099939113104332e-38,0.00020707412078380333,3.069935048803794e-10,0
2016-02-16,0.9999065186279834,7.260655443606873e-32,9.344887519511258e-05,3.2497330843146015e-08,0
2016-02-17,0.9998445668181264,2.2517165862588514e-22,6.218487909089668e-05,9.324830280652338e-05,0
2016-02-18,0.9622276104170518,3.1486061881336344e-15,3.344337103645421e-05,0.03773894621213807,0
2016-02-19,0.8027794122255738,4.34937578962775e-11,3.5220027888814594e-05,0.19718536770385073,0
2016-02-22,0.6615289287689716,5.326841029818957e-10,5.7259979439522415e-05,0.33841381071978077,0
2016-02-23,0.5358833037697996,7.241028626808305e-11,3.3231134296539276e-05,0.4640834650229806,0
2016-02-24,0.4042917550942606,1.7632433468039987e-10,6.803830555374874e-06,0.5957014408986249,0
2016-02-25,0.14117663515084075,8.381523787181512e-09,4.6962793542828875e-06,0.8588186601880629,3
2016-02-26,0.045840517309847714,1.0859080460098408e-08,1.5973875102968314e-06,0.9541578744429322,3
2016-02-29,0.02192835442393418,1.1897278411302237e-09,4.7631037514556673e-07,0.9780711680765648,3
2016-03-01,0.00739184971810298,9.818962343332824e-09,5.4948409712386073e-08,0.9926080855137792,3
2016-03-02,0.00013098200647834726,1.458692425258674e-05,7.671156308706313e-10,0.9998544303023224,3
2016-03-03,1.420063664491356e-05,4.183061482453474e-05,1.0379722000256927e-10,0.9999439686453386,3
2016-03-04,1.4699901821048374e-05,2.9294755310115025e-05,1.2818242446105783e-10,0.9999560052147956,3
2016-03-07,2.0844220987395066e-05,1.097627079910814e-05,3.9748996275551317e-10,0.9999681791111266,3
2016-03-08,6.758798961844167e-05,3.061638175636997e-07,1.1101839416607435e-09,0.9999321047365455,3
2016-03-09,7.989557918400178e-05,4.525638969179654e-07,3.9727615291177984e-10,0.9999196514594151,3
2016-03-10,4.137616167145354e-05,1.8076869545889888e-06,2.6241384266042515e-10,0.9999568158884824,3
2016-03-11,3.8125673035395175e-05,7.029386420812135e-06,3.004380115844999e-10,0.9999548446403327,3
2016-03-14,1.2765409961957127e-05,0.0010408566739941252,3.4001829599219156e-11,0.9989463778817532,3
2016-03-15,5.470262529025065e-06,0.026476960527490382,3.158322417408642e-12,0.9735175692069004,3
2016-03-16,5.105222303234612e-07,0.5408370229155803,4.443447914661207e-13,0.4591624665613311,1
2016-03-17,3.4494583252807374e-08,0.8954855156021746,2.2361691387680322e-14,0.10451444990369727,1
2016-03-18,1.0990788847222464e-09,0.991514856019859,2.606723330478583e-15,0.008485142880595655,1
2016-03-21,8.261752355335468e-11,0.9996437524163159,1.1055691085053568e-15,0.0003562475012504471,1
2016-03-22,2.532703590386916e-11,0.9998929378379393,3.232463204575472e-16,0.0001070621375700025,1
2016-03-23,3.636527046327716e-11,0.9996550206687033,3.3326266796167294e-16,0.0003449792954552862,1
2016-03-24,1.461848553318994e-10,0.9995928980305266,3.757403532558406e-16,0.0004071018238881013,1
2016-03-28,9.659338029295811e-11,0.9991791813545908,3.1907494645768375e-17,0.0008208185482183339,1
2016-03-29,1.3511756359504093e-11,0.999775402946348,1.7360228170687972e-17,0.00022459704040537337,1
2016-03-30,1.0531898629212952e-12,0.9999563907381691,2.6410755308496215e-18,4.360926046476649e-05,1
2016-03-31,2.8559897537311695e-13,0.9999600923761814,6.8940711435160944e-18,3.9907622761479364e-05,1
2016-04-01,2.948002328793615e-12,0.9999578819617957,3.223817791902477e-16,4.211803521634484e-05,1
2016-04-04,9.170731861762475e-11,0.9991237060306867,7.305640407110054e-15,0.0008762938779444576,1
2016-04-05,6.203614376048744e-09,0.983229390804126,1.3204866006557988e-13,0.016770602992317658,1
2016-04-06,7.128352865999751e-08,0.9656120958899258,4.871159319148046e-12,0.034387832820990304,1
2016-04-07,3.2891399287049806e-07,0.9083969130074429,3.900115248979777e-12,0.09160275807383587,1
2016-04-08,4.0972247597054546e-07,0.9049068645023312,3.564943708450494e-12,0.09509272577172345,1
2016-04-11,3.996664829607475e-07,0.9029936390723293,3.387176219725879e-13,0.09700596126151811,1
2016-04-12,4.8980607671038537e-08,0.942969203544566,1.6994493594461206e-14,0.05703074747571383,1
2016-04-13,1.0509120539412975e-09,0.9910450667672904,7.983197980687709e-16,0.008954932181490809,1
2016-04-14,2.015045982560331e-11,0.9997091944994068,4.1645820967127794e-17,0.0002908054795933703,1
2016-04-15,8.188337071715506e-13,0.9999712462072567,1.0014424691298577e-18,2.875379154998279e-05,1
2016-04-18,7.01220256068415e-14,0.9999645493925705,6.456501178348021e-20,3.54506073724295e-05,1
2016-04-19,3.3519369436567084e-14,0.9999827800156889,1.0101434667866307e-19,1.7219983920219855e-05,1
2016-04-20,3.905286471079981e-14,0.9999857439849894,5.601227454419306e-20,1.4256015114304496e-05,1
2016-04-21,3.683555801035887e-14,0.9999654288668017,1.0856695199362697e-19,3.457113279845773e-05,1
2016-04-22,8.752791103131332e-14,0.9999875084847949,6.661003216470828e-19,1.2491515665892136e-05,1
2016-04-25,2.232666044360753e-13,0.9999487559722918,1.8237049725154197e-18,5.1244027036475177e-05,1
2016-04-26,2.714391756808944e-12,0.9999313090157692,8.951541507927465e-17,6.869098195463834e-05,1
2016-04-27,4.728251721452856e-11,0.9997246900736144,3.8617767166167775e-15,0.0002753098797979138,1
2016-04-28,1.5967379900779305e-09,0.9937103142464615,4.5062994459879866e-14,0.0062896841566364905,1
2016-04-29,3.208216428202335e-08,0.9831325516037759,2.9871057263757305e-13,0.01686741631409113,1
2016-05-02,6.70871099876186e-08,0.977169927082336,1.5403956854320383e-12,0.02283000582983315,1
2016-05-03,1.3493938019251523e-07,0.9653936042286355,2.449049793603903e-12,0.03460626082887844,1
2016-05-04,1.817307574479311e-07,0.9570205002666765,4.584914941692622e-13,0.04297931800202763,1
2016-05-05,5.481987635252464e-08,0.963948396154161,4.783287059798597e-14,0.036051549025682285,1
2016-05-06,6.54608724587421e-09,0.9906171891139152,2.6716639610560353e-14,0.00938280433997507,1
2016-05-09,1.7063611616924679e-09,0.9981440032910526,1.7243795313226486e-14,0.0018559950030512373,1
2016-05-10,8.964137343365724e-10,0.9991514899332897,5.1113102623063635e-14,0.0008485091708915762,1
2016-05-11,1.4483582300532974e-09,0.999047028389075,5.907490861843735e-14,0.0009529701621927248,1
2016-05-12,2.5731871513701393e-09,0.9966374399919716,1.0356038302389673e-13,0.0033625574355882963,1
2016-05-13,1.9166719945264177e-08,0.9724420512878919,6.259997443165e-13,0.027557929544982474,1
2016-05-16,1.4602005114167408e-07,0.9001686199505256,3.645327571460291e-12,0.09983123402585584,1
2016-05-17,6.925503923367981e-07,0.815346940881989,1.640595337835922e-11,0.18465236655141037,1
2016-05-18,1.2188362912861533e-06,0.7388600262047086,9.96025388239076e-12,0.2611387549497132,1
2016-05-19,1.832816011306081e-06,0.7181947100435787,7.901567478618433e-12,0.2818034571333267,1
2016-05-20,1.0934644453208869e-06,0.7523786816551384,8.399798724502561e-12,0.24762022487239527,1
2016-05-23,7.577646286624476e-07,0.7939864891377812,6.834936424848747e-13,0.20601275309712228,1
2016-05-24,7.573882485983131e-08,0.8750015113166655,2.2638002756918844e-14,0.12499841294471167,1
2016-05-25,7.363388860844216e-10,0.9879769649406598,4.2968215534723613e-16,0.012023034323089756,1
2016-05-26,1.2104420897569729e-11,0.9997788139315367,6.697889451759093e-17,0.0002211860567965589,1
2016-05-27,8.370088057607445e-13,0.9999792640413827,7.416799532109173e-18,2.073595817450101e-05,1
2016-05-31,4.818468602433262e-13,0.999932362973703,5.054977943755181e-19,6.763702666924048e-05,1
2016-06-01,6.389472605201725e-13,0.9999177359610314,2.7807420564875337e-19,8.226403880712732e-05,1
2016-06-02,1.5497139084897202e-13,0.9999654096134647,6.893870472428761e-19,3.45903865606107e-05,1
2016-06-03,1.8175055366844966e-13,0.9999835096255065,7.428102768004517e-18,1.6490373511335525e-05,1
2016-06-06,2.3031631415479176e-12,0.9999243433566528,1.0032953788649905e-16,7.565664075081513e-05,1
2016-06-07,1.120249411708955e-10,0.9992967925737869,3.929656138943113e-15,0.000703207313432443,1
2016-06-08,2.4376594230266447e-09,0.9891468214408423,1.2837775759295438e-13,0.010853176121273301,1
2016-06-09,4.7794146336946885e-08,0.8637057179484056,2.1499184512409077e-11,0.13629423423682477,1
2016-06-10,6.902450409195843e-06,0.025136188539776203,4.443653208201534e-09,0.9748569045660591,3
2016-06-13,0.0027616171364437986,8.686387262913227e-09,9.116549154247022e-08,0.9972382830110081,3
2016-06-14,0.002798273183731369,1.4340649781505362e-09,5.22431836467229e-08,0.9972016731390898,3
2016-06-15,0.0015765382449361132,4.518039224382061e-09,1.9135949974699884e-08,0.998423438100904,3
2016-06-16,0.0005883745204447856,3.067441596308336e-08,8.036940698112768e-09,0.9994115867673169,3
2016-06-17,0.00031960114759803615,4.500628883924609e-08,1.0093775167329973e-08,0.9996803437516858,3
2016-06-20,0.0005472258923967977,3.6561738053683073e-07,8.015510164054781e-08,0.9994523283351803,3
2016-06-21,0.005961328249996163,3.829060443652687e-07,9.371329290768586e-07,0.9940373517102883,3
2016-06-22,0.09622402728692944,1.3710999883346575e-10,7.844656694522452e-06,0.903768127919179,3
2016-06-23,0.13151379026966872,7.450818153221131e-09,9.859355981746068e-05,0.8683876087205437,3
2016-06-24,0.9988674807532752,1.40080072275194e-25,0.0010332253575969263,9.929388900503731e-05,0
2016-06-27,0.9968269136867881,1.9290825188912698e-19,5.758455748696852e-05,0.0031155017551566487,0
2016-06-28,0.3853732486611401,1.9877213578497774e-11,2.555541580257064e-06,0.614624195776798,3
2016-06-29,0.013892007277635057,4.4397002548139903e-05,4.62338785471388e-08,0.9860635494859851,3
2016-06-30,6.653104255709706e-05,0.03384673078820975,3.7769432207524636e-10,0.9660867377908252,3
2016-07-01,1.2045150610187169e-06,0.5919864093751714,1.682696284949839e-11,0.40801238609331714,1
2016-07-05,7.049146197657899e-07,0.738404047279973,1.8786772107588884e-12,0.2615952478042156,1
2016-07-06,1.0888113334324376e-07,0.885011353509113,2.3950839387351526e-13,0.11498853760971563,1
2016-07-07,1.81883272359854e-08,0.9768180776799239,1.339515615852134e-14,0.02318190413191039,1
2016-07-08,7.163395082959732e-10,0.995252590382135,2.8246118364614252e-15,0.004747408900675781,1
2016-07-11,2.5393367815700658e-11,0.9998217695717044,1.5368258762445402e-17,0.0001782304035339759,1
2016-07-12,3.0047528745005504e-13,0.999937675012518,1.9007701926896019e-19,6.232498646476042e-05,1
2016-07-13,2.4598630197556422e-14,0.999990836962896,1.5431944399085942e-20,9.163037973379056e-06,1
2016-07-14,2.6323084887870966e-15,0.9999886943335417,1.7454138987104586e-21,1.1305666819072552e-05,1
2016-07-15,1.2647080808560132e-15,0.9999956542000134,5.045915392076779e-22,4.345800267043344e-06,1
2016-07-18,2.37439690731257e-16,0.9999959080370947,1.8727238191219024e-22,4.091963444551864e-06,1
2016-07-19,1.4882955676797098e-16,0.9999985690966474,6.01002807636331e-22,1.4309035774410972e-06,1
2016-07-20,2.793324930658445e-16,0.9999980451922064,7.183912601753952e-22,1.9548077864524837e-06,1
2016-07-21,4.662047035292892e-16,0.9999957761445405,7.624398371068065e-22,4.2238547582719746e-06,1
2016-07-22,6.692509116111182e-16,0.9999970677442679,3.3803161127202807e-21,2.9322566359870325e-06,1
2016-07-25,1.8719320914770624e-15,0.9999946398327623,2.2258422786942845e-21,5.3601670166776845e-06,1
2016-07-26,2.0659308333824374e-15,0.9999911129356587,1.730507452607691e-21,8.887063444211888e-06,1
2016-07-27,1.9334456079687907e-15,0.999994477521583,6.633967036424313e-22,5.5224788225671365e-06,1
2016-07-28,4.0894798830642473e-16,0.9999941625890034,3.061728591021115e-22,5.837411423586036e-06,1
2016-07-29,2.6543177786211815e-16,0.999998388116572,2.840153286857926e-21,1.6118837603620961e-06,1
2016-08-01,1.2042057079281271e-15,0.9999970474989753,4.985214027174384e-21,2.952500690348689e-06,1
2016-08-02,4.747125954930614e-15,0.999987959128435,2.0631841449556327e-21,1.2040871442328583e-05,1
2016-08-03,1.8108830104622877e-15,0.9999911424084825,7.948378674732357e-22,8.857591021670635e-06,1
2016-08-04,5.029685128450188e-16,0.9999968076750543,1.8307564482514618e-22,3.192325560445539e-06,1
2016-08-05,8.97081758363335e-17,0.9999974642628648,1.7507624746433932e-22,2.535736985159545e-06,1
2016-08-08,4.313585439793927e-17,0.9999992365740767,1.5013148247145264e-22,7.634265333939817e-07,1
2016-08-09,5.793824532922086e-17,0.9999989469912267,1.6823550003778176e-22,1.0530078667338531e-06,1
2016-08-10,1.0893706522760199e-16,0.999998508775409,8.244651310347349e-23,1.4912251229293274e-06,1
2016-08-11,5.312015437322156e-17,0.9999981574582002,1.1502791532610602e-22,1.8425426982362178e-06,1
2016-08-12,6.648734549647367e-17,0.999999176396498,4.161752730223151e-22,8.236032030634464e-07,1
2016-08-15,1.8841876006065e-16,0.9999983126541021,5.101932283260099e-22,1.6873465160569512e-06,1
2016-08-16,3.9283959965633044e-16,0.9999964936621463,1.562746646898299e-22,3.5063369876119413e-06,1
2016-08-17,9.850445724529866e-17,0.9999973685569846,3.7435239199065056e-23,2.6314434919314557e-06,1
2016-08-18,2.6457241209215035e-17,0.999999071511842,1.6888885637826584e-22,9.284887959891798e-07,1
2016-08-19,6.888877311464506e-17,0.9999994053343421,6.399657401775307e-22,5.946650000665937e-07,1
2016-08-22,2.5563958043279007e-16,0.9999976342233612,1.6085336159291215e-21,2.365776674731891e-06,1
2016-08-23,1.6667473753205331e-15,0.9999964123572463,1.3746861839407767e-20,3.587642503396826e-06,1
2016-08-24,1.3217472808704151e-14,0.9999860475063752,3.3487071736611965e-20,1.3952493282164559e-05,1
2016-08-25,3.5572183844602415e-14,0.9999779945939886,3.4138119126745627e-20,2.2005405255072857e-05,1
2016-08-26,3.1759557296451044e-14,0.9999774917801201,1.7964416171098738e-20,2.250821976977357e-05,1
2016-08-29,1.1769177717695336e-14,0.9999860576289101,2.2677140217356145e-20,1.3942371662376976e-05,1
2016-08-30,9.600091226753168e-15,0.9999913287859602,2.705260842386976e-20,8.671213508843872e-06,1
2016-08-31,1.458455715050669e-14,0.9999857855446677,3.6729207200440645e-21,1.4214455944900865e-05,1
2016-09-01,3.4705138919811667e-15,0.9999818356221941,7.5258121359374135e-22,1.8164378106048554e-05,1
2016-09-02,6.293505963758973e-16,0.9999973459742909,2.7717310405979606e-20,2.654025119972713e-06,1
2016-09-06,5.802554510869502e-16,0.9999976492081606,4.069653199203038e-18,2.3507922967949442e-06,1
2016-09-07,2.0312123126473994e-13,0.9999933899798819,1.9644252498736433e-15,6.6100201513486025e-06,1
2016-09-08,1.1420675244877804e-10,0.9967572378235193,8.221071107088267e-13,0.0032427620613753073,1
2016-09-09,7.328771740328651e-07,0.0006132086003902126,2.6794376258440173e-11,0.9993860584955708,3
2016-09-12,1.0635787668426728e-05,0.00018253909313930674,8.280452214740462e-10,0.9998068242910451,3
2016-09-13,3.6341715150637545e-05,2.2679740482108934e-06,9.266151197815645e-10,0.999961389384758,3
2016-09-14,4.132875866039702e-05,1.3479302479774046e-05,8.02702710984781e-11,0.9999451918588326,3
2016-09-15,1.16626401795801e-05,0.007630696768371125,3.23369097413679e-11,0.9923576405589974,3
2016-09-16,3.2249836003447338e-06,0.239953919683333,3.530054511808004e-11,0.7600428552971916,3
2016-09-19,2.473765780677043e-06,0.3848205531811426,2.306073004271491e-12,0.6151769730510306,3
2016-09-20,2.359612023634405e-07,0.5421005028615898,4.509163426475149e-15,0.4578992611768777,3
2016-09-21,5.824980381020766e-10,0.9645056392386311,1.1166880804736922e-16,0.035494360178577794,1
2016-09-22,1.333774548805557e-12,0.9998458007859031,1.2277382321291044e-16,0.00015419921258147179,1
2016-09-23,2.2214191896617697e-13,0.9999973798856209,9.553249804060585e-18,2.6201146743651036e-06,1
2016-09-26,1.1272602278505456e-13,0.9998923772583008,2.677491610182143e-20,0.00010762274213456415,1
2016-09-27,5.244103501005713e-14,0.9999757409218892,2.3680610082678593e-19,2.4259077928612506e-05,1
2016-09-28,2.975452542378861e-14,0.9999938953774177,5.491346378780992e-19,6.104623139430384e-06,1
2016-09-29,1.2793964942276673e-13,0.9999545818355509,1.8334660048195022e-19,4.541816489067647e-05,1
2016-09-30,1.3468562505019024e-13,0.9999572484001118,2.0249109482797587e-19,4.275160005102672e-05,1
2016-10-03,6.622906538014939e-14,0.9999814562825546,9.150831310040054e-20,1.8543717715987484e-05,1
2016-10-04,2.6390938761254172e-14,0.9999806362849408,1.75951198975935e-20,1.9363715621975517e-05,1
2016-10-05,8.368677871908773e-15,0.9999869463787742,1.7035101980683369e-19,1.3053621484796586e-05,1
2016-10-06,6.918965299790505e-14,0.99999261223275,1.393802804605924e-17,7.387767297996935e-06,1
2016-10-07,6.637919133154989e-12,0.9998498300126798,6.846670473983863e-16,0.00015016998042849538,1
2016-10-10,6.145593508727276e-10,0.9912903683180414,1.0273119308513838e-13,0.008709631066614586,1
2016-10-11,8.806810722179672e-08,0.6777709129240009,3.705939106371928e-12,0.32222899900419516,1
2016-10-12,2.1923758217259634e-06,0.3290653506283484,2.528166771138748e-11,0.6709324569710776,1
2016-10-13,6.915166448609434e-06,0.2061999773649905,3.0719066986936804e-11,0.7937931074386367,1
2016-10-14,5.38149281579663e-06,0.21275181894397097,2.4035273582432248e-11,0.7872427995397653,1
2016-10-17,3.417845825498673e-06,0.27642904574995764,2.4313738144231014e-12,0.7235675364018971,1
2016-10-18,3.054405848235322e-07,0.5556762259334834,5.819280358111641e-14,0.4443234686258731,1
2016-10-19,5.3972839290944715e-09,0.9465938603287778,1.676471642906209e-15,0.05340613427369415,1
2016-10-20,7.571264734391554e-11,0.9985083136334953,9.524534787345508e-17,0.0014916862909009796,1
2016-10-21,1.50969680932137e-12,0.9999637444422228,4.593937358103789e-17,3.6255556781828424e-05,1
2016-10-24,7.434665352133121e-13,0.9999797405413555,1.1023481232888453e-16,2.0259457904618086e-05,1
2016-10-25,2.8417170909313e-11,0.9996478017071485,3.308879738923973e-15,0.0003521982638700714,1
2016-10-26,1.7704307054446892e-09,0.9773169014653718,8.102948724107417e-14,0.02268309676342145,1
2016-10-27,1.2624474444142789e-07,0.6500362507608769,2.6767222875808032e-12,0.34996362299093686,1
2016-10-28,2.7709261331116155e-06,0.13175477762495746,1.6627002296126528e-10,0.8682424512833586,3
2016-10-31,3.565044194336133e-05,0.003304374707105798,1.365058617868812e-08,0.9966599612007905,3
2016-11-01,0.002169996394805909,2.2968425855281466e-06,5.017988183880305e-07,0.9978272049628838,3
2016-11-02,0.0489576061560668,3.15295226745327e-08,6.309622482830508e-06,0.9510360526920437,3
2016-11-03,0.47677276766242377,3.60420781107064e-12,1.8294672785125057e-05,0.5232089376605492,3
2016-11-04,0.5128894738765372,7.050871342672401e-13,9.450720187694812e-06,0.4871010754030032,3
2016-11-07,0.3031939780039719,6.75189671957312e-10,2.6963708362058695e-06,0.6968033249498133,3
2016-11-08,0.01184241418812083,7.229479258422687e-05,1.5215187099049571e-09,0.9880852894968738,3
2016-11-09,1.1589838608087268e-05,0.5471541068317578,2.6686066744653796e-11,0.45283430330219926,1
2016-11-10,4.933289266507428e-08,0.9006484947975194,5.155111789974558e-14,0.09935145586941903,1
2016-11-14,1.8225672770518827e-09,0.9887001865155131,1.0261929272448363e-15,0.0112998116612014,1
2016-11-15,4.336557850036324e-11,0.9994670945176782,7.584986540683053e-17,0.0005329054393629303,1
2016-11-16,1.2613283399131527e-12,0.9999608890074949,4.465963288418147e-19,3.9110990608097846e-05,1
2016-11-17,2.0864851385137895e-14,0.9999740786182858,1.6011334107722095e-20,2.59213822051925e-05,1
2016-11-18,6.391532095188829e-15,0.9999945475104542,5.9048447813429325e-21,5.452488941303938e-06,1
2016-11-21,1.4774980084858365e-15,0.9999911424739655,1.2551398613837522e-21,8.857525499714239e-06,1
2016-11-22,7.640669894478809e-16,0.9999961659232954,1.1416359659820448e-21,3.834075819749743e-06,1
2016-11-23,5.937945258680085e-16,0.9999965890623536,1.6070358940234388e-21,3.4109372332516227e-06,1
2016-11-25,1.2872143697907019e-15,0.9999956863959865,3.818158949415271e-21,4.313604094942662e-06,1
2016-11-28,3.1066532397700375e-15,0.9999918121455779,6.7743148094724546e-21,8.18785391958099e-06,1
2016-11-29,4.906034780409265e-15,0.9999922917346932,3.7658269268670444e-20,7.708265288058522e-06,1
2016-11-30,3.0180615261927613e-14,0.9999876619819481,2.178728893700798e-19,1.2338017973411933e-05,1
2016-12-01,1.9728546448495889e-13,0.9999534103365797,3.828802200293257e-20,4.6589663558025466e-05,1
2016-12-02,4.9286753562473775e-14,0.9999371421274535,3.215742361005766e-21,6.285787290254737e-05,1
2016-12-05,2.142005234819158e-15,0.9999954588432385,2.753665511435202e-20,4.541156722414505e-06,1
2016-12-06,2.1820802034311033e-15,0.99999817432202,1.1371425790589431e-20,1.8256787998736717e-06,1
2016-12-07,5.0773681757331526e-15,0.9999747293105286,3.428369091225373e-21,2.527068964169134e-05,1
2016-12-08,1.6025726860316595e-15,0.9999944185084374,1.8336024069141843e-21,5.581491521451469e-06,1
2016-12-09,5.241250146000107e-16,0.9999975050790654,4.988300143802558e-21,2.494921411411559e-06,1
2016-12-12,1.7445974175020475e-15,0.9999959189400727,4.1289439731886856e-21,4.081060120243781e-06,1
2016-12-13,4.081170886017265e-15,0.9999880127261328,8.574843221789503e-21,1.1987274008212178e-05,1
2016-12-14,8.55556347451446e-15,0.9999906378981775,3.9403977659045055e-21,9.362101578755542e-06,1
2016-12-15,9.474887470461555e-16,0.9999912833498189,2.699661460213089e-22,8.716650931023923e-06,1
2016-12-16,1.9010692439178428e-16,0.9999980188551105,1.6820550163679963e-22,1.981145345343923e-06,1
2016-12-19,6.038393425939892e-17,0.9999986726261055,3.8725289241831866e-23,1.3273738872180566e-06,1
2016-12-20,2.256061542057178e-17,0.999998855381564,3.7789760569779987e-23,1.1446186495821823e-06,1
2016-12-21,1.8908046036010746e-17,0.9999994875289707,7.876632813530652e-23,5.124717150185737e-07,1
2016-12-22,2.506919957330841e-17,0.9999993472685985,1.4880512376992622e-22,6.527311216317408e-07,1
2016-12-23,6.674552520642163e-17,0.9999991525259201,7.192398311952011e-22,8.474748437960167e-07,1
2016-12-27,3.934537636622744e-16,0.9999979485476739,5.582908626866205e-21,2.0514530884440518e-06,1
2016-12-28,4.90307326423365e-15,0.9999937080790586,6.269453431012108e-20,6.291920407440634e-06,1
2016-12-29,2.7191266463653607e-14,0.9999848531425689,5.973422587564739e-20,1.5146857823792697e-05,1
2016-12-30,7.873066067530436e-14,0.9999584822304807,1.1234592136938571e-20,4.1517768888347565e-05,1
2017-01-03,1.0456342816785778e-14,0.9999776588778344,1.5612274904733866e-21,2.234112158508566e-05,1
2017-01-04,3.2881031980648345e-16,0.9999971913187773,3.1260018934746957e-22,2.8086815409678845e-06,1
2017-01-05,4.679368465074093e-17,0.9999990261790311,6.073265936718298e-23,9.738204977023072e-07,1
2017-01-06,2.672929640070756e-17,0.9999990531582561,6.374990315768264e-23,9.468415289296255e-07,1
2017-01-09,2.993988920545511e-17,0.9999992748128435,6.793059739829661e-23,7.251875234476385e-07,1
2017-01-10,2.6048430637017173e-17,0.9999991942625974,4.394194724058132e-23,8.057380843503282e-07,1
2017-01-11,2.3887585343616617e-17,0.9999992007018147,5.066660269898255e-23,7.992987727455154e-07,1
2017-01-12,2.3299383829761302e-17,0.9999992536179946,7.16521837111731e-23,7.463822244749127e-07,1
2017-01-13,3.288741278681972e-17,0.9999993158492155,4.2255221330224104e-22,6.841505654992381e-07,1
2017-01-17,1.8899066395334933e-16,0.9999988542119551,8.873955878773858e-22,1.1457874509867124e-06,1
2017-01-18,5.172974074539299e-16,0.9999959442439313,2.1165876814499997e-22,4.055756789207058e-06,1
2017-01-19,2.6505784378219445e-16,0.999995491353889,9.581599157821144e-23,4.508645498269215e-06,1
2017-01-20,6.674016773472919e-17,0.9999987493873594,1.3991559316875712e-22,1.2506121156711298e-06,1
2017-01-23,5.070620339883076e-17,0.9999989975554422,9.7907272824605e-23,1.002444674349537e-06,1
2017-01-24,4.9014489526643687e-17,0.9999988832011565,4.2456568775932864e-23,1.1167986261339654e-06,1
2017-01-25,1.2769160019229938e-17,0.9999989260819657,2.4838793651651228e-23,1.0739177887560537e-06,1
2017-01-26,4.4941307489669464e-18,0.9999997438226602,1.0393091163681027e-22,2.561778760140005e-07,1
2017-01-27,1.797939205663267e-17,0.999999760651946,4.298360729861613e-22,2.393480917154136e-07,1
2017-01-30,8.196484833633598e-17,0.9999988922615326,1.8870898865787572e-22,1.1077379574189202e-06,1
2017-01-31,7.125209168719484e-17,0.9999984789094669,1.0521511634376034e-22,1.521090110316115e-06,1
2017-02-01,7.836220182176831e-17,0.9999987094751447,9.636664578336254e-23,1.2905248793554634e-06,1
2017-02-02,6.249960334610689e-17,0.9999984306080969,4.076621224161117e-23,1.56939110045823e-06,1
2017-02-03,3.066795565402468e-17,0.9999988760434412,8.527953160009672e-23,1.1239561668338577e-06,1
2017-02-06,1.946358157355561e-17,0.9999994053816357,5.949931341463774e-23,5.946181976944941e-07,1
2017-02-07,2.2084949698741467e-17,0.9999993708281342,5.2487207345900816e-23,6.291711648420818e-07,1
2017-02-08,2.427607321235238e-17,0.999999188139884,3.232422917443613e-23,8.118601129881619e-07,1
2017-02-09,1.779356888961167e-17,0.9999992367778033,8.333882161632541e-23,7.632214100718747e-07,1
2017-02-10,2.2354908086066688e-17,0.9999994748215173,5.945803751045491e-23,5.251784584763082e-07,1
2017-02-13,1.7036882217865397e-17,0.9999991118715421,2.0048411750740353e-22,8.881287994137627e-07,1
2017-02-14,7.240898620990421e-17,0.9999995095005327,3.559631611308083e-22,4.905002308988229e-07,1
2017-02-15,8.762947064950705e-17,0.9999971056864573,5.860671924075125e-23,2.8943130285160428e-06,1
2017-02-16,5.1587692594794796e-17,0.9999989025588203,1.5504586824781469e-22,1.0974411073228348e-06,1
2017-02-17,7.319196072487014e-17,0.9999990511519127,1.2550530600481458e-22,9.4884872342784e-07,1
2017-02-21,6.850085436162974e-17,0.9999980345038455,1.0185727816405202e-22,1.9654958046120195e-06,1
2017-02-22,5.393879793911229e-17,0.9999989497342598,7.462331660613931e-23,1.05026521108633e-06,1
2017-02-23,3.8534076733577183e-17,0.9999988683800475,1.185064504207509e-22,1.1316197627369807e-06,1
2017-02-24,7.550926323072047e-17,0.9999990945493216,7.747712890990885e-22,9.054506241929726e-07,1
2017-02-27,3.9766734543746404e-16,0.9999979206935466,1.03920928649576e-20,2.079306900283693e-06,1
2017-02-28,9.709541283327027e-15,0.9999938447097784,2.3632559041667313e-21,6.155290088464682e-06,1
2017-03-01,2.7086915985385787e-15,0.9999523625589196,4.303693561841204e-22,4.7637440255745866e-05,1
2017-03-02,1.7935751866162223e-16,0.9999989501144282,3.1144832000861284e-22,1.0498862438798435e-06,1
2017-03-03,1.09911605680031e-17,0.99999957694681,5.8340935782157e-23,4.2305235045993753e-07,1
2017-03-06,1.6805892097396356e-17,0.9999995235194772,1.1495452223617464e-22,4.764800874980251e-07,1
2017-03-07,3.570662863989335e-17,0.9999993617859435,3.052546786526008e-22,6.382148238409746e-07,1
2017-03-08,1.2504263130603028e-16,0.9999988381102796,1.9498048312836303e-22,1.1618891245791005e-06,1
2017-03-09,1.2363542786436456e-16,0.9999972241114267,4.098570709478518e-23,2.7758885071553843e-06,1
2017-03-10,4.281422775011898e-17,0.9999985473306516,1.3985762258632846e-22,1.4526694191672475e-06,1
2017-03-13,6.904752200651131e-17,0.9999993089898112,5.897025923063864e-22,6.910100867744569e-07,1
2017-03-14,2.528243985382387e-16,0.9999978687942503,7.96677237312272e-23,2.1312066072188885e-06,1
2017-03-15,6.267231550614352e-17,0.9999966611231946,5.233679725025565e-23,3.338876008538462e-06,1
2017-03-16,1.9633481906149282e-17,0.9999995037761759,6.36488991342942e-23,4.962238169447225e-07,1
2017-03-17,1.5008659957001722e-17,0.9999994474584745,2.823823494072803e-22,5.525408938159818e-07,1
2017-03-20,1.0907730346138498e-16,0.9999994237734268,5.478614468169334e-21,5.762262846038511e-07,1
2017-03-21,2.1909248853385196e-15,0.9999960687587157,2.184676528721131e-20,3.9312404645295734e-06,1
2017-03-22,2.3055649538726154e-15,0.9999929932937355,2.806423789647806e-21,7.006705756497061e-06,1
2017-03-23,3.1377678544874547e-15,0.9999909854492894,1.445064291033899e-21,9.014549932560656e-06,1
2017-03-24,1.3389663891188301e-15,0.999993013606248,6.115737743450635e-22,6.986393888060223e-06,1
2017-03-27,4.2937326108310037e-16,0.9999967194980093,1.5099029771811043e-22,3.2805026982233855e-06,1
2017-03-28,8.39189122392514e-17,0.9999976730859786,1.4347947919669042e-22,2.326914613942388e-06,1
2017-03-29,4.668954546276923e-17,0.9999991880744005,2.485214666806367e-22,8.119251812179962e-07,1
2017-03-30,1.0284400966300569e-16,0.9999988209826953,3.7105127343581704e-22,1.1790170921482013e-06,1
2017-03-31,2.2443138783313367e-16,0.9999975187614697,1.5170184962399232e-22,2.4812384038037777e-06,1
2017-04-03,1.32790501674138e-16,0.9999973963092333,4.0232691134592685e-22,2.603691253121349e-06,1
2017-04-04,3.104642120575608e-16,0.9999987089312675,1.167098193623154e-21,1.2910692197621777e-06,1
2017-04-05,6.425606515368644e-16,0.9999945093573602,1.1185528856641756e-21,5.490642295135224e-06,1
2017-04-06,1.2194386654192782e-15,0.999996378880686,8.874033604644125e-20,3.6211193597654666e-06,1
2017-04-07,5.090236868373349e-14,0.9999926375565337,7.138666729222825e-18,7.362442840198186e-06,1
2017-04-10,7.263415139349481e-12,0.9997788099651983,2.6824534939577724e-16,0.00022119002800873104,1
2017-04-11,7.369140619884873e-10,0.9969097633460074,1.1592523396493312e-14,0.0030902359169968393,1
2017-04-12,1.3573245987761457e-08,0.990252786414565,6.932512221871657e-14,0.00974720001127087,1
2017-04-13,2.3174121025987307e-08,0.9885295557656418,2.203498148234724e-14,0.0114704210605889,1
2017-04-17,2.502676522325017e-09,0.9946362776335335,8.876626879008816e-15,0.005363719864603698,1
2017-04-18,5.610762886316197e-10,0.9993049560821301,3.44585035712585e-15,0.0006950433560975794,1
2017-04-19,1.2986941575263873e-10,0.9995195453925059,2.4909312665649573e-16,0.0004804544768099988,1
2017-04-20,4.0355351844957255e-11,0.9997167790847822,2.5005021435996348e-18,0.00028322087495878087,1
2017-04-21,3.1832646310697416e-13,0.9998346152575698,8.52858974975495e-21,0.00016538474209071014,1
2017-04-24,1.6193941963424611e-15,0.9999975359417821,3.0038359189479048e-21,2.464058129808985e-06,1
2017-04-25,1.385955683754646e-17,0.99999929921275,3.086911464073249e-23,7.007877204489796e-07,1
2017-04-26,4.192481846500733e-18,0.9999996603383474,1.7513748225925138e-23,3.396620524180301e-07,1
2017-04-27,4.518918073663236e-18,0.9999997911054598,2.1668104849619186e-23,2.0889457883925088e-07,1
2017-04-28,3.314641605633241e-18,0.9999997020495801,1.7777639004396265e-23,2.9795110175102003e-07,1
2017-05-01,4.163610911039895e-18,0.9999998208495687,3.9347320163220316e-23,1.791502646319264e-07,1
2017-05-02,4.381596700051929e-18,0.9999997109317027,1.797307696429182e-23,2.89068882685295e-07,1
2017-05-03,4.031437542254847e-18,0.9999997382947527,3.026809103819669e-23,2.617057949263167e-07,1
2017-05-04,6.325256744458163e-18,0.9999997654631718,1.2268476430956445e-23,2.3453690937338458e-07,1
2017-05-05,2.213267002361503e-18,0.9999995952949485,7.288443453037725e-24,4.0470527474014177e-07,1
2017-05-08,1.5576545990733834e-18,0.9999998932071378,4.5105204646258255e-23,1.0679198746289568e-07,1
2017-05-09,2.4190477130555597e-18,0.9999998806270085,4.4808071023089254e-23,1.1937371156577667e-07,1
2017-05-10,3.1885183553639953e-18,0.9999998128423788,2.770387057759317e-23,1.87158440884522e-07,1
2017-05-11,3.101556874757938e-18,0.9999997738850908,3.682402246791081e-22,2.2611492564477138e-07,1
2017-05-12,5.710669568462523e-18,0.9999998132298235,4.08009203219025e-20,1.8677063612625455e-07,1
2017-05-15,3.039631353921464e-17,0.9999996213483235,4.00607569095523e-18,3.78651685115739e-07,1
2017-05-16,7.44649947830675e-14,0.9999985326368767,4.563928987204539e-16,1.4673621567387943e-06,1
2017-05-17,9.549190280293597e-11,0.9956601519485516,1.5154733069892493e-17,0.0043398479550902395,1
2017-05-18,1.671932053427624e-11,0.9988439249833534,1.9770756152754306e-19,0.001156075000699564,1
2017-05-19,1.5300842229023147e-14,0.9999903748820828,4.617661653073414e-21,9.625118434148602e-06,1
2017-05-22,2.6683068802179185e-17,0.9999992577925721,3.786039654252741e-23,7.422074177171331e-07,1
2017-05-23,3.597862233005819e-18,0.9999996385504999,1.3607894256207134e-23,3.6144951134655953e-07,1
2017-05-24,3.3262489367900217e-18,0.999999822122861,1.9915810720899968e-23,1.778774087734297e-07,1
2017-05-25,1.908268255226041e-18,0.9999997748600689,2.5937675555262373e-23,2.2513976011640998e-07,1
2017-05-26,2.3740609400112066e-18,0.9999998861712875,4.8540201517947226e-23,1.1382838098282463e-07,1
2017-05-30,2.9655136056496898e-18,0.9999998142284484,3.7651624019183725e-23,1.8577110383447103e-07,1
2017-05-31,5.231982359933035e-18,0.9999997972609186,2.572797811592675e-23,2.0273828310625983e-07,1
2017-06-01,4.006309613710287e-18,0.9999996488296053,3.2443154353466295e-23,3.5117064995376245e-07,1
2017-06-02,2.0101105393264137e-18,0.9999998415296557,4.151905633459299e-23,1.5846979849722282e-07,1
2017-06-05,2.474980205597313e-18,0.9999998677340133,4.5295748006813957e-23,1.3226520142347832e-07,1
2017-06-06,3.7919571412509236e-18,0.9999998152489014,2.03229493374378e-23,1.8475098056460335e-07,1
2017-06-07,2.5376795632485524e-18,0.9999997608393019,2.2896227958416914e-23,2.3916032487690954e-07,1
2017-06-08,3.826211137626141e-18,0.9999998366456699,1.0850372872902514e-22,1.6335380705684765e-07,1
2017-06-09,1.2174373316512485e-17,0.9999997237100997,4.621068665457774e-23,2.7628949545239523e-07,1
2017-06-12,1.058522905414929e-17,0.9999992825853796,1.0388375638630736e-23,7.174151727288457e-07,1
2017-06-13,5.507772317840812e-18,0.9999996367860808,3.3720582349592446e-23,3.6321358337634246e-07,1
2017-06-14,5.4929432861424115e-18,0.9999997457034947,2.074207237785648e-23,2.542966736461913e-07,1
2017-06-15,4.106352377782334e-18,0.9999996769220683,4.1960727563274954e-23,3.2307753740562626e-07,1
2017-06-16,1.0418808312447092e-17,0.9999997914328778,6.577081174425701e-23,2.0856671054596186e-07,1
2017-06-19,1.0180639338795896e-17,0.9999993127678496,7.474859739729456e-23,6.872313670806258e-07,1
2017-06-20,8.846209469902581e-18,0.9999997129544184,4.2264069926759444e-23,2.87045969411151e-07,1
2017-06-21,3.905246073793849e-18,0.9999997014293048,1.029184497712081e-23,2.9857094935369545e-07,1
2017-06-22,2.4955764964367734e-18,0.9999997803952524,1.0469400302069877e-23,2.1960479048707843e-07,1
2017-06-23,1.7180836065491962e-18,0.9999998401963367,5.4443112441143e-23,1.5980370600116002e-07,1
2017-06-26,4.925126012331713e-18,0.9999998751973258,2.674853064587774e-22,1.248023395750095e-07,1
2017-06-27,1.9434501460114115e-17,0.9999996164134072,2.48091859355519e-22,3.83587360566281e-07,1
2017-06-28,2.2207598033850576e-17,0.9999994750634428,5.260302329112541e-22,5.249358564320852e-07,1
2017-06-29,3.407692260763118e-17,0.9999993539770271,1.628341920014864e-22,6.460228671349193e-07,1
2017-06-30,1.897430571135268e-17,0.9999993809126051,3.6674859105642235e-23,6.190873557457131e-07,1
2017-07-03,1.5445622726431756e-17,0.999999288338839,1.8331948737056194e-22,7.116608062107366e-07,1
2017-07-05,8.315471866668995e-17,0.999999465113576,6.0803639755078705e-22,5.348860498526885e-07,1
2017-07-06,2.293841658417856e-16,0.9999966326924855,1.1984916611356729e-22,3.3673074080747033e-06,1
2017-07-07,3.481260322505082e-17,0.9999987335712665,9.485282291884745e-24,1.2664292170611563e-06,1
2017-07-10,2.335227133144498e-18,0.9999994681203639,6.696871813794292e-24,5.318800421479305e-07,1
2017-10-06,2.2524816236773723e-18,0.9999999128685924,7.10749628410159e-23,8.713133394722881e-08,1
2017-10-09,2.691545996686316e-18,0.9999998307048515,1.6782311272735582e-23,1.6929527575209149e-07,1
2017-10-10,1.9874036690272226e-18,0.9999998143339498,1.329762631304064e-23,1.8566591990793137e-07,1
2017-10-11,1.447337907579437e-18,0.9999998622843217,1.806601133014342e-23,1.377161570291227e-07,1
2017-10-12,1.290231114400312e-18,0.9999998913335789,3.1026235387628004e-23,1.0866628471488604e-07,1
2017-10-13,1.8019331342626956e-18,0.999999901454435,5.900046024924083e-23,9.854629879594689e-08,1
2017-10-16,2.6485993634715078e-18,0.9999998544481165,2.768897495304284e-23,1.455521427468434e-07,1
2017-10-17,2.2423909867467784e-18,0.9999998002768025,1.3673645933313237e-23,1.9972308438616593e-07,1
2017-10-18,1.9766932654300502e-18,0.9999998450293908,3.306316228458045e-23,1.5497121702645256e-07,1
2017-10-19,3.2516435483110286e-18,0.9999998539751793,7.25219848838249e-23,1.4602442475216347e-07,1
2017-10-20,6.715179680639988e-18,0.9999997548475522,1.6296204453320039e-22,2.45151941570193e-07,1
2017-10-23,1.445659352800439e-17,0.9999996247116336,4.9189564280127205e-23,3.752886138874137e-07,1
2017-10-24,1.1536582668709177e-17,0.9999993914518233,4.6718075242477553e-23,6.085490236759685e-07,1
2017-10-25,2.070599197489655e-17,0.9999995444032849,4.206094698504766e-23,4.5559746309252605e-07,1
2017-10-26,9.968052532853215e-18,0.9999992963533006,1.134662344896148e-23,7.036462288276639e-07,1
2017-10-27,5.6086180615767335e-18,0.9999996449115036,6.496687510850662e-23,3.550888149908192e-07,1
2017-10-30,3.0461070248639974e-18,0.9999998074254294,2.2811345370731246e-23,1.925750294941713e-07,1
2017-10-31,2.728934689062008e-18,0.9999998221774307,1.5107957810934512e-23,1.7782297021502028e-07,1
2017-11-01,1.8389097375157367e-18,0.9999998056791999,8.375118811978044e-24,1.9432022463274325e-07,1
2017-11-02,1.072326564416527e-18,0.9999998727471474,1.6446166108997303e-23,1.2725333820924304e-07,1
2017-11-03,1.1547100266730853e-18,0.9999999173142021,7.848051484270687e-23,8.268579726979549e-08,1
2017-11-06,1.4634287182289341e-18,0.9999999158899335,5.418070670918827e-23,8.411025222480542e-08,1
2017-11-07,1.5574746639422024e-18,0.999999881731135,3.9747462756496793e-23,1.1826904415548772e-07,1
2017-11-08,2.4284797316205136e-18,0.9999998766015855,2.0795695515279738e-22,1.2339926826314156e-07,1
2017-11-09,9.862111820254833e-18,0.9999998107723692,2.5570305923237508e-21,1.8922828851193628e-07,1
2017-11-10,2.2515177618348108e-17,0.9999994243100284,1.9442266965976387e-19,5.756902480472339e-07,1
2017-11-13,2.5699415289787664e-16,0.9999991003464356,6.371665380350988e-17,8.996540811163947e-07,1
2017-11-14,2.986965414554616e-13,0.9999923526267149,2.7215001995177378e-14,7.647372070870873e-06,1
2017-11-15,4.112050917290895e-10,0.9917972989645646,9.01217886861139e-12,0.00820270061589998,1
2018-02-15,9.68179759387748e-06,1.158523260203399e-05,2.591845737710043e-10,0.9999787327111851,3
2018-02-16,0.0004124600587701447,3.180960210639711e-08,1.68402250722033e-08,0.9995874912911603,3
2018-02-20,0.001257999398609393,1.1312939163050227e-09,1.8585626344231425e-08,0.9987419808845358,3
2018-02-21,0.000668213467941443,7.1718496416463085e-09,3.5550986049929046e-09,0.9993317758056421,3
2018-02-22,0.00013362443882570838,2.6035123119725025e-07,4.888028490083012e-10,0.9998661147214079,3
2018-02-23,3.8623708304603805e-05,4.1248801964697965e-06,4.981081358789025e-10,0.9999572509138477,3
2018-02-26,1.5225437353918978e-05,6.521149067943547e-05,5.392626127423781e-09,0.9999195576798615,3
2018-02-27,0.00030530864764622773,3.458230994976396e-07,9.38475250124005e-08,0.9996942516816213,3
2018-02-28,0.005035784650227493,9.028257212367243e-09,6.227650492194487e-07,0.9949635835571791,3
2018-03-01,0.0266675850653479,1.065209397844111e-12,4.4736018106696767e-07,0.9733319675729483,3
2018-03-02,0.008186935712376277,1.174060280553045e-08,1.0268323146146192e-07,0.9918129498645767,3
2018-03-05,0.0016789848251405,4.5192546608038175e-08,1.0671764339672711e-08,0.9983209593104541,3
2018-03-06,0.0001481049410460085,5.981883850425217e-07,5.296482423816837e-10,0.9998512963409972,3
2018-03-07,3.080340174320522e-05,4.380469414439236e-06,8.171755459055765e-11,0.9999648160469992,3
2018-03-08,1.215185680104132e-05,6.456917247498492e-05,7.053967774692105e-11,0.9999232788996761,3
2018-03-09,1.0504760432141135e-05,0.0002506043110424133,2.665971956004524e-10,0.9997388906611607,3
2018-03-12,6.152457309895428e-06,0.0007465589877106108,8.391029473031544e-11,0.9992472884715383,3
2018-03-13,8.858966262980138e-06,0.0002827285321634526,1.5907434329914556e-10,0.9997084123416936,3
2018-03-14,1.582774097258922e-05,2.7965911247677932e-05,7.477471067240796e-11,0.9999562062734205,3
2018-03-15,1.0182614893671074e-05,0.00011834946615906274,5.893653467465557e-11,0.9998714678595437,3
2018-03-16,7.412731995004338e-06,0.00044221994159472487,1.7046121071132109e-09,0.9995503656210087,3
2018-03-19,0.00018124650080075553,1.1436893167752224e-07,2.9592755838544414e-08,0.9998186095367859,3
2018-03-20,0.0010545811887809362,1.029100401937621e-06,2.505721971546698e-07,0.99894413913782,3
2018-03-21,0.024129829097692627,5.99688084615962e-08,7.769374626130649e-06,0.9758623415594371,3
2018-03-22,0.988453885177345,2.3848312297536954e-19,0.0002001365763055507,0.011345978246944138,0
2018-03-23,0.9998556031239458,1.278151877479294e-24,0.0001378773891524457,6.519486564884695e-06,0
2018-03-26,0.9997665433215542,1.665116457371508e-22,0.0002298622810812427,3.5943973182830365e-06,0
2018-03-27,0.9998189635807408,4.0600620856239075e-21,9.242261156959251e-05,8.861380751004622e-05,0
2018-03-28,0.9999312933808104,3.019623191645816e-19,3.567369762699202e-05,3.303292212837492e-05,0
2018-03-29,0.9993359320070923,1.1986714321575153e-16,8.520789983845009e-05,0.0005788600931929739,0
2018-04-02,0.9998549471730788,8.982275803175013e-21,0.0001200715400217258,2.4981286057286626e-05,0
2018-04-03,0.9989116290842784,2.1267531362586743e-16,6.024647011029811e-05,0.0010281244455327856,0
2018-04-04,0.9859503573665089,6.773513633299714e-13,7.440640190171157e-05,0.013975236230446705,0
2018-04-05,0.9654113968923527,5.365122905991308e-10,0.00011950971210046296,0.034469092858604305,0
2018-04-06,0.9747226197129983,1.2144656151780046e-13,0.00018517943178710292,0.025092200855868513,0
2018-04-09,0.9734550889545341,2.655635273655897e-13,3.7055603419458176e-05,0.026507855441583426,0
2018-04-10,0.9053857157268567,1.213051508904449e-12,2.147108639490805e-05,0.09459281318566842,0
2018-04-11,0.27684053052669966,3.4016215975891723e-10,1.793989414002397e-06,0.7231576751435239,3
2018-04-12,0.026235278558783028,1.2250315975366325e-07,5.4599656627827215e-08,0.9737645443389288,3
2018-04-13,0.00042088935550922067,1.187139976293837e-05,2.191328457132509e-09,0.9995672370533202,3
2018-04-16,2.0853504536131222e-05,4.224515710252638e-05,8.776351927446143e-11,0.9999369012502198,3
2018-04-17,7.641702516098934e-06,0.0006008017827727544,8.22222494576922e-11,0.9993915564320195,3
2018-04-18,5.699919711032412e-06,0.0013188443778732264,6.590931463817359e-11,0.9986754556356582,3
2018-04-19,7.0768460255280235e-06,0.0008478969455500951,1.501443257276243e-10,0.9991450260585658,3
2018-04-20,1.2966266065083635e-05,9.072445154850998e-05,9.624134635075324e-11,0.9998963091868652,3
2018-04-23,8.929175148086271e-06,0.000149063111717496,2.576437040801594e-10,0.9998420074555311,3
2018-04-24,3.813305476512065e-05,1.6870007538333245e-06,5.87862769865321e-10,0.9999601793567872,3
2018-04-25,3.447213973390587e-05,4.398626433844304e-06,9.698707903671518e-11,0.9999611291374747,3
2018-04-26,1.4739518218983746e-05,0.0006028987736596921,5.3158590603071284e-11,0.9993823616547719,3
2018-04-27,5.101876507881435e-06,0.01689423380762147,7.306504341552109e-11,0.9831006642431092,3
2018-04-30,7.1100713231939885e-06,0.030086321141994957,8.075920507394794e-11,0.9699065687063868,3
2018-05-01,5.030541421618527e-06,0.06083390287289489,5.63060297700437e-11,0.9391610665291649,3
2018-05-02,5.961404617713256e-06,0.09948304006677637,5.300880511478234e-11,0.9005109984751715,3
2018-05-03,3.899870640987771e-06,0.1942511875938277,1.0059248849350362e-11,0.8057449125252387,3
2018-05-04,1.128801572495636e-06,0.39851918343639886,2.56258923486174e-12,0.6014796877595255,3
2018-05-07,1.1452719265447726e-07,0.8379329965958148,1.296684617312971e-13,0.1620668888767415,1
2018-05-08,8.209012930073883e-09,0.9722410456191389,7.134934796802165e-15,0.02775894617247087,1
2018-05-09,3.788507906310997e-10,0.9978508863126143,1.3006594845562502e-16,0.0021491133086576613,1
2018-05-10,2.112715494952607e-12,0.9998451138343193,1.6025653263574717e-18,0.00015488616399475307,1
2018-05-11,2.7944545049864003e-14,0.9999938556964069,8.439293190866569e-19,6.144303929076611e-06,1
2018-05-14,4.553284844877719e-14,0.9999913179958088,2.5603686552272314e-19,8.682003291576466e-06,1
2018-05-15,2.414734615111989e-13,0.999867887951095,9.89950703336024e-20,0.00013211204951814567,1
2018-05-16,1.9234065588237334e-13,0.9999705081919898,1.9167738363118669e-19,2.9491807503392928e-05,1
2018-05-17,2.890149127485526e-14,0.9999839258598934,7.038864585617669e-20,1.6074139296181163e-05,1
2018-05-18,3.0877846113448863e-14,0.9999857312249607,2.965922666446071e-20,1.4268774424541006e-05,1
2018-05-21,1.7689601591382945e-14,0.9999743553194574,1.081293492282318e-20,2.564467988244849e-05,1
2018-05-22,7.232790812914037e-15,0.9999902091155497,1.4237209796533808e-20,9.790884096073554e-06,1
2018-05-23,3.3153406848986253e-15,0.9999942382457909,1.0272800447182872e-18,5.761753331433971e-06,1
2018-05-24,3.36908990387602e-13,0.9999901332607992,1.948455039942951e-16,9.866738843057187e-06,1
2018-05-25,7.068145560808858e-11,0.9980427485487768,3.262372503051403e-14,0.001957251380270234,1
2018-05-29,4.238767613239511e-08,0.8101556156449323,1.2332237143624127e-13,0.1898443419667316,1
2018-05-30,5.304688566766467e-07,0.8363640281029063,8.080213917783496e-13,0.1636354414277091,1
2018-05-31,4.2059505448889205e-08,0.9268481735739211,5.022650276095364e-15,0.07315178436693603,1
2018-06-01,2.599374851547582e-10,0.9926823186334525,4.672600456927906e-17,0.007317681106849077,1
2018-06-04,7.425464930163907e-13,0.9999247120470718,5.738855674044118e-19,7.528795205666098e-05,1
2018-06-05,3.831538462421515e-15,0.9999965372668084,3.99828340585513e-21,3.4627329197975548e-06,1
2018-06-06,2.9422659069116524e-16,0.9999964643437783,8.530287360176382e-22,3.535655322671936e-06,1
2018-06-07,2.620470066001616e-16,0.9999980989905332,5.062702645294745e-22,1.9010094019865448e-06,1
2018-06-08,3.033881418520468e-16,0.9999969793580168,4.314597313872373e-22,3.0206413119159636e-06,1
2018-06-11,3.7910624430529635e-16,0.9999969126467841,8.35388725386101e-22,3.08735301232618e-06,1
2018-06-12,7.025695800034948e-16,0.9999967283673726,7.5215558803699e-22,3.2716325761984943e-06,1
2018-06-13,6.352824570517882e-16,0.9999941963474314,2.3033877399931958e-22,5.803653244101808e-06,1
2018-06-14,1.8989783994710245e-16,0.9999974494581477,2.8792304217403953e-22,2.5505422692305944e-06,1
2018-06-15,1.5075318474053672e-16,0.9999985101487439,1.772970609474459e-21,1.489850561450553e-06,1
2018-06-18,1.0107667636280147e-15,0.9999976983862437,2.528573402047707e-20,2.3016131349883343e-06,1
2018-06-19,1.7619055358557042e-14,0.9999878922904764,2.114977042735939e-18,1.2107708955212078e-05,1
2018-06-20,2.211518998874374e-12,0.9999579761905772,5.447030479944202e-16,4.202380777621844e-05,1
2018-06-21,3.0818438002066957e-10,0.9949186710811818,1.0217739462260441e-14,0.005081328610072099,1
2018-06-22,1.7394837614016737e-08,0.9589113437301912,5.291430464522561e-12,0.04108863886960349,1
2018-06-25,1.053760600145586e-06,0.01125459332597925,6.785246661227701e-12,0.9887443529061808,3
2018-06-26,7.039395950574932e-06,0.002964854816903013,2.1329505220296522e-10,0.9970281055729638,3
2018-06-27,2.8968005668406948e-05,1.638422137640029e-05,1.580137827060436e-10,0.9999546476144981,3
2018-06-28,1.7221760804947365e-05,0.0003148343454416866,4.8704530877400294e-11,0.9996679438447313,3
2018-06-29,6.9779919071132105e-06,0.015371451465274152,3.5379604663490005e-11,0.9846215705075667,3
2018-07-02,4.914407156416122e-06,0.07595807026441447,2.9681249516205155e-11,0.9240370152987739,3
2018-07-03,3.419653035966711e-06,0.18111785479898362,1.28036725070731e-12,0.8188787255471282,3
2018-07-05,1.3314542581894978e-07,0.5472679252940438,2.2190681101621467e-14,0.45273194156038976,3
2018-07-06,1.5389679620495012e-09,0.9763110464836964,6.925881669483765e-16,0.023688951977757323,1
2018-07-09,1.0479079382597607e-11,0.9995440918580392,3.642797452872832e-17,0.0004559081322968798,1
2018-07-10,2.1409485385303476e-13,0.9999903511754223,1.1522416309033397e-18,9.64882521804423e-06,1
2018-07-11,2.278560207217268e-14,0.9999803637074182,6.721981337556771e-21,1.963629173824535e-05,1
2018-07-12,3.4656987777044417e-15,0.9999850095896711,4.226543598488286e-21,1.4990409481616065e-05,1
2018-07-13,1.2050330806711213e-15,0.9999975747061705,1.850226424910965e-21,2.425293101256975e-06,1
2018-07-16,5.383614539537919e-16,0.9999944698491281,2.7850625682910117e-22,5.530151567997104e-06,1
2018-07-17,3.264248265982252e-16,0.9999971512847527,9.27769800514885e-22,2.848715310843881e-06,1
2018-07-18,4.720269526605226e-16,0.999997611560626,1.6570756235503536e-21,2.38843888507684e-06,1
2018-07-19,1.1942048349874134e-15,0.9999948072334738,1.5254508465295511e-21,5.192766415144496e-06,1
2018-07-20,1.343896790586094e-15,0.999994129583634,1.442186138353427e-21,5.8704155409849585e-06,1
2018-07-23,1.2687824883899264e-15,0.999994873851798,2.9702901894023618e-21,5.126149056089718e-06,1
2018-07-24,2.3387632106690416e-15,0.9999945148725059,1.1416496272679367e-21,5.485127928513772e-06,1
2018-07-25,8.013078315313534e-16,0.9999898154628897,2.412843066812922e-21,1.0184537692804702e-05,1
2018-07-26,1.066700923670171e-15,0.9999982814239262,6.551016992744149e-20,1.7185756449983807e-06,1
2018-07-27,1.7383068733373162e-14,0.9999928843734192,5.556762894371192e-20,7.115626250574749e-06,1
2018-07-30,3.997089267151189e-14,0.9999382434296292,1.4608522503612602e-20,6.17565698533145e-05,1
2018-07-31,2.4465133591006403e-14,0.99998852528223,1.5669207156497542e-20,1.1474718570207633e-05,1
2018-08-01,2.526757994666119e-15,0.9999904884059442,6.127199830687401e-22,9.511594234806577e-06,1
2018-08-02,4.2264999987917735e-16,0.9999959992099317,1.8095278126489502e-22,4.000789887326997e-06,1
2018-08-03,7.250701666357047e-17,0.9999982763598685,5.1090987121681406e-23,1.7236393002483839e-06,1
2018-08-06,2.057116897215666e-17,0.9999991101580556,2.2199835422936632e-23,8.898426461390461e-07,1
2018-08-07,8.737461698767496e-18,0.9999994750143301,4.087157464810525e-23,5.249855813657418e-07,1
2018-08-08,1.0704423980341483e-17,0.9999996542829337,1.6061696816349216e-21,3.4571648756726306e-07,1
2018-08-09,2.5293334665434647e-16,0.9999994537066996,1.3435067208349546e-19,5.462938453268435e-07,1
2018-08-10,5.5199778959591644e-14,0.9999899975055118,4.792125133099465e-19,1.0002495123219912e-05,1
2018-08-13,4.258849989160461e-13,0.9998198417211559,9.293827598282162e-19,0.00018015827752669876,1
2018-08-14,2.8471922019573563e-12,0.9999582394273338,1.5924644351120842e-17,4.176057059889621e-05,1
2018-08-15,1.6643249716202056e-12,0.9998541495967673,3.437520237980886e-19,0.00014585040114706847,1
2018-08-16,1.8412902388848687e-13,0.9999394838627255,4.857070310092596e-20,6.0516136292998265e-05,1
2018-08-17,6.928194756284978e-15,0.999993301590318,1.230881792758521e-20,6.698409238484157e-06,1
2018-08-20,1.6838377756916064e-15,0.9999955128833508,1.0498465579435955e-21,4.487116332998451e-06,1
2018-08-21,6.916230518501524e-16,0.9999922924422746,3.5404853411137624e-22,7.707558043979122e-06,1
2018-08-22,3.941033164893393e-16,0.9999976604804115,8.566972720646963e-22,2.339520047682798e-06,1
2018-08-23,3.859805817405235e-16,0.9999972743881554,1.0293237032571912e-21,2.7256117595750166e-06,1
2018-08-24,8.263257782632151e-16,0.9999963236527313,1.4739345528453906e-21,3.6763469883883486e-06,1
2018-08-27,8.744905229056178e-16,0.9999937880213242,1.6343808570231349e-21,6.211978245032175e-06,1
2018-08-28,9.105548954015417e-16,0.9999963678394603,4.583102792013782e-21,3.63216081920895e-06,1
2018-08-29,2.9707526573483876e-15,0.9999949875307835,7.067467618393497e-21,5.012469141481276e-06,1
2018-08-30,4.8899381249260146e-15,0.9999840458821682,4.652971786385701e-21,1.5954117611092865e-05,1
2018-08-31,5.135417542621194e-15,0.9999935189344725,3.9266538124938784e-20,6.481065837353369e-06,1
2018-09-04,1.7694156558736694e-14,0.9999903984505019,3.6866239719822307e-19,9.601550192624821e-06,1
2018-09-05,3.454066717111745e-13,0.9999609434149794,4.245737455211064e-18,3.905658425905977e-05,1
2018-09-06,5.917250355033013e-12,0.9998264556463846,1.1634924675879991e-17,0.00017354434860641278,1
2018-09-07,1.176001425930956e-11,0.9997218346323101,3.1758931186413546e-18,0.00027816535653230675,1
2018-09-10,1.3373489132130874e-12,0.9999029265698685,3.821057760479945e-19,9.707342947452163e-05,1
2018-09-11,6.451658394863226e-14,0.9999807825779795,3.354023808375039e-20,1.9217422276205677e-05,1
2018-09-12,5.309861418629829e-15,0.9999894769997598,1.3077757046711494e-21,1.0522999745544747e-05,1
2018-09-13,6.693607033439899e-16,0.9999944303390785,4.897017958644101e-21,5.569660348684933e-06,1
2018-09-14,2.1061936645587752e-15,0.9999980779394091,1.6843568084342683e-20,1.9220613666372903e-06,1
2018-09-17,8.261262994559771e-15,0.9999792336776228,8.588112195310942e-22,2.0766322467260038e-05,1
2018-09-18,1.3630807159239042e-15,0.9999889402235984,1.0848630501260367e-21,1.1059776560141843e-05,1
2018-09-19,4.2231518207870593e-16,0.9999986853117209,4.898634247646745e-22,1.314689023461166e-06,1
2018-09-20,1.2483489918528517e-16,0.9999962076998657,1.923313243422214e-22,3.7922995008194997e-06,1
2018-09-21,1.0187625365038559e-16,0.999998980322354,4.955430850293042e-22,1.019678240186794e-06,1
2018-09-24,2.0161751632866145e-16,0.9999981759500125,8.145785323833601e-22,1.8240491093387166e-06,1
2018-09-25,5.465724996293468e-16,0.9999971628698633,9.765719640590262e-22,2.837130732354399e-06,1
2018-09-26,8.84590457036124e-16,0.999994542040783,3.9292348658003785e-22,5.457959651385967e-06,1
2018-09-27,3.628533255043758e-16,0.9999959002045584,3.2962779550727176e-22,4.099795623135207e-06,1
2018-09-28,2.2992554759453086e-16,0.9999980209032886,2.596723392400084e-22,1.9790966189419557e-06,1
2018-10-01,1.4738988641036816e-16,0.9999975211861765,3.606843718571724e-21,2.4788141355439087e-06,1
2018-10-02,5.748154537134539e-16,0.9999982630994587,1.589469610624376e-18,1.7369005139311735e-06,1
2018-10-03,2.8437354312117315e-13,0.9999919397975792,5.680830760266102e-16,8.060201508835064e-06,1
2018-10-04,2.4481558923127333e-10,0.9933923624961395,4.38585393293367e-14,0.006607637258552089,1
2018-10-05,3.4379928143433665e-08,0.8894687334782312,5.0665185773937404e-11,0.11053123209124241,1
2018-10-08,3.7005537388751234e-06,0.3559381093649349,2.234122017506943e-08,0.6440581677402998,3
2018-10-09,0.003533201512435031,0.002537659993528882,9.520795088454153e-06,0.9939196176983681,3
2018-10-10,0.9859687554911188,1.1447375682981122e-17,0.000735063566825396,0.013296180942841745,0
2018-10-11,0.9997826590448573,6.606615340335789e-22,0.00016720521687541774,5.013573872041338e-05,0
2018-10-12,0.9907487887473476,2.8313872651085075e-16,4.585810877199787e-05,0.009205353144638547,0
2018-10-15,0.726927364876896,1.0231237299752774e-12,7.770355103551261e-06,0.27306486476787295,0
2018-10-16,0.15891858426213454,8.982556725320747e-09,9.284838679038492e-06,0.8410721219173781,3
2018-10-17,0.016336459581360242,8.61746766826137e-06,7.733631124066044e-06,0.983647189320462,3
2018-10-18,0.020988973442196555,3.1458276187261078e-09,4.187620726095223e-06,0.9790068357919196,3
2018-10-19,0.04320893671726976,7.972538908414859e-09,3.4407860775926193e-06,0.9567876145247428,3
2018-10-22,0.11400500180693432,1.1236581716899405e-08,1.1178604258182526e-05,0.8859838083514084,3
2018-10-23,0.5140076227310496,2.528893126522713e-12,4.4698288531750546e-05,0.4859476789775885,3
2018-10-24,0.9995006461755083,9.676445196831741e-26,0.0004195828151030844,7.977100978606273e-05,0
2018-10-25,0.9998570047103275,2.659041836077832e-28,0.00014298170199589393,1.3588566181423663e-08,0
2018-10-26,0.9999233459479404,2.131315312039521e-28,7.365507329234382e-05,2.9989788595359085e-06,0
2018-10-29,0.9999588876937512,5.641730281585558e-27,4.067734485873599e-05,4.349607521349451e-07,0
2018-10-30,0.999932048500851,1.053388058790889e-23,5.7082727940768624e-05,1.086877190898237e-05,0
2018-10-31,0.9543516612621054,2.162280331393134e-16,1.7027655892829657e-05,0.04563131108113704,0
2018-11-01,0.35408816691786266,3.9530899550564685e-10,7.306823057023922e-06,0.6459045258636583,3
2018-11-02,0.0793030108202063,2.1922164060056084e-08,4.4077807516549925e-06,0.920692559477473,3
2018-11-05,0.041873135179095564,3.2822400996385577e-09,1.0757551646163346e-06,0.9581257857840936,3
2018-11-06,0.017536002365907487,3.575616312597643e-09,5.982305295497261e-08,0.9824639342347372,3
2018-11-07,0.0010085043414824264,8.703858387517784e-07,1.0555533052552747e-08,0.9989906147172148,3
2018-11-08,2.0722333543160948e-05,6.568527070896001e-05,1.8839290802092483e-09,0.9999135905118629,3
2018-11-09,6.610983191003177e-05,1.3095646415921857e-05,3.831943466862525e-08,0.9999207562017707,3
2018-11-12,0.003085927153115557,3.5369850580795025e-10,5.775116453880973e-07,0.996913494982059,3
2018-11-13,0.006237450765124317,6.367998772359961e-09,4.140081547379067e-07,0.9937621288584617,3
2018-11-14,0.015178079323443784,1.2417800547309448e-10,6.617764488449576e-07,0.9848212587763011,3
2018-11-15,0.015944108611805854,1.2069847775312583e-09,8.603483056024739e-07,0.9840550298333385,3
2018-11-16,0.012179611411100303,1.0677279884198955e-06,2.5923099846883277e-06,0.9878167285504866,3
2018-11-19,0.06318444218866849,1.5651733820033606e-09,1.3183972336153512e-05,0.9368023722741095,3
2018-11-20,0.21877323258122652,3.6290584771249885e-13,1.90003422213354e-05,0.7812077670763543,3
2018-11-21,0.21205371165313508,2.7186277148105025e-10,8.239900356446721e-06,0.7879380481751137,3
2018-11-23,0.1817683844409137,4.0801902537503245e-11,3.2419038289185426e-06,0.8182283736148783,3
2018-11-26,0.07278415097621267,6.560090369356925e-09,2.2768922373324713e-06,0.9272135655720591,3
2018-11-27,0.01644105093613388,7.8406407988732e-08,1.003509079821692e-06,0.9835578671483904,3
2018-11-28,0.010705773732426004,1.6745630050086059e-09,3.289400475590764e-07,0.9892938956529999,3
2018-11-29,0.0011329808831054679,2.625819727442136e-07,1.0958649321535814e-07,0.9988666469483862,3
2018-11-30,0.0011216572052455524,5.36799568701191e-07,6.15588931517807e-07,0.9988771904055737,3
2018-12-03,0.01144433514993225,5.4997894513936715e-06,2.2501841960396287e-05,0.9885276632195376,3
2018-12-04,0.7018453130348404,1.8241706468677578e-13,0.001141133478187186,0.29701355348698805,0
2018-12-06,0.9119471751501504,2.85584008008869e-13,0.00010358805197660053,0.08794923679836777,0
2018-12-07,0.9984417371871122,2.840681632972308e-19,0.0001421706124335397,0.0014160922008063924,0
2018-12-10,0.9999151980771047,2.6859873569995893e-18,3.521943211246077e-05,4.958249013508311e-05,0
2018-12-11,0.9997662214265528,2.748042553892139e-17,3.5289054823972944e-05,0.00019848951929532076,0
2018-12-12,0.9996217282151989,6.120669694526214e-16,3.894680968500113e-05,0.00033932497457450904,0
2018-12-13,0.9983131436628878,3.589991380668019e-14,5.386920585355287e-05,0.0016329871318729505,0
2018-12-14,0.9991087820688612,2.2808212086207366e-17,0.00013908932290322603,0.0007521286084568443,0
2018-12-17,0.9998098590059911,5.651164284102434e-25,0.00018789589237014326,2.24510079657201e-06,0
2018-12-18,0.9991968731914667,1.441902757207814e-30,0.0008031101499963566,1.6658468267848464e-08,0
2018-12-19,0.9873770527580022,3.00775055985927e-32,0.012622853558107744,9.368321157242454e-08,0
2018-12-20,0.8429220604789033,1.110271915203196e-40,0.15707793949584944,2.5812984762139436e-11,0
2018-12-21,0.3485341529867601,3.566050901259315e-51,0.6514658470136505,4.984003267135974e-14,2
2018-12-24,8.646709923159074e-05,1.2324651324896757e-83,0.9999135329003538,3.4367026528373375e-28,2
2018-12-26,2.8767886786204992e-05,1.7551588015423586e-88,0.9999712321123133,6.38924128327129e-30,2
2018-12-27,0.2877114953798241,3.290135656112422e-69,0.7122885046198058,2.27724089564357e-20,2
2018-12-28,0.8492042459397712,1.2363554375074633e-53,0.150795754058309,1.0610960251189982e-12,0
2018-12-31,0.9890258318265911,2.2029100111240377e-37,0.010974163816028892,4.3573891530359395e-09,0
2019-01-02,0.9994479978193249,1.1694204195216302e-26,0.0005462627800573456,5.739401393897079e-06,0
2019-01-03,0.9996203484345519,4.4155113001188964e-30,0.0003794979516970906,1.536145734254011e-07,0
2019-01-04,0.9993218442145568,2.6593152902427313e-25,0.0006754577190745662,2.698066784799663e-06,0
2019-01-07,0.9816566159982851,6.553886215215402e-17,5.6413043793927845e-05,0.01828697095770239,0
2019-01-08,0.80224478748855,5.877809144386595e-12,1.8709493534730333e-05,0.1977365030122877,0
2019-01-09,0.3333979777895719,8.336562373812424e-10,4.437277287318558e-06,0.6665975840987884,3
2019-01-10,0.0748394053692778,1.1490149107782129e-08,2.1690882798550225e-07,0.92516036623235,3
2019-01-11,0.0029048106906819646,1.1612649915765793e-06,4.803974742441151e-08,0.9970939800038414,3
2019-01-14,0.0003743476735972031,1.2646700360653353e-07,8.18180443755947e-09,0.9996255176769088,3
2019-01-15,0.0002734854579163682,7.091850538304526e-08,4.333357701274147e-09,0.999726439290257,3
2019-01-16,0.0001804831424147307,9.068391558872839e-08,1.188264581664785e-09,0.9998194249858268,3
2019-01-17,8.872788837513342e-05,6.226231821076295e-07,2.630834709609162e-09,0.9999106468581004,3
2019-01-18,0.0002039684484205452,3.3414158817213773e-07,2.6270009918567982e-08,0.9997956711391344,3
2019-01-22,0.0012979815881412598,3.142213672976878e-10,2.742196471239094e-08,0.9987019906751804,3
2019-01-23,0.0005587199830403212,2.1890782464380675e-08,3.827586678046145e-09,0.9994412542982379,3
2019-01-24,0.0001600854751952908,1.536306542827571e-07,5.798120264250097e-10,0.9998397603134933,3
2019-01-25,4.336187049019145e-05,2.8174204496197336e-06,8.673902008321034e-10,0.9999538198412203,3
2019-01-28,8.631313806069514e-05,2.151124881029971e-07,1.607316683496699e-09,0.9999134701415534,3
2019-01-29,0.00014459893942432104,9.545512147278064e-08,1.3883258011029147e-09,0.9998553042162497,3
2019-01-30,0.00012798402980526596,2.4885401488666394e-07,5.215401888877013e-10,0.9998717665938339,3
2019-01-31,1.798314573226168e-05,3.057096681147539e-05,7.212666262351714e-11,0.9999514458159829,3
2019-02-01,7.829901904141388e-06,0.00033082833363858987,5.42910095721503e-11,0.9996613417110197,3
2019-02-04,7.679887873462363e-06,0.0006803151573607766,5.572366775021277e-11,0.9993120048996612,3
2019-02-05,6.2628318252928245e-06,0.0017787484094549182,4.681813239170654e-11,0.9982149887120293,3
2019-02-06,5.110290019926758e-06,0.0030837277229717724,1.2227813719584783e-10,0.996911161865579,3
2019-02-07,9.845095085748821e-06,0.001178718335088834,8.813558322786193e-11,0.9988114364812244,3
2019-02-08,6.04674476787963e-06,0.0021133896551029036,6.000664627274852e-11,0.9978805635400751,3
2019-02-11,6.928708194683103e-06,0.0028380899423065143,7.488209044392388e-11,0.9971549812742185,3
2019-02-12,9.908772232979823e-06,0.006073359825890654,9.051371904217835e-11,0.9939167313109647,3
2019-02-13,5.564770195256608e-06,0.03814957507441077,4.1792949825463755e-11,0.9618448601140308,3
2019-02-14,4.87641093673228e-06,0.09947592215184141,7.842293540286415e-12,0.9005192014298588,3
2019-02-15,1.010540211854248e-06,0.3711627524721701,7.165191503724868e-13,0.6288362369865983,3
2019-02-19,4.140557288081477e-08,0.8416532031083676,4.683196236255145e-14,0.15834675548671248,1
2019-02-20,3.1404161711745306e-09,0.9901170331534849,8.151165417430685e-15,0.009882963706304409,1
2019-02-21,2.3497495310445505e-10,0.9989759600826575,2.1075793781922254e-15,0.0010240396822237153,1
2019-02-22,6.812770425366977e-11,0.9998718838181309,1.7345543379186402e-15,0.0001281161138399981,1
2019-02-25,6.511562686962972e-11,0.999529364760541,2.049566409553634e-16,0.0004706351743574736,1
2019-02-26,1.4897614313701649e-10,0.9992806247769654,3.0942780095470805e-16,0.0007193750743577871,1
2019-02-27,9.865126663841332e-11,0.9996565017910208,3.6716483595731417e-16,0.00034349811021572513,1
2019-02-28,4.975666960512164e-11,0.9997184522461345,6.912576397081187e-16,0.00028154770374235166,1
2019-03-01,1.3247341064067131e-10,0.999741476992125,8.039806745001285e-15,0.00025852287612919005,1
2019-03-04,8.42595088811735e-10,0.9970516910327659,2.3134283766531245e-14,0.0029483081246730863,1
2019-03-05,1.181798886719166e-08,0.9776581111055256,3.685658607997366e-13,0.02234187707541037,1
2019-03-06,1.474685191457217e-07,0.8757090124768592,3.0584072812007294e-12,0.12429084005176098,1
2019-03-07,1.1602804697096846e-06,0.8053126400421272,5.178270122245193e-12,0.1946861996720279,1
2019-03-08,7.476170424179555e-07,0.8212509610346624,2.5239327544651806e-13,0.17874829134893067,1
2019-03-11,3.214441895420738e-08,0.8888234144153179,2.4215498821881127e-14,0.11117655343969444,1
2019-03-12,6.652693822923464e-10,0.9951429443067452,5.5618970928323e-16,0.004857055027188236,1
2019-03-13,1.2461129701265338e-11,0.9997560023157037,1.0191143838347791e-17,0.00024399767130799045,1
2019-03-14,1.9501206150942365e-13,0.9999779607378844,2.461792272786656e-19,2.2039261551875647e-05,1
2019-03-15,1.7493687466570484e-14,0.999987775922045,1.204030591436409e-19,1.2224077375275085e-05,1
2019-03-18,4.4900101111696283e-14,0.9999850572810405,2.8835798967174334e-18,1.4942719166018787e-05,1
2019-03-19,2.0846241199610043e-12,0.9999498785356276,1.616201233312683e-16,5.0121462050877434e-05,1
2019-03-20,1.3755530085204436e-10,0.9986275093582341,1.108875323175302e-14,0.0013724905037757029,1
2019-03-21,6.5135077802367195e-09,0.9606809177733311,1.6659268287249673e-12,0.039319075711555095,1
2019-03-22,8.505269522843018e-07,0.7027745453901192,1.260682281210805e-11,0.29722460406971984,1
2019-03-25,9.465524659175507e-07,0.7210407662838175,1.1122661033210064e-12,0.2789582871625254,1
2019-03-26,1.6670346304494192e-07,0.8839525110698032,4.501979558180033e-13,0.1160473222263035,1
2019-03-27,2.698147375812666e-08,0.9632310140342181,2.815891160347858e-14,0.036768958983432694,1
2019-03-28,1.5175520286268108e-09,0.9942984499081148,3.106395681152792e-15,0.005701548574377251,1
2019-03-29,1.5282532439808095e-10,0.99951149598052,1.2252356934902038e-16,0.0004885038660820029,1
2019-04-01,3.3572000002892526e-12,0.9998356799638931,7.377201624040553e-18,0.000164320032525595,1
2019-04-02,3.3101819753285033e-13,0.9999823299055184,8.242005455921186e-19,1.76700950390543e-05,1
2019-04-03,7.910545984316297e-14,0.999963069056164,3.7461369885841365e-20,3.693094447278284e-05,1
2019-04-04,4.0864315300880784e-14,0.9999724465664055,3.025840333659915e-20,2.755343432884943e-05,1
2019-04-05,1.5310180593392065e-14,0.99998946634787,1.4257397360225754e-19,1.0533652981076524e-05,1
2019-04-08,4.5675794066625716e-14,0.999987356257304,1.2260482292274848e-19,1.2643743135698923e-05,1
2019-04-09,1.0667063749898579e-13,0.9999347200726963,3.4549210267787344e-20,6.527992653729407e-05,1
2019-04-10,3.915077907111155e-14,0.9999794162148923,1.3686349237886158e-20,2.058378576008652e-05,1
2019-04-11,3.3432575046882464e-15,0.9999916332476319,1.4225841500149736e-21,8.366753129274078e-06,1
2019-04-12,6.125451574725511e-16,0.9999959166718021,7.742076347732774e-22,4.083328187642035e-06,1
2019-04-15,2.607697332294287e-16,0.9999974540638171,4.65457919638826e-22,2.5459353640247313e-06,1
2019-04-16,3.063305143596883e-16,0.9999977373561837,3.8381542994131515e-22,2.262644020690565e-06,1
2019-04-17,2.9313797949584726e-16,0.9999964480857086,3.598014237421841e-22,3.5519135189940422e-06,1
2019-04-18,3.1824044378965055e-16,0.9999977970298168,1.6908982036462414e-21,2.202970093963091e-06,1
2019-04-22,1.0953375849221824e-15,0.999996561457465,3.176027608640286e-21,3.438542949306e-06,1
2019-04-23,3.134059500317448e-15,0.9999904718205567,1.0784465207799088e-20,9.528179714823316e-06,1
2019-04-24,6.4382082940621995e-15,0.9999912004391891,8.316433377819512e-21,8.799560385719414e-06,1
2019-04-25,5.8045514396392434e-15,0.9999881298076271,6.3752560355411814e-21,1.1870191515263807e-05,1
2019-04-26,6.089732191331609e-15,0.9999909882559648,1.6232002659659015e-20,9.011744274669523e-06,1
2019-04-29,8.772846237101254e-15,0.9999893088032318,3.420174467765623e-19,1.0691196104572615e-05,1
2019-04-30,2.7593146898218144e-13,0.9999846157335152,2.791952531895247e-17,1.5384266508590147e-05,1
2019-05-01,2.2078647551302815e-11,0.9995668452180928,5.622977073579494e-16,0.00043315475916105747,1
2019-05-02,9.123401789860044e-10,0.9984856530790064,3.3782116246781433e-14,0.0015143460077872166,1
2019-05-03,5.308358997104346e-09,0.9861515000590382,1.7499787309920183e-12,0.013848494629990896,1
2019-05-06,1.0212878646190698e-07,0.5720950822994505,4.279811815904606e-11,0.4279048155282822,1
2019-05-07,7.678812476498488e-05,1.348105152087319e-05,3.2227558887731487e-09,0.9999097276015964,3
2019-05-08,0.00020258240133399008,4.38768759323836e-08,1.6387549870777562e-09,0.9997973720828339,3
2019-05-09,0.00012926106962463655,1.3362578301811572e-07,3.2240742554075287e-10,0.9998706049822381,3
2019-05-10,1.760745036231359e-05,0.0001842103272480727,9.726896068918379e-09,0.9997981724963706,3
2019-05-13,0.001213948101570265,9.367881023355148e-11,2.7283390869835665e-08,0.9987860245214422,3
2019-05-14,0.00013848822946582365,6.241786269820857e-07,2.9820598667596155e-10,0.9998608872938812,3
2019-05-15,1.323472832902805e-05,8.67961827193431e-05,5.322612307302043e-11,0.9998999690354413,3
2019-05-16,6.824648618823511e-06,0.0006543842817511533,8.756566182340634e-11,0.9993387909815237,3
2019-05-17,7.081229695442461e-06,0.0008064595558659219,1.021996548737479e-10,0.9991864591126373,3
2019-05-20,8.677862598340501e-06,0.0005621099449575863,6.599576088726613e-11,0.9994292121263858,3
2019-05-21,5.6753982913684015e-06,0.0011371170447312432,4.5756402184969666e-10,0.9988572070989434,3
2019-08-19,3.118373404651614e-05,1.0410985916932428e-05,2.5417869891077415e-10,0.9999584050266839,3
2019-08-20,2.0509651957743278e-05,1.0764041088476992e-05,8.267555802098703e-11,0.9999687262240508,3
2019-08-21,9.070939805895098e-06,0.00015752902692172904,2.9811794884913195e-10,0.999833399735984,3
2019-08-22,2.0793523868990135e-05,7.348472222256524e-05,9.646112719148801e-09,0.9999057121074202,3
2019-08-23,0.0011134256010978622,4.097357057865551e-10,4.09775709483418e-07,0.9988861642127846,3
2019-08-26,0.0014157615044061854,8.283800334865407e-09,6.93722802835744e-08,0.9985841608396268,3
2019-08-27,0.001332669542076044,2.7937630165916485e-09,1.969959392153844e-08,0.9986673079639409,3
2019-08-28,0.0006704583134261022,1.9354941691107027e-08,4.887545483171732e-09,0.9993295174440604,3
2019-08-29,0.0001664356887082326,3.0931753282733606e-07,3.9950414252298395e-09,0.9998332509983685,3
2019-08-30,0.0001531301276791727,1.2666966393106571e-07,2.5647776737508808e-09,0.999846740638733,3
2019-09-03,0.00023043052174620944,2.180292379109378e-08,8.099719751276223e-10,0.9997695468657857,3
2019-09-04,4.956820918751093e-05,2.2422481696875824e-05,1.1805846615712408e-10,0.9999280091918474,3
2019-09-05,8.93967507929066e-06,0.009249304681859086,1.462109866652963e-11,0.9907417556278181,3
2019-09-06,1.0311786673828657e-06,0.5584644546381121,7.005758716839025e-12,0.4415345141764662,1
2019-09-09,5.018930677105718e-07,0.76690507193276,1.8309577599420114e-12,0.2330944261729943,1
2019-09-10,1.565528988855985e-07,0.8952933574606923,1.679393277870334e-13,0.1047064859854376,1
2019-09-11,1.4000450065131767e-08,0.9661300031193052,6.441577838560845e-15,0.03386998287939338,1
2019-09-12,3.649348377203562e-10,0.9967395754182246,1.4278921956358621e-15,0.0032604242166076637,1
2019-09-13,5.5085482445860784e-11,0.9998623092048026,6.514844888134105e-16,0.0001376907399769444,1
2019-09-16,1.4811027355187717e-11,0.9998105109535396,8.595466840388212e-17,0.00018948903126422844,1
2019-09-17,2.9480862172863375e-11,0.9997840936965522,5.086395795865682e-16,0.0002159062742946062,1
2019-09-18,1.6220513091992764e-10,0.9996373561699983,7.040452636104799e-15,0.0003626436679495723,1
2019-09-19,1.2050005441498768e-09,0.9938562444547114,6.679523310534953e-14,0.006143754340771322,1
2019-09-20,3.546199645501299e-08,0.8859713153715432,4.900323089238568e-13,0.1140286491665257,1
2019-09-23,4.895570623708916e-07,0.6929180274906339,2.559832987537905e-11,0.3070814829270096,1
2019-09-24,4.493711467040322e-06,0.02416011550828604,2.6310555810147983e-11,0.97583539075373,3
2019-09-25,8.38441045065037e-06,0.0044230176471542395,5.6289033409619094e-11,0.9955685978868896,3
2019-09-26,7.179545659126001e-06,0.0013936233107651869,1.28560089556417e-10,0.9985991970154596,3
2019-09-27,1.5639938085140164e-05,5.321805182558523e-05,8.200066014036966e-11,0.9999311419276188,3
2019-09-30,1.0669651596842572e-05,0.00010041519962116847,8.500315083029618e-10,0.999888914299397,3
2019-10-01,0.00010381628932375572,4.114627185402493e-07,1.55561528784493e-08,0.9998957566917204,3
2019-10-02,0.0009856604035177999,3.624662394217363e-10,3.370118533914031e-08,0.9990143055333452,3
2019-10-03,0.00048488493200319596,2.9200476238411832e-08,1.9497672701578054e-09,0.9995150839180229,3
2019-10-04,6.704490393105164e-05,1.7650256263349018e-06,1.0633763954331766e-09,0.9999311890070997,3
2019-10-07,4.1332175838716285e-05,3.727743157989018e-06,4.040023374230939e-09,0.9999549360404271,3
2019-10-08,0.0005540438330335482,1.3684345453771159e-09,1.0594292053851207e-08,0.9994459442034044,3
2019-10-09,0.0002380149946104032,1.229846081644413e-07,8.052576277093303e-10,0.9997618612157084,3
2019-10-10,3.7003780560186525e-05,0.000324015589520546,9.936480651927766e-12,0.9996389806198477,3
2019-10-11,1.1078980414760128e-06,0.10719366050451483,5.355884032333837e-13,0.8928052315972289,3
2019-10-14,4.180171498513399e-08,0.8859744000973796,2.3389315873845994e-14,0.11402555810042872,1
2019-10-15,9.868473319161821e-10,0.989217574475982,2.338433143843451e-15,0.010782424536526492,1
2019-10-16,4.173185630714494e-11,0.9997163134845679,2.004093179891002e-16,0.00028368647417088675,1
2019-10-17,2.9114251459378346e-12,0.9999426231878893,1.9015429710304877e-17,5.73768084785988e-05,1
2019-10-18,2.0285819947528696e-12,0.9999275978116214,7.54101920279058e-18,7.240218640646375e-05,1
2019-10-21,3.2484322305300604e-12,0.9998633911604554,6.973798304351984e-18,0.00013660883640272416,1
2019-10-22,3.4844509331910707e-12,0.9998891896783884,3.173716346662125e-18,0.00011081031788789876,1
2019-10-23,8.618217855778292e-13,0.9999274914557417,2.039320514691692e-19,7.250854300961681e-05,1
2019-10-24,6.53785445371312e-14,0.9999647559515246,6.423833524606863e-20,3.524404916629083e-05,1
2019-10-25,2.0692239938448792e-14,0.9999925212639471,4.266186467119719e-20,7.478735690765539e-06,1
2019-10-28,9.511872096746742e-15,0.9999806432770008,3.5537739941093585e-21,1.935672379876111e-05,1
2019-10-29,3.900438773830343e-15,0.9999894103235881,4.883031098608285e-21,1.0589676290787797e-05,1
2019-10-30,2.435227498739901e-15,0.9999960854169553,1.0778846335908714e-20,3.914582815878792e-06,1
2019-10-31,4.69341767833434e-15,0.9999903259808436,6.0644040294484574e-21,9.674019978650774e-06,1
2019-11-01,6.7580384820653695e-15,0.9999881350226077,1.5177243126440202e-20,1.1864977020929863e-05,1
2019-11-04,4.978927733484689e-15,0.9999908424052625,3.716524990813442e-21,9.15759442926656e-06,1
2019-11-05,2.3148232509860614e-15,0.9999913587135338,2.3230186035650696e-21,8.641286002454776e-06,1
2019-11-06,1.7707318257960247e-15,0.99999541710126,1.054492305009603e-21,4.582897947504038e-06,1
2019-11-07,6.327590212226021e-16,0.9999932438432498,5.49386373505295e-22,6.756156895063653e-06,1
2019-11-08,5.470857946118173e-16,0.999997596126538,1.7920466462195183e-21,2.403873422804374e-06,1
2019-11-11,8.373778172550514e-16,0.999995820074769,1.859459279093298e-21,4.179925787856849e-06,1
2019-11-12,1.7957909685174714e-15,0.9999945177537692,3.4391702777954685e-21,5.4822468382762095e-06,1
2019-11-13,3.350807495582977e-15,0.9999914968136635,2.4349647179417516e-21,8.503185486319504e-06,1
2019-11-14,2.6295717242596907e-15,0.9999906553093812,1.3218570879109576e-21,9.34469014582727e-06,1
2019-11-15,1.1612001681592737e-15,0.9999946623735584,3.2299000503938737e-21,5.337626918621531e-06,1
2019-11-18,9.732362959262502e-16,0.999996515044292,1.4808994439163155e-21,3.484955184687227e-06,1
2019-11-19,1.0204878057805695e-15,0.9999939932839293,2.0535689606284595e-21,6.006715593218594e-06,1
2019-11-20,2.240245765611821e-15,0.9999954641219218,2.2485191883407313e-21,4.535878170683616e-06,1
2019-11-21,1.261575151170032e-15,0.9999911823622316,7.138311152367633e-22,8.817638237011818e-06,1
2019-11-22,8.02366098470098e-16,0.9999965511001749,3.491580760260647e-22,3.448899785270397e-06,1
2019-11-25,1.7248144108956636e-16,0.9999960706377243,2.499232482541327e-22,3.92936309781458e-06,1
2019-11-26,1.062631972368445e-16,0.999998920255749,2.5100471237412955e-21,1.0797444278305898e-06,1
2019-11-27,4.68698957985426e-16,0.9999981200198299,3.7247979726696257e-19,1.879979583122186e-06,1
2019-11-29,1.5976521650309054e-13,0.9999923271847051,6.930516867321105e-17,7.672815212846117e-06,1
2019-12-02,5.192485129803872e-11,0.9988302297173637,9.37325362193792e-16,0.0011697702302729464,1
2019-12-03,2.7257816693864345e-09,0.995436312973994,4.494068628700004e-15,0.0045636843002042635,1
2019-12-04,1.7090545498702983e-09,0.9975560214140702,8.47110088660132e-15,0.0024439768761541133,1
2019-12-05,7.529529728259424e-10,0.9992639815242813,1.387189598813802e-14,0.0007360177234269304,1
2019-12-06,9.554829933127644e-10,0.9990734795212081,5.501595452488376e-14,0.0009265195229868146,1
2019-12-09,3.5995311716471762e-09,0.993618924525994,1.100679563890567e-14,0.006381071874889755,1
2019-12-10,8.814441394904115e-09,0.9936288958896888,8.455236648911262e-15,0.006371095295868753,1
2019-12-11,1.3346386049226085e-09,0.9972679547134564,6.83383747957331e-17,0.0027320439516830817,1
2019-12-12,6.508858711471192e-12,0.9994888331198447,1.1950848340829273e-18,0.000511166873201855,1
2019-12-13,4.927249552507486e-14,0.999993302863602,4.0360097579739023e-20,6.69713673255898e-06,1
2019-12-16,7.301717891191038e-16,0.999994541855247,1.2881755529742718e-21,5.458144874534051e-06,1
2019-12-17,5.071002509082678e-16,0.9999973617066886,1.4055898038908837e-21,2.638293764860486e-06,1
2019-12-18,8.3095467347523735e-16,0.9999961221203805,1.4713123865862177e-21,3.877879232148563e-06,1
2019-12-19,1.4400181997926816e-15,0.9999940265894258,1.5080694468366959e-21,5.973411063371576e-06,1
2019-12-20,1.3242226953375064e-15,0.9999934604179643,1.4521753322591607e-21,6.539582520282916e-06,1
2019-12-23,1.0251079165004304e-15,0.9999954389308521,2.3375359378618436e-21,4.561069303327432e-06,1
2019-12-24,1.6511655017518995e-15,0.9999954210993804,7.843610558701966e-21,4.578900026483235e-06,1
2019-12-26,6.441438591521993e-15,0.9999914820017588,1.8584389469390957e-19,8.517998456449308e-06,1
2019-12-27,1.7012062675745297e-13,0.9999800285761715,7.730591812542783e-19,1.9971423114528053e-05,1
2019-12-30,9.259748917277524e-13,0.9998038940439292,2.2119864644794575e-19,0.00019610595491505845,1
2019-12-31,3.542578678455518e-13,0.9999492810495633,6.821937826918492e-19,5.0718949505009514e-05,1
2020-01-02,1.0370410485007911e-13,0.9999874631779738,1.661406328053107e-18,1.2536821835861554e-05,1
2020-01-03,1.9212371438687621e-13,0.999958088277457,3.333557782662248e-19,4.191172232379261e-05,1
2020-01-06,2.373595046068711e-13,0.9999449706946008,3.0704253826376117e-19,5.5029305969311544e-05,1
2020-01-07,1.976549861351274e-13,0.9999712625740529,1.1051431047636448e-19,2.8737425084165716e-05,1
2020-01-08,3.408586008464291e-14,0.999968241014825,7.117922733041416e-21,3.175898587143249e-05,1
2020-01-09,4.190414102559153e-15,0.999990591583504,7.939406583670685e-21,9.408415979147978e-06,1
2020-01-10,1.6305736682846022e-15,0.9999967093353489,1.6632770354246394e-21,3.290665305919156e-06,1
2020-01-13,6.654763662124708e-16,0.9999930994310292,8.313694423056984e-22,6.900569797295323e-06,1
2020-01-14,5.951575699477824e-16,0.9999973165558538,2.3971262987313648e-21,2.6834439572003433e-06,1
2020-01-15,1.1803822562288219e-15,0.9999962368145001,1.0994483174413413e-21,3.76318475428772e-06,1
2020-01-16,1.0438628656894357e-15,0.9999908986315307,1.5913807125830285e-21,9.101368037542663e-06,1
2020-01-17,9.788771836363772e-16,0.9999970057860343,8.93406010921868e-21,2.9942139972165816e-06,1
2020-01-21,2.974345542921025e-15,0.9999947069658466,4.1775316616574744e-19,5.293034779724812e-06,1
2020-01-22,3.07399558838316e-13,0.9999855138679471,6.875558811225416e-17,1.4486132541098226e-05,1
2020-01-23,4.673631824425641e-11,0.998974067739622,1.747707559709061e-14,0.0010259322144419792,1
2020-01-24,9.905582790394007e-09,0.8856680879923575,5.307856180814559e-12,0.11433190209617418,1
2020-01-27,6.1260325586377515e-06,0.0005658991544448429,4.5462470361497504e-11,0.9994279747677911,3
2020-01-28,1.4636994957849455e-05,6.391168797742201e-05,8.531974063315739e-11,0.9999214512318949,3
2020-01-29,8.84406573477465e-06,0.0002371340800479584,4.899091754093181e-11,0.999754021805148,3
2020-01-30,6.162235976167615e-06,0.0007805562088025637,1.0023669567439892e-09,0.999213280552385,3
2020-01-31,0.00010590048354623751,1.3305914239421963e-07,2.470472191414333e-09,0.9998939639860431,3
2020-02-03,6.40179687659604e-05,2.503716433971134e-06,1.9672308317040512e-10,0.9999334781176602,3
2020-02-04,1.893675662232666e-05,0.0018554577599894072,7.537814867349789e-11,0.9981256054073712,3
2020-02-05,3.918938367021955e-06,0.11849649881361889,2.5249863373494993e-11,0.8814995822229603,3
2020-02-06,1.569635587810535e-06,0.4824324743505834,1.6625243591475732e-11,0.5175659559974192,1
2020-02-07,1.2451226005741934e-06,0.6493143027199111,7.310674608739722e-12,0.35068445215102295,1
2020-02-10,4.700927026111143e-07,0.7773307001010622,3.8566229184011363e-13,0.22266882980590674,1
2020-02-11,2.9593166199028006e-08,0.912007964669325,2.1571514965114704e-14,0.08799200573785022,1
2020-02-12,1.830605788671173e-09,0.9936479950814686,3.1090240976641454e-14,0.006352003087717962,1
2020-02-13,7.238664137137531e-10,0.9993792809930322,3.000803900806864e-14,0.0006207182829016107,1
2020-02-14,7.295748565245606e-10,0.9992092398829299,1.5156794887804414e-13,0.0007907593865107906,1
2020-02-18,3.6124251859973756e-09,0.9828524750373073,6.420661397307589e-12,0.017147521344371856,1
2020-02-19,7.053282379864919e-08,0.9050265307222625,5.654240934890124e-09,0.09497339309058485,1
2020-02-20,6.833039408600426e-06,0.4606548779875377,1.3237293192488266e-06,0.5393369652433175,1
2020-02-21,0.007016976186495415,7.211716993104858e-05,0.0005260164356964542,0.992384890208122,3
2020-02-24,0.9321506054763663,2.1330808261016715e-24,0.06765387042341844,0.00019552410070228398,0
2020-02-25,0.8467858922715592,4.396032651241126e-37,0.1532141074807366,2.4806758597377366e-10,0
2020-02-26,0.7442522827384906,1.027193364249639e-40,0.2557477171935492,6.834157525836496e-11,0
2020-02-27,1.1391475658198375e-07,1.2952442396960404e-102,0.999999886085795,3.6730205492216513e-37,2
2020-02-28,4.091995415465639e-11,1.0671879985248219e-125,0.9999999999599822,7.099821155309981e-50,2
2020-03-02,1.6349430955224419e-09,6.167326089831465e-111,0.9999999983647285,4.589918607118703e-46,2
2020-03-03,4.722915767084544e-08,1.9416574183398137e-106,0.9999999527699412,1.1515491171133412e-38,2
2020-03-04,5.4815919298782796e-08,1.7573057302980952e-97,0.9999999451847559,2.5100216663585924e-37,2
2020-03-05,1.3165767674299983e-10,5.425402261710568e-123,0.9999999998690328,9.170438534053055e-46,2
2020-03-06,6.988010063729952e-13,1.4939846699032948e-140,1.0,2.6212610254814995e-58,2
2020-03-09,4.909883044839386e-33,4.3674967204714874e-265,1.0,4.2450762308891826e-116,2
2020-03-10,5.124735798365758e-27,1.1078201184985528e-238,1.0,9.218519226988727e-129,2
2020-03-11,2.0617228420073247e-30,2.799575186566881e-262,1.0,2.1530979773545973e-127,2
2020-03-12,2.509280006132061e-84,0.0,1.0,1.2258046698413121e-280,2
2020-03-13,8.25391758556208e-59,0.0,1.0,1.1312747001599506e-248,2
2020-03-16,6.528924847801068e-110,0.0,1.0,0.0,2
2020-03-17,3.130336935235638e-103,0.0,1.0,0.0,2
2020-03-18,1.811319104792471e-86,0.0,1.0,1.423e-321,2
2020-03-19,3.4867529349991905e-78,0.0,1.0,1.5194420858692103e-305,2
2020-03-20,8.441640480306346e-57,0.0,1.0,2.1851021327222338e-236,2
2020-03-23,1.871589224311058e-46,0.0,1.0,1.4155388421155547e-207,2
2020-03-24,5.76852673860862e-69,0.0,1.0,8.286594792380771e-271,2
2020-03-25,2.4219760645646454e-56,0.0,1.0,2.3155217796254528e-241,2
2020-03-26,1.036500768324303e-58,0.0,1.0,9.940158845860989e-250,2
2020-03-27,6.778064135140823e-56,0.0,1.0,3.360074764473872e-235,2
2020-03-30,2.732801832551298e-43,0.0,1.0,1.526060029157686e-202,2
2020-03-31,2.8047737940604025e-30,2.588415721782946e-274,1.0,1.4431230114338257e-147,2
2020-04-01,2.5643295925732483e-36,1.9397151718394685e-297,1.0,1.2605398326632833e-149,2
2020-04-02,3.7462507028273086e-29,9.56160270424521e-257,1.0,2.7664014817587736e-139,2
2020-04-03,3.4919075345597577e-19,1.9381782564327802e-197,1.0,3.885729077174613e-98,2
2020-04-06,9.915963762062809e-28,2.9407707055312013e-226,1.0,8.987272596707484e-116,2
2020-04-07,9.521400144118861e-20,4.362718045771606e-198,1.0,1.543277436898623e-99,2
2020-04-08,1.2808936997227547e-18,1.6320442852421397e-179,1.0,2.7788791800560737e-88,2
2020-04-09,2.9540457309575455e-14,1.5580958985389907e-154,1.0,1.5004509958535076e-72,2
2020-04-13,3.4251901551859955e-12,2.1330056526272267e-139,0.999999999996362,4.0635232338978275e-60,2
2020-04-14,1.572703718458457e-11,9.538619547702748e-129,0.9999999999836291,3.7686119386135815e-56,2
2020-04-15,1.2266025154300378e-11,1.4024534129925929e-133,0.9999999999872671,2.0137239384872773e-54,2
2020-04-16,8.423659944327909e-12,5.213928345075807e-133,0.999999999990905,6.97622692317943e-57,2
2020-04-17,1.6168875330466142e-11,7.734203182792719e-129,0.9999999999836291,6.87351015628462e-56,2
2020-04-20,4.1145093725779935e-15,1.660513326380146e-155,1.0,9.562892916992432e-67,2
2020-04-21,5.01131757215889e-17,1.6580689092202799e-171,1.0,2.388319344614274e-75,2
2020-04-22,1.813972432051821e-15,2.27900761104988e-159,1.0,4.252192926562434e-75,2
2020-04-23,7.729150331767055e-13,4.9979867403805907e-144,1.0,4.035999147406409e-64,2
2020-04-24,2.5969881413130505e-08,6.520927788009275e-110,0.9999999740302886,2.0342584545020255e-45,2
2020-04-27,2.4182273591182126e-06,1.004744723284685e-90,0.9999975817729272,3.7500220499598e-33,2
2020-04-28,1.0945416371231407e-05,2.2655454162881841e-85,0.999989054584023,2.540444471948284e-28,2
2020-04-29,6.534143502800053e-06,4.8417487927064067e-82,0.9999934658567071,5.20595553013862e-28,2
2020-04-30,5.282127405683788e-06,1.0064118536751816e-86,0.9999947178724494,5.948953382309606e-29,2
2020-05-01,2.4417599644863162e-08,8.048826197310394e-105,0.9999999755818866,2.9317344393911747e-36,2
2020-05-04,9.085581681955999e-08,1.4515219362901553e-102,0.9999999091433024,7.912243682537945e-39,2
2020-05-05,3.125756618879078e-06,4.936403832634103e-90,0.9999968742425802,2.9416800504356503e-32,2
2020-05-06,8.90035891991925e-06,1.0687107426218044e-87,0.9999910996407834,3.024017511140963e-29,2
2020-05-07,0.000573320720910491,8.749276017678781e-77,0.9994266792782502,2.495812475993104e-24,2
2020-05-08,0.008275869294893398,6.715288538720912e-60,0.9917241307050974,6.273470156936399e-17,2
2020-05-11,0.012316126747302014,9.634720013981428e-48,0.9876838732532395,3.106675507366548e-13,2
2020-05-12,0.0003838747946527208,3.080964639304506e-66,0.9996161252044451,5.593630794335474e-22,2
2020-05-13,1.4533025765684757e-06,1.4796790132017e-86,0.9999985466976442,1.7864740007936457e-29,2
2020-05-14,1.9278213477474817e-05,8.786353019507149e-84,0.9999807217867047,1.2693674467790253e-28,2
2020-05-15,0.0006701460352611312,1.3206302882513271e-76,0.9993298539642052,8.948328789395028e-24,2
2020-05-18,0.00807432649754344,1.637539469830784e-69,0.9919256735019044,1.6291713967028563e-21,2
2020-05-19,0.2279716190821721,2.257012726354157e-62,0.7720283809178305,5.775465205284523e-17,2
2020-05-20,0.5543521051797502,1.845281497780494e-52,0.4456478948200098,2.7759106765277296e-14,0
2020-05-21,0.7963184858734899,2.1475673748977825e-51,0.20368151412640334,1.0302162336935245e-13,0
2020-05-22,0.9375859293219332,8.569711352788169e-47,0.06241407067563231,2.5534772330771228e-12,0
2020-05-26,0.9726865301204115,9.211699686706417e-47,0.027313469878738308,3.996060994317464e-13,0
2020-05-27,0.9891617506088393,8.517025816770783e-47,0.010838249390310329,7.855688218330903e-13,0
2020-05-28,0.996831067142321,6.583407801006996e-47,0.003168932855539134,1.820849356317641e-12,0
2020-05-29,0.9992024023466394,1.249589878869929e-43,0.0007975976365316366,1.67605100659228e-11,0
2020-06-01,0.999547293592215,4.790157767682742e-45,0.00045270640610720606,1.824564430457741e-12,0
2020-06-02,0.9998073398441395,6.134509334810521e-42,0.0001926600866997136,6.851560314534418e-11,0
2020-06-03,0.9998711423987374,1.172423594372659e-37,0.000128856887079927,7.139777191259198e-10,0
2020-06-04,0.9998853903723975,1.8095069538979843e-34,0.00011459474095645504,1.4886409646568316e-08,0
2020-06-05,0.9990194368167975,2.102048368126352e-35,0.0009805626391518481,5.449288533698748e-10,0
2020-06-08,0.9973006649119338,7.166028953318254e-37,0.0026993344045969365,6.826379026496984e-10,0
2020-06-09,0.9806726930930066,5.708311630769397e-40,0.019327306763184,1.445660063149678e-10,0
2020-06-10,0.8615668770717473,7.192135856833337e-41,0.13843312282969358,9.878858077356117e-11,0
2020-06-11,3.347361742431202e-10,6.089705059909282e-119,0.999999999665306,1.987511610652253e-43,2
2020-06-12,2.1744794689730125e-08,6.3961940213237976e-108,0.9999999782558009,4.411204042711539e-43,2
2020-06-15,9.29846272120353e-07,9.428847748421364e-95,0.9999990701530581,5.564459858963741e-35,2
2020-06-16,6.653777898107085e-07,7.435629824251654e-93,0.9999993346229925,1.0198521857242457e-33,2
2020-06-17,1.1858247031347061e-05,1.256156930579239e-85,0.9999881417527887,7.829867813166269e-29,2
2020-06-18,1.9434734340483547e-05,3.46557700323655e-82,0.9999805652656963,8.009435772877567e-27,2
2020-06-19,1.0545468026391581e-06,3.080081508823666e-91,0.9999989454523632,1.2911004642272964e-31,2
2020-06-22,6.59465075430826e-05,7.780107464341797e-79,0.9999340534931991,7.292836888303471e-26,2
2020-06-23,0.00012431827414650058,9.375088430518558e-73,0.9998756817250967,8.249313571882249e-23,2
2020-06-24,7.0756429729812564e-06,2.5382651198542087e-80,0.9999929243563416,9.424099130502211e-26,2
2020-06-25,1.964277578327374e-05,1.6757663447287352e-78,0.9999803572246672,4.867304140178591e-27,2
2020-06-26,7.39785350594789e-06,2.3405796141898095e-88,0.9999926021465283,2.463535475129117e-28,2
2020-06-29,0.002272594099549754,1.837186433333424e-78,0.9977274059002502,2.608360146232443e-25,2
2020-06-30,0.08126425034107498,7.016513259137897e-70,0.9187357496594034,2.9057167321148147e-20,2
2020-07-01,0.6417882928874632,1.924436386625102e-55,0.3582117071130426,2.72708221998218e-14,0
2020-07-02,0.8764910519438185,5.276601812136453e-46,0.12350894805059469,6.479876957475391e-12,0
2020-07-06,0.9223073119726041,5.116705834025388e-47,0.07769268802724598,1.6309653469153328e-13,0
2020-07-07,0.9521307228240928,3.967481945914844e-50,0.047869277174758855,4.007026686220938e-13,0
2020-07-08,0.9680089654937258,7.50616742734631e-47,0.0319910345059076,1.076233044559368e-12,0
2020-07-09,0.9706963442647828,6.2600573962789506e-49,0.02930365573454519,3.2537790029492964e-13,0
2020-07-10,0.9676170075641448,1.0819578743033305e-44,0.032382992428043184,8.413419692497199e-12,0
2020-07-13,0.9424685805681309,1.4690920650337396e-59,0.05753141943130824,6.95650986840973e-18,0
2020-07-14,0.9557550248279932,2.676335560543192e-58,0.04424497517174763,9.653416757195627e-16,0
2020-07-15,0.9883823473465023,1.4166716787136655e-48,0.011617652651196339,2.387683920918229e-12,0
2020-07-16,0.9979286713385622,3.4553740059971933e-44,0.0020713286431445067,1.743873208537823e-11,0
2020-07-17,0.9998199379920175,2.5617850682042162e-36,0.00018005437425472405,7.633903317819965e-09,0
2020-07-20,0.9999464109885915,7.339557998833335e-31,5.351215994318392e-05,7.685101974332657e-08,0
2020-07-21,0.9999600541552831,5.645383721129544e-30,3.984832171841127e-05,9.752291257751701e-08,0
2020-07-22,0.9999592201113668,6.49590092078132e-29,4.059157863933262e-05,1.8831006887793772e-07,0
2020-07-23,0.9999319564662458,1.3166427489864505e-32,6.802376366844083e-05,1.9770941042362774e-08,0
2020-07-24,0.9999464129257114,6.022192853462701e-33,5.3566990258516946e-05,2.0083160753056577e-08,0
2020-07-27,0.9999518886693847,4.328827982386787e-31,4.806708828195815e-05,4.424249559288311e-08,0
2020-07-28,0.999953223513262,2.3080811355122394e-31,4.671434922945116e-05,6.213819598081945e-08,0
2020-07-29,0.999945120567453,1.0978471230567138e-29,5.479559203578706e-05,8.383960688568855e-08,0
2020-07-30,0.9999618039165231,3.210375187311657e-29,3.792956041823103e-05,2.665230244091992e-07,0
2020-07-31,0.999955719606048,3.474033557366122e-29,4.4190989759447756e-05,8.94039692084354e-08,0
2020-08-03,0.999958516769837,5.265252191908065e-29,4.1324143605911646e-05,1.5908608164384912e-07,0
2020-08-04,0.9999655369365078,1.2579401727764184e-26,3.3326621992930074e-05,1.1364406167947716e-06,0
2020-08-05,0.9999615414045772,6.271815070362276e-24,3.397615111177117e-05,4.482444944374274e-06,0
2020-08-06,0.9999559057804815,7.005677486198247e-22,3.394527830765877e-05,1.0148941074289935e-05,0
2020-08-07,0.999908624903051,8.256212023661395e-20,3.2279197917443184e-05,5.90958985693347e-05,0
2020-08-10,0.9999136192494125,8.081442218956665e-20,3.291739784380206e-05,5.346335363635018e-05,0
2020-08-11,0.9999604883471741,5.9155270251427035e-24,3.689266509247404e-05,2.6189868322837826e-06,0
2020-08-12,0.9999439009863643,2.35165943051278e-22,5.034637101783684e-05,5.752642902474954e-06,0
2020-08-13,0.9998695262143266,2.1725205827271117e-19,3.4194061811188876e-05,9.627972431330808e-05,0
2020-08-14,0.9998541418344529,1.0399660764895537e-17,3.336578776621794e-05,0.00011249237808529328,0
2020-08-17,0.9996655827304517,1.795525669110425e-16,3.79726335470301e-05,0.00029644463638434044,0
2020-08-18,0.9997309008734626,6.669687416162607e-17,3.664131917948277e-05,0.0002324578081304279,0
2020-08-19,0.9999089822218441,2.326876217717607e-19,3.342385820130004e-05,5.759391983079311e-05,0
2020-08-20,0.9999540684947142,6.618807018632158e-21,3.136825457986436e-05,1.456325159349452e-05,0
2020-08-21,0.9999481411637414,2.8513109532931837e-21,3.199873334262958e-05,1.9860102020359113e-05,0
2020-08-24,0.9999502501093221,3.919655418003687e-21,3.9602496063624095e-05,1.014739461392489e-05,0
2020-08-25,0.9999095823702336,1.6741860787167932e-20,3.411304371174519e-05,5.6304585618861755e-05,0
2020-08-26,0.9999577164589345,5.756150521933293e-24,4.10983940501085e-05,1.1851478750556187e-06,0
2020-08-27,0.9999615196539386,1.6204097945320342e-27,3.8220569075846955e-05,2.597772965758241e-07,0
2020-08-28,0.9999043419837447,6.645445121538701e-25,9.11372508433691e-05,4.5207654802200305e-06,0
2020-08-31,0.9985925914901832,1.1623794757914564e-32,0.001407406323683926,2.185866882603347e-09,0
2020-09-01,0.9817503403675724,2.2697529537034442e-36,0.01824965884349685,7.883335276840198e-10,0
2020-09-02,0.8049852782826027,3.905665168396712e-40,0.1950147216953032,2.2822314529256067e-11,0
2020-09-03,0.04905182356284423,2.8660918375732062e-68,0.9509481764369839,2.2273104390795175e-20,2
2020-09-04,0.055759359125877886,2.927204091510091e-62,0.9442406408744208,9.258933040735371e-17,2
2020-09-08,0.0717478961669227,3.4054937685642974e-62,0.9282521038337079,8.045668998048816e-17,2
2020-09-09,0.2322548971982327,2.030691771591141e-56,0.767745102800991,1.2253938792093394e-16,2
2020-09-10,0.6255877245107704,2.331001208166842e-54,0.3744122754884864,8.862839472717044e-14,0
2020-09-11,0.9612484287889469,3.699425055842599e-42,0.03875157100582897,2.0575446302200873e-10,0
2020-09-14,0.9953877486265219,1.4082027595360498e-37,0.004612250888509703,4.851704009538877e-10,0
2020-09-15,0.9996379300241247,6.124543695967235e-35,0.00036206375527429567,6.219998331665328e-09,0
2020-09-16,0.9999223075088282,3.6874945493513706e-34,7.768323059901907e-05,9.260141516337221e-09,0
2020-09-17,0.9999267938295489,3.8668173307276007e-35,7.320163664644196e-05,4.5331253894664945e-09,0
2020-09-18,0.9999287024172476,1.8919605360678486e-33,7.126221360587195e-05,3.5369511058699156e-08,0
2020-09-21,0.9998138941476725,7.204441172808661e-39,0.00018610573151446453,1.216025002849349e-10,0
2020-09-22,0.9997059615711223,1.1904710433055691e-40,0.00029403839312294375,3.5962516124629936e-11,0
2020-09-23,0.9992287246487743,2.854576309631783e-45,0.000771275325570093,2.5594579364446643e-11,0
2020-09-24,0.999437320704967,9.244577186243938e-46,0.000562679294918871,8.120633892448505e-13,0
2020-09-25,0.9996716203485515,1.6504007082676317e-42,0.0003283796132825034,3.8734429791222376e-11,0
2020-09-28,0.9997729205319933,3.102686341666883e-40,0.00022707939971985003,6.896163698999647e-11,0
2020-09-29,0.9999215278926411,7.896899384775023e-37,7.84672028951128e-05,4.904471616250422e-09,0
2020-09-30,0.9998902110283159,5.9314885715417686e-37,0.00010978866855259596,3.039905894281892e-10,0
2020-10-01,0.9998612249605306,9.929955951227954e-39,0.00013877482774648115,2.1127237749865072e-10,0
2020-10-02,0.999632036869551,1.303515831002808e-40,0.0003679629782897014,1.5244924038378872e-10,0
2020-10-05,0.9983283019136383,2.6396005443035334e-46,0.001671698087013116,8.866682567787681e-14,0
2020-10-06,0.9981756288482972,1.4964375038412608e-50,0.001824371151394723,5.624361734645428e-13,0
2020-10-07,0.9983676935450794,6.148133745394131e-49,0.0016323064549170277,7.405664457881639e-14,0
2020-10-08,0.9997354003197322,1.075670128131088e-41,0.00026459934817258133,3.316467575871149e-10,0
2020-10-09,0.9999252782814655,6.654480415193953e-34,7.470576305410308e-05,1.5954839530015545e-08,0
2020-10-12,0.9998899400959828,4.025071995684318e-34,0.00011005789143417662,2.011822199845879e-09,0
2020-10-13,0.999936981522617,1.1899998829572998e-34,6.300780362576862e-05,1.0674142202046343e-08,0
2020-10-14,0.9999236880591276,5.912239600123107e-35,7.630763332543407e-05,4.308397358010578e-09,0
2020-10-15,0.999820384295378,1.402378694273557e-37,0.0001796153542625451,3.511891617261564e-10,0
2020-10-16,0.9990462743916898,2.4455457880203837e-40,0.0009537255455058675,6.33289390562024e-11,0
2020-10-19,0.9936894778407631,1.2252456391243732e-46,0.00631052215798583,2.0828661449744405e-12,0
2020-10-20,0.9845141267441186,2.756917124266829e-50,0.015485873256340736,2.4030893960448375e-14,0
2020-10-21,0.9738649305570111,1.2226333642711684e-48,0.026135069440899,1.4862311218098676e-12,0
2020-10-22,0.9372990383897745,6.2136850125925225e-46,0.06270096160757552,1.874620929836365e-12,0
2020-10-23,0.807391972206494,1.1895800188299791e-43,0.19260802777521355,1.8464646511409287e-11,0
2020-10-26,0.05175061165845529,1.5466113371723416e-61,0.9482493883414425,6.973766207461447e-19,2
2020-10-27,0.0008997644397289434,3.3928642186420887e-74,0.9991002355603,1.0246452386669174e-23,2
2020-10-28,6.099137688240201e-11,2.1070262306031637e-120,0.9999999999381544,9.472023920978696e-44,2
2020-10-29,1.164243154671316e-09,1.4339256398098622e-117,0.9999999988358468,1.4455694848601376e-48,2
2020-10-30,5.454258988223128e-09,1.6343154532071564e-113,0.9999999945448508,6.044690900208993e-44,2
2020-11-02,2.947522608440976e-09,7.761814353329829e-113,0.9999999970532372,3.951915037468471e-45,2
2020-11-03,2.6598785513002257e-06,1.3959774337927e-103,0.9999973401207986,1.0170831289213501e-39,2
2020-11-04,0.07241381412058756,1.9434308155936756e-72,0.9275861858794776,1.081098775405674e-22,2
2020-11-05,0.5867757085991191,1.6546830164822838e-57,0.413224291401517,1.5637408576436775e-14,0
2020-11-06,0.9801917144647518,1.5906580675641173e-36,0.019808211284835245,7.425070697675951e-08,0
2020-11-09,0.9979107064727707,1.8521469079560701e-34,0.0020892926506924712,8.763799115329696e-10,0
2020-11-10,0.9998721893674275,1.956485805145012e-31,0.0001276360252598478,1.7460716414775599e-07,0
2020-11-11,0.9999572826702267,1.5958892208291708e-26,4.152344636335828e-05,1.1938833581574836e-06,0
2020-11-12,0.9999501404333617,1.534319136455204e-29,4.97457069393083e-05,1.1385911123279911e-07,0
2020-11-13,0.9999475683647447,1.1763752816286261e-26,5.159462889796933e-05,8.370067951851201e-07,0
2020-11-16,0.9999499687657163,3.48795469670121e-23,4.40057813000923e-05,6.0254530380731145e-06,0
2020-11-17,0.9999308175496198,1.4002694388338355e-21,3.3917265062341075e-05,3.526518491474611e-05,0
2020-11-18,0.9999524893237172,1.1881641051859275e-23,4.2391636473481274e-05,5.119038944761641e-06,0
2020-11-19,0.9999627596320761,2.123918231224687e-23,3.215419745231729e-05,5.086170702339153e-06,0
2020-11-20,0.9999609790930637,5.735890810046286e-24,3.4131301555798164e-05,4.889604930266727e-06,0
2020-11-23,0.9999546674314891,4.787638060062637e-22,3.433021141704462e-05,1.1002357112783964e-05,0
2020-11-24,0.9999118493380139,1.3044635399520842e-19,6.165320522757998e-05,2.6497456926260802e-05,0
2020-11-25,0.9988590556673641,9.063094272479018e-16,4.2198945872311124e-05,0.0010987453868748155,0
2020-11-27,0.9975731108054308,1.4138253460952027e-13,4.5132240497912655e-05,0.002381756954667288,0
2020-11-30,0.9962700345301054,3.9001757979182654e-13,5.802413258843574e-05,0.003671941337223257,0
2020-12-01,0.9989215244007792,1.929136088493201e-14,5.550732790594354e-05,0.0010229682704615637,0
2020-12-02,0.9991112722227226,1.1949693835159323e-14,4.0964506220696454e-05,0.000847763271823153,0
2020-12-03,0.9991614471314654,7.714254291577899e-15,4.040967622142214e-05,0.0007981431931465639,0
2020-12-04,0.9992595961064934,1.1803106700747473e-14,4.9385370566260236e-05,0.000691018522536399,0
2020-12-07,0.998981927424586,1.1351101424397564e-14,4.144976408026054e-05,0.0009766228121241166,0
2020-12-08,0.9986896408597545,1.9820947470165695e-14,4.662486749361267e-05,0.0012637342730918385,0
2020-12-09,0.9997450575590935,1.3777912084604035e-17,4.026514176788702e-05,0.00021467729854395212,0
2020-12-10,0.9999248189646814,1.0605197189006072e-19,3.169706705172786e-05,4.3483968475122476e-05,0
2020-12-11,0.9999625926932787,1.1665493295142762e-22,3.0602678895760046e-05,6.804626996404254e-06,0
2020-12-14,0.9999627694979073,4.44836478460631e-27,3.690981821717341e-05,3.20684695215568e-07,0
2020-12-15,0.9999512804378723,4.4229936754169495e-25,4.7070747697819195e-05,1.6488152715617228e-06,0
2020-12-16,0.9999399534156279,2.462550853016494e-21,3.1974610084394166e-05,2.8071974438975747e-05,0
2020-12-17,0.9999004736418695,1.464327118452438e-18,3.5510038597197e-05,6.401631870604348e-05,0
2020-12-18,0.9996565938730075,3.55767543500995e-18,3.930848011512539e-05,0.00030409764723585034,0
2020-12-21,0.9999594304325564,8.748525909311321e-27,4.0449760323676955e-05,1.1980659472131244e-07,0
2020-12-22,0.9999660444390173,1.9697154770327133e-27,3.3133019400228714e-05,8.225411063334325e-07,0
2020-12-23,0.9999635765410506,3.0802913125616825e-23,3.067789340287829e-05,5.745565085895944e-06,0
2020-12-24,0.9998040022107515,9.18503148750826e-19,3.6684917448195766e-05,0.00015931287263493542,0
2020-12-28,0.9999024772268038,7.22575761980666e-19,3.993430313750211e-05,5.7588470348489735e-05,0
2020-12-29,0.9999560065371427,2.1262262263942818e-21,3.0951400290387096e-05,1.304206215473887e-05,0
2020-12-30,0.9999531673909708,9.858768827219734e-22,3.0824934815304214e-05,1.600767480664404e-05,0
2020-12-31,0.9999553306342833,1.5900099183264905e-22,3.688516090252973e-05,7.784205567632697e-06,0
2021-01-04,0.9998908921070887,7.257959837127915e-34,0.00010910592928225592,1.9638001989102543e-09,0
2021-01-05,0.9999387187441544,7.322645355867283e-34,6.127250838483566e-05,8.747987970117221e-09,0
2021-01-06,0.9999501290979851,5.509776343849308e-32,4.984589349177644e-05,2.5008470372752878e-08,0
2021-01-07,0.9999416123557738,9.815282404659786e-25,5.4454487271263544e-05,3.933156124550942e-06,0
2021-01-08,0.9998509475289578,5.225792811975992e-20,3.830207969889478e-05,0.00011075039119179145,0
2021-01-11,0.9999630608309976,7.969922792737792e-24,3.4796213295680316e-05,2.1429554662099253e-06,0
2021-01-12,0.9999641900603794,2.477584749017413e-23,3.05441751438869e-05,5.265764981389541e-06,0
2021-01-13,0.9999213269137427,8.967682738003428e-21,3.2206704259533066e-05,4.646638196978403e-05,0
2021-01-14,0.9999581695646897,2.8628802887438315e-22,3.150748417796571e-05,1.0322951794333786e-05,0
2021-01-15,0.9999624151738454,1.0875182657190254e-25,3.646022531492752e-05,1.1246009938918627e-06,0
2021-01-19,0.9999603745593376,1.6368798773015847e-24,3.776001067818489e-05,1.8654301839466799e-06,0
2021-01-20,0.9999139316029848,3.2844808629983744e-20,5.349240342536856e-05,3.257599410385397e-05,0
2021-01-21,0.9995827396510585,7.452783441991571e-17,4.230872128730906e-05,0.0003749516272801743,0
2021-01-22,0.9997137929254324,5.555110815595498e-18,9.623401577244315e-05,0.00018997305823890506,0
2021-01-25,0.9985545011466063,9.358302891499307e-22,0.0014403065217299322,5.192332327056761e-06,0
2021-01-26,0.9630927653097269,6.906258587320989e-23,0.03689286154988388,1.437313983422313e-05,0
2021-01-27,0.00010035052613404367,4.0157132931609073e-81,0.9998996494746614,1.0102822824787754e-30,2
2021-01-28,0.001627580506851287,4.046391976737965e-70,0.9983724194929208,1.4006074307050792e-20,2
2021-01-29,0.005061050008643804,3.269523808926199e-72,0.9949389499916647,1.2426833964565391e-21,2
2021-02-01,0.12970802657477717,1.2007645322371366e-65,0.870291973425325,1.1488218750136418e-19,2
2021-02-02,0.904083809523893,9.411700671161549e-46,0.09591619035671177,1.1888282962602068e-10,0
2021-02-03,0.9963779076228466,1.4515596906373497e-26,0.0036107626829190577,1.1329694979053943e-05,0
2021-02-04,0.9997250606743894,4.3292273368760404e-19,0.0002301201372740225,4.481918897942961e-05,0
2021-02-05,0.9993585147777777,5.182414805331244e-16,5.394262049588411e-05,0.0005875426017507466,0
2021-02-08,0.9996903041381379,5.793711533094391e-16,4.280289219330033e-05,0.00026689297047786617,0
2021-02-09,0.9996741298546101,2.0051174469333472e-16,3.675614369930714e-05,0.0002891140011955777,0
2021-02-10,0.9997459727343723,1.5524429410712382e-16,3.389984084161597e-05,0.0002201274247104262,0
2021-02-11,0.99882864691421,6.56295449100503e-15,3.996804281928457e-05,0.001131385042788716,0
2021-02-12,0.9965384508873542,6.972532850524201e-13,6.0826818840616355e-05,0.003400722292461595,0
2021-02-16,0.9988781901884421,7.68934905809477e-15,3.8895825328814636e-05,0.0010829139853567543,0
2021-02-17,0.9995061780806765,4.842224616273724e-16,3.728465878933789e-05,0.0004565372602976153,0
2021-02-18,0.9998874971467757,3.074137278653638e-18,3.376365240789005e-05,7.873920000755658e-05,0
2021-02-19,0.9998577779070122,6.694835676831368e-19,3.393747738941654e-05,0.00010828461533838423,0
2021-02-22,0.9999548014449239,4.874709082202072e-22,3.51840459683584e-05,1.0014509642170963e-05,0
2021-02-23,0.9999594393961726,4.995461664625377e-22,3.2611684013673464e-05,7.948919853215747e-06,0
2021-02-24,0.9998459078005602,3.345333753328902e-20,8.707134369068799e-05,6.702085597515286e-05,0
2021-02-25,0.999253257665075,3.5241672441173204e-40,0.0007467423244697039,1.0404698085675076e-11,0
2021-02-26,0.9997117475301894,2.910331483205146e-43,0.0002882524435685515,2.6326221730632063e-11,0
2021-03-01,0.9998182616636656,7.851207104144997e-34,0.00018170668855175772,3.164861781544858e-08,0
2021-03-02,0.9999508764928302,1.2916547317415441e-27,4.6985932647835905e-05,2.137574011975798e-06,0
2021-03-03,0.9998880069868313,2.024457877774324e-33,0.00011198898206905614,4.03084157217998e-09,0
2021-03-04,0.9997052389466403,1.4289126604296731e-42,0.00029476104106498826,1.1746802675594505e-11,0
2021-03-05,0.9998413122423773,7.888706907418664e-37,0.00015868491887989635,2.8392037368043986e-09,0
2021-03-08,0.9999472401217251,1.0652477067128255e-32,5.2709863074170745e-05,5.00158940241006e-08,0
2021-03-09,0.9999381689066007,5.457140020882376e-29,6.175995779765005e-05,7.113489275612212e-08,0
2021-03-10,0.9998991935744548,1.5885725633532881e-21,3.453536619099804e-05,6.62710599039588e-05,0
2021-03-11,0.9948111550199996,1.1820443151139016e-16,3.089402459697411e-05,0.005157950956148574,0
2021-03-12,0.745686496955746,3.2570589562178307e-12,1.9671588779929165e-05,0.2542938314528313,0
2021-03-15,0.4258118835471756,6.263581965246184e-10,1.0683349780621526e-05,0.5741774324766389,3
2021-03-16,0.17335868373386784,7.588567567080488e-09,8.486777989448327e-06,0.8266328218989171,3
2021-03-17,0.11060320174464516,3.919909656466366e-08,9.363151884825616e-06,0.8893873959049393,3
2021-03-18,0.11023915018837682,1.829803104534069e-11,6.307992859346538e-06,0.8897545418006881,3
2021-03-19,0.08150056209710921,2.737858539099159e-10,1.2230892124836353e-06,0.9184982145392889,3
2021-03-22,0.025888134917974568,6.434260575358449e-08,1.9079176392467544e-06,0.9741098928221433,3
2021-03-23,0.01964606107538062,2.7469530377358596e-09,1.252112923350196e-06,0.9803526840649757,3
2021-03-24,0.020391513872493893,1.5285916634916573e-10,5.470012771642167e-07,0.9796079389733158,3
2021-03-25,0.012304854599853988,5.872311355008895e-09,5.12086595087119e-07,0.987694627441423,3
2021-03-26,0.008904012643125755,6.245005513034644e-09,7.908231783265397e-07,0.9910951902881399,3
2021-03-29,0.006963050543633487,6.200806781525798e-10,6.571740869223284e-08,0.9930368831181059,3
2021-03-30,0.0015255668625479733,2.4401851381686712e-08,2.3568960732196606e-08,0.99847438516726,3
2021-03-31,0.000556992831466291,2.636241616923448e-08,1.9989496539371625e-09,0.9994429788071462,3
2021-04-01,7.566247738882874e-05,1.6318821597479517e-06,2.593802930308992e-09,0.9999227030465233,3
2021-04-05,0.00014314038792945463,1.748349227747178e-07,1.124606055746719e-09,0.9998566836519149,3
2021-04-06,4.366427725082616e-05,1.6407332725789201e-06,1.306351911571905e-10,0.9999546948587873,3
2021-04-07,1.7740616936717895e-05,1.6662559091644953e-05,9.919276332813739e-11,0.9999655967246307,3
2021-04-08,1.672105166968878e-05,2.039198011173483e-05,1.0646888236290579e-10,0.9999628868620167,3
2021-04-09,1.705889640615973e-05,2.1650214169909395e-05,1.0176648551253025e-10,0.9999612907884303,3
2021-04-12,1.3205152102897231e-05,3.800955821521037e-05,7.292249259304578e-11,0.9999487852165052,3
2021-04-13,1.2302527570360106e-05,5.001603045365186e-05,8.238964466229897e-11,0.9999376813603953,3
2021-04-14,1.3277067321096152e-05,3.733352101621889e-05,1.4115700367571807e-10,0.9999493892703115,3
2021-04-15,2.086189115150945e-05,1.5040509621093274e-05,1.0095088420941446e-10,0.9999640974989656,3
2021-04-16,9.368024358117112e-06,0.00011888092014490866,1.2080213524816296e-10,0.9998717509343437,3
2021-04-19,1.7311199423473988e-05,1.8642478207830938e-05,4.5305502122040375e-10,0.9999640458688065,3
2021-04-20,6.417922296559031e-05,3.906636325289516e-07,4.501797800910486e-10,0.9999354296635021,3
2021-04-21,4.709362758185242e-05,1.924707322465973e-06,7.036766757606527e-10,0.9999509809613599,3
2021-04-22,6.777982672468425e-05,3.1758918893687905e-07,5.341189815073244e-10,0.9999319020494253,3
2021-04-23,4.5619152062922026e-05,2.054498959756517e-06,3.432114544260975e-10,0.9999523260062506,3
2021-04-26,2.842169764809106e-05,4.6282567093818685e-06,1.4796444641419926e-10,0.999966949897968,3
2021-04-27,2.3537330025210937e-05,6.935892276605064e-06,1.088357261093742e-10,0.9999695266692713,3
2021-04-28,1.8112049676371556e-05,1.479147677845798e-05,2.3488446610144553e-10,0.9999670962381154,3
2021-04-29,3.9720545492457735e-05,2.4482059808868793e-06,4.965929472695257e-10,0.9999578307521263,3
2021-04-30,6.148298866475155e-05,4.6277447070725925e-07,6.978841441882036e-10,0.9999380535388812,3
2021-05-03,7.12647391778953e-05,6.761093751312866e-07,1.5733790717631226e-09,0.99992805757894,3
2021-05-04,0.00019228555384113159,3.694920317247371e-08,2.8724478653710334e-09,0.9998076746247107,3
2021-05-05,0.00020084437166952186,7.669553845922388e-08,4.101968040070549e-09,0.9997990748316835,3
2021-05-06,0.0002866698293951263,2.2897487019280212e-07,4.2824649970411864e-08,0.9997130583715984,3
2021-05-07,0.0017872660230842596,1.9219502488889043e-05,1.12915392856492e-06,0.9981923853199237,3
2021-05-10,0.12023439056357614,2.7810283616792474e-09,1.7256383575510725e-05,0.8797483502710831,3
2021-05-11,0.8500409479271757,1.5178197891870862e-14,5.283485401701085e-05,0.14990621721887348,0
2021-05-12,0.9997610775328488,4.449279579774358e-31,0.00023885882671724593,6.36398053802323e-08,0
2021-05-13,0.9998782067773518,5.31414028310107e-23,5.937507670229873e-05,6.241814516037502e-05,0
2021-05-14,0.930508511321964,7.408298466586232e-13,0.00013470325216337982,0.06935678542519533,0
2021-05-17,0.9062865125884572,9.383018439726117e-10,7.942266712173974e-05,0.09363406380672029,0
2021-05-18,0.9186533773696902,6.106755884899652e-12,4.980371660862119e-05,0.0812968189080193,0
2021-05-19,0.9186393206551013,3.656402958415926e-13,2.7149440349372004e-05,0.08133352990498331,0
2021-05-20,0.7970465551127176,1.1227854817825518e-11,1.4042251576268902e-05,0.20293940262430535,0
2021-05-21,0.2710590725201641,8.37274776463748e-10,1.6942039678670652e-06,0.7289392324378272,3
2021-05-24,0.02896483382809528,1.0941765631392051e-07,2.786282455623928e-07,0.9710347781263392,3
2021-05-25,0.002003864872104264,2.250803537128914e-07,4.708099215353021e-09,0.9979959053391622,3
2021-05-26,5.520090246267507e-05,9.862080569771998e-06,1.8878537375607042e-10,0.9999349368275364,3
2021-05-27,1.2453465778079357e-05,5.0516649144192795e-05,7.679007315331972e-11,0.9999370298082868,3
2021-05-28,1.2250196718835846e-05,4.967164707213437e-05,1.914931964447547e-10,0.999938077964577,3
2021-06-01,3.22235736296984e-05,2.995862928804725e-06,1.495564076241355e-10,0.9999647804142512,3
2021-06-02,2.384644871490875e-05,7.247612429076857e-06,2.014050468268787e-10,0.9999689057381549,3
2021-06-03,3.36678403898637e-05,2.3599930304514967e-06,1.0276139394956763e-10,0.9999639720641488,3
2021-06-04,1.506870992996211e-05,3.514132926364569e-05,7.975080842616279e-11,0.9999497898807127,3
2021-06-07,9.111458745530723e-06,0.00012828125949487505,1.0305970663739551e-10,0.9998626071779421,3
2021-06-08,1.5339726549918102e-05,2.621810069262592e-05,1.729345036841292e-10,0.9999584419997443,3
2021-06-09,3.0062450147963017e-05,4.034357389125116e-06,5.577659178371679e-11,0.9999659031374526,3
2021-06-10,8.862145894821065e-06,0.00023241217226168792,4.430271654858271e-11,0.9997587256368741,3
2021-06-11,6.005993668143724e-06,0.0007066285808025659,8.178848560831296e-11,0.9992873653438321,3
2021-06-14,9.462760933199826e-06,0.0001779507407655303,9.05234761810719e-11,0.999812586407603,3
2021-06-15,1.4009976561710911e-05,3.581208322869945e-05,2.2765932283046605e-10,0.9999501777116915,3
2021-06-16,3.7234153637229745e-05,1.7799079210924949e-06,4.107683998197121e-10,0.9999609855283971,3
2021-06-17,4.876320658603691e-05,4.199166412424943e-06,5.712669918312993e-09,0.9999470319148344,3
2021-06-18,0.0009216068186162522,5.025479616164743e-10,8.428816800670663e-09,0.999078384249757,3
2021-06-21,0.00020640785587146447,2.1789056112075243e-07,5.594319595914281e-10,0.9997933736947242,3
2021-06-22,1.585851618892733e-05,4.233942681419986e-05,6.51786371905842e-11,0.9999418019925539,3
2021-06-23,8.451948663176727e-06,0.00021304351947785797,5.919052190485335e-11,0.9997785044735347,3
2021-06-24,8.487889961275151e-06,0.0003472712019175518,4.8039027697918834e-11,0.9996442408593001,3
2021-06-25,6.1297481486750765e-06,0.0010041358215078712,5.5607810649189476e-11,0.9989897343740429,3
2021-06-28,6.406720347038751e-06,0.0010552657741516242,5.7432553929896815e-11,0.9989383274473148,3
2021-06-29,7.094314628896942e-06,0.0009085950059842076,4.845802757273528e-11,0.9990843106304126,3
2021-06-30,6.493392991498423e-06,0.0012472137803502968,4.848240765539775e-11,0.9987462927775396,3
2021-07-01,6.097285205689166e-06,0.001678043963792221,5.3519528382824854e-11,0.9983158586973252,3
2021-07-02,5.553222534545309e-06,0.0017850296577673445,1.1592462724413914e-10,0.9982094170037347,3
2021-07-06,8.961576552845635e-06,0.0003745581066289119,6.944905899268638e-11,0.9996164802476727,3
2021-07-07,9.377058538867682e-06,0.00018022362270260717,6.001333604733114e-10,0.9998103987195239,3
2021-07-08,8.851591315019374e-05,1.758428975143386e-07,1.9426071829144282e-10,0.9999113080491762,3
2021-07-09,1.621573576450139e-05,3.56246621169335e-05,1.0454221151714782e-10,0.9999481594982039,3
2021-07-12,8.750570032446448e-06,0.0001507595108180883,1.00867451885894e-10,0.9998404898189606,3
2021-07-13,1.4529901323821897e-05,3.2793820905672244e-05,6.046829081785444e-11,0.9999526762178349,3
2021-07-14,9.10465854266513e-06,0.00013558575801227897,3.3207990820483916e-10,0.9998553092504838,3
2021-07-15,3.3860169396819364e-05,3.7091128826953385e-05,1.5237713277557416e-08,0.9999290334643213,3
2021-07-16,0.0018736756033264845,7.083706296630634e-07,4.5480777455401276e-07,0.9981251612185852,3
2021-07-19,0.04715972532932765,6.394059298965223e-13,2.192712096008295e-06,0.9528380819576743,3
2021-07-20,0.03306371464597394,7.319792717458936e-10,1.5117770414846136e-07,0.9669361334440176,3
2021-07-21,0.0016822018288665118,7.951349927352578e-07,8.311342390658142e-09,0.9983169947249141,3
2021-07-22,6.99777463782151e-05,3.929668976871176e-06,5.476300814320088e-10,0.999926092036846,3
2021-07-23,3.666869549459912e-05,3.459999405026827e-06,3.3454601390249214e-10,0.9999598709703759,3
2021-07-26,3.0374737816084295e-05,5.033633122631864e-06,9.647439003761433e-10,0.9999645906639777,3
2021-07-27,0.00015375135679111302,5.4055887338813144e-08,6.870283759097607e-10,0.9998461938999127,3
2021-07-28,5.6916108814485975e-05,9.07775894581877e-07,2.8417073864260427e-10,0.9999421758313959,3
2021-07-29,3.62010693964347e-05,2.893861137367359e-06,3.39282856266709e-10,0.9999609047302245,3
2021-07-30,4.656752510589243e-05,1.338039871739024e-06,1.5978540204080715e-09,0.9999520928375049,3
2021-08-02,0.00020572880957139963,3.667667246022765e-08,1.0659552516988584e-09,0.999794233448288,3
2021-08-03,8.30879263154508e-05,5.834723464294079e-07,3.9675381019542955e-10,0.9999163282036883,3
2021-08-04,3.262243683882062e-05,2.80024840806049e-06,1.8882519428043474e-10,0.9999645771257191,3
2021-08-05,2.5811195043299363e-05,7.813693949523592e-06,5.823893246883523e-11,0.9999663750528164,3
2021-08-06,8.129520359979477e-06,0.00019736137523347372,7.776465570367773e-11,0.9997945090267119,3
2021-08-09,1.1128521862843996e-05,7.565940362099908e-05,7.606210548653758e-11,0.9999132119983977,3
2021-08-10,1.2370856918175585e-05,6.446505144967788e-05,4.7327615503769904e-11,0.9999231640447713,3
2021-08-11,8.008775875855212e-06,0.0003956397920922086,4.278953458802668e-11,0.999596351389333,3
2021-08-12,6.200432179121817e-06,0.0012115062065723495,4.9141226526873326e-11,0.9987822933122156,3
2021-08-13,5.384161013692368e-06,0.0016933576706355629,2.0635727349473354e-10,0.9983012579621197,3
2021-08-16,1.3088030153335155e-05,0.00044423515341867074,7.35685908187576e-09,0.9995426694596694,3
2021-08-17,0.0007628264393430697,4.531811785159286e-06,2.6984480124449197e-07,0.9992323719043988,3
2021-08-18,0.031865315476016065,3.358174956512767e-11,1.7010530965190129e-06,0.9681329834366939,3
2021-08-19,0.03850259283719126,2.2188037346161348e-11,1.4052124867593874e-07,0.9614972666185417,3
2021-08-20,0.004060622590078332,1.359268964847426e-07,1.1551939050748983e-08,0.9959392299310807,3
2021-08-23,0.00012003019136016586,5.6247803915483594e-06,6.705229874761413e-10,0.9998743443584397,3
2021-08-24,1.9816351591237042e-05,1.4604885894199994e-05,9.158380131430768e-11,0.9999655786717822,3
2021-08-25,1.3818737048502872e-05,3.825186374642544e-05,4.514784626984186e-10,0.9999479289478191,3
2021-08-26,7.576496036792557e-05,2.663551310669534e-07,1.4471714593939807e-10,0.9999239685404792,3
2021-08-27,1.5169305507785512e-05,3.832823001932319e-05,8.266526370609219e-11,0.9999465023824583,3
2021-08-30,9.183262522062658e-06,0.0001424358315263262,6.507713471139087e-11,0.9998483808406193,3
2021-08-31,9.298489374162748e-06,0.00015624488908718331,5.038847238863005e-11,0.9998344565715486,3
2021-09-01,7.5488535389306415e-06,0.0002867079973385487,7.150040258401404e-11,0.9997057430783767,3
2021-09-02,9.967115454958273e-06,0.00012544013920988715,6.049954645456525e-11,0.9998645926850808,3
2021-09-03,9.255294144006248e-06,0.00013441548825601253,2.4783584020031995e-10,0.9998563289689605,3
2021-09-07,3.771263630234756e-05,1.9576899833063567e-06,2.688697897728442e-10,0.999960329404716,3
2021-09-08,3.798087148003101e-05,2.5464916392477584e-06,1.254548141557485e-09,0.9999594713818044,3
2021-09-09,0.00017722265332719073,2.763018613858997e-07,1.5968846509532765e-08,0.9998224850766811,3
2021-09-10,0.00174235311207783,3.427286273180033e-10,2.1699382292591157e-08,0.9982576248449164,3
2021-09-13,0.000651065990634611,3.399569585025883e-08,1.5520991564878356e-08,0.9993488844929457,3
2021-09-14,0.0005925704086255934,3.9704088236537e-08,4.848951824823069e-08,0.9994073413971637,3
2021-09-15,0.0023493047957751103,3.654588634165205e-07,4.5990946655898607e-07,0.9976498698365026,3
2021-09-16,0.028878252516074142,1.8117510323497836e-07,4.483816888631305e-06,0.9711170824916505,3
2021-09-17,0.4729208312090655,1.7260614993586265e-12,3.585602077665983e-05,0.5270433127683641,3
2021-09-20,0.999882788620575,2.424671256239129e-24,8.416618647471893e-05,3.304519205359211e-05,0
2021-09-21,0.9999189734039755,1.5272867099056424e-21,3.097225860035886e-05,5.00543372728581e-05,0
2021-09-22,0.8842987168694033,4.553004812199695e-15,1.438963405574065e-05,0.11568689349649311,0
2021-09-23,0.2744129202213218,5.300833556355146e-09,2.6427279375498653e-05,0.7255606471993771,3
2021-09-24,0.15129047382634078,2.425397004657818e-06,4.482438974074894e-05,0.8486622763873829,3
2021-09-27,0.19694659991335575,5.4901816892450935e-09,3.519485850267144e-05,0.8030181997381995,3
2021-09-28,0.9864173961795549,5.8635495162931025e-18,0.00010126536159816675,0.013481338458999742,0
2021-09-29,0.999669348415695,7.017530780611379e-18,3.42815439037708e-05,0.0002963700395153141,0
2021-09-30,0.9999232910514121,7.315099682489456e-20,4.527623244005988e-05,3.143271621665962e-05,0
2021-10-01,0.9998071159969886,2.17846372539658e-17,5.1587222553168276e-05,0.00014129678105982338,0
2021-10-04,0.9995334856282108,5.908402124137296e-18,4.915395710294344e-05,0.0004173604152963096,0
2021-10-05,0.9873199062591802,6.599302832030256e-15,3.719188371285329e-05,0.012642901856699458,0
2021-10-06,0.8131268085008734,2.004335117061924e-12,1.1092729585890967e-05,0.1868620987668859,0
2021-10-07,0.2702068143953172,1.466692052236826e-09,1.6673220557444416e-06,0.7297915168166788,3
2021-10-08,0.02172166316095668,2.023922512441177e-07,7.42994280098685e-07,0.9782773914522147,3
2021-10-11,0.0059700324227885855,7.315608615503464e-09,1.1665074160450815e-07,0.9940298436111823,3
2021-10-12,0.001658236146675385,1.141544355927761e-08,8.982603171017708e-09,0.9983417434559272,3
2021-10-13,0.0002149576714891559,2.596291176173885e-07,1.2789241019678772e-09,0.9997847814209435,3
2021-10-14,6.831277554459827e-05,1.2089131867672718e-06,3.9931533174482123e-10,0.9999304779114658,3
2021-10-15,1.262476297583608e-05,6.956429634922532e-05,7.976572300328975e-11,0.9999178108608557,3
2021-10-18,9.51330350349787e-06,0.00027828646898290095,5.177152475932907e-11,0.9997122001753446,3
2021-10-19,7.799544884004473e-06,0.0016352162598465678,5.293400104318106e-11,0.9983569841424448,3
2021-10-20,5.699508083489231e-06,0.0068627685885232605,4.1935197808842e-11,0.9931315318610342,3
2021-10-21,4.468444315765328e-06,0.013287152571619215,6.55855845234343e-11,0.9867083789184777,3
2021-10-22,5.0913417785306505e-06,0.012402806242050602,5.840682625783633e-11,0.9875921023576567,3
2021-10-25,5.232199388566428e-06,0.0081270352125505,7.806284014683482e-11,0.9918677325107197,3
2021-10-26,7.170184198798881e-06,0.00212033634572149,9.626771776355247e-11,0.9978724933736454,3
2021-10-27,1.3086745169025844e-05,0.00011703370800738043,1.2810207636030252e-10,0.9998698794178602,3
2021-10-28,1.776402836469671e-05,2.509203055557251e-05,8.181860058348813e-11,0.9999571438599898,3
2021-10-29,8.749124505308988e-06,0.0001639375404736559,6.400031259259432e-11,0.9998273132714478,3
2021-11-01,9.56591289008236e-06,0.00017518937315720839,5.036592595306301e-11,0.9998152446641781,3
2021-11-02,7.933077369977284e-06,0.0005792025241242961,3.889829176821294e-11,0.9994128643598551,3
2021-11-03,5.332985200838038e-06,0.0020026584854716265,7.11602036387646e-11,0.9979920084585917,3
2021-11-04,5.741947148169418e-06,0.001558219486952848,1.0587569510803147e-10,0.9984360384596915,3
2021-11-05,1.0988694678113335e-05,0.00016963419078640251,1.1492676834068718e-10,0.999819377000459,3
2021-11-08,1.7909484681670603e-05,1.7527553644702397e-05,1.584950948567359e-10,0.999964562803504,3
2021-11-09,2.7179244312372997e-05,4.605259846701598e-06,4.325182723001074e-10,0.9999682150641277,3
2021-11-10,6.693295703404102e-05,3.184719109263015e-07,2.9170764292750836e-10,0.999932748278792,3
2021-11-11,2.7453297851345414e-05,5.246374626905704e-06,7.465435311372297e-11,0.9999673002529127,3
2021-11-12,1.1921317689033642e-05,6.508612350744385e-05,7.55164085704802e-11,0.9999229924836127,3
2021-11-15,9.643606686988501e-06,0.00011209596097127458,6.544678781677276e-11,0.9998782603673484,3
2021-11-16,1.0215559357585142e-05,9.545932267703061e-05,9.817135328383552e-11,0.9998943250190373,3
2021-11-17,1.483333269452966e-05,2.735089243949796e-05,1.866847033295086e-10,0.9999578155878512,3
2021-11-18,2.9960484647939698e-05,4.452332532327421e-06,4.710621131830111e-10,0.9999655867114385,3
2021-11-19,6.371523439953514e-05,2.9303549180325473e-06,9.088827657721369e-09,0.999933345322087,3
2021-11-22,0.001273217638360094,9.078462220760725e-08,1.4638198650888617e-07,0.9987265451941696,3
2021-11-23,0.012325105393100937,3.280641722084263e-08,1.312934004544289e-06,0.9876735488671574,3
2021-11-24,0.07326196848850967,1.987473640270922e-09,1.6243126674379506e-05,0.9267217863981676,3
2021-11-26,0.9994462503297339,7.965339024863812e-35,0.0005537328801263074,1.6790357232621917e-08,0
2021-11-29,0.9998138423979631,2.815676671410398e-27,0.00018487660442475696,1.2809973186748999e-06,0
2021-11-30,0.9986925390787882,1.3842210474693346e-35,0.001307459552176681,1.3693121441906987e-09,0
2021-12-01,0.9931471399388085,8.969735818448483e-53,0.00685286006182222,9.07693693563905e-16,0
2021-12-02,0.9943614231748076,1.8304781609951197e-50,0.005638576825545272,2.9906342055667055e-13,0
2021-12-03,0.9944774786598427,9.295693277833399e-55,0.005522521339562307,2.893372915044154e-15,0
2021-12-06,0.9986263825865337,1.2638930959026767e-45,0.0013736174042571587,9.447660970722205e-12,0
2021-12-07,0.9997036278529248,4.991983685562392e-26,0.00022553019934372216,7.084194682636572e-05,0
2021-12-08,0.9699624804851965,3.856822866543261e-13,7.466222827050566e-05,0.029962857286346765,0
2021-12-09,0.960629402927855,1.1092392752129837e-12,4.844603301674099e-05,0.03932215103779226,0
2021-12-10,0.9233502590119087,2.2587570722625194e-09,0.00012037582497472486,0.07652936290462928,0
2021-12-13,0.9324583546932488,7.038378239474326e-11,8.488513461071969e-05,0.06745676010135948,0
2021-12-14,0.9695831116439501,3.217629786264817e-13,4.805809613736221e-05,0.030368830259967255,0
2021-12-15,0.9724379641255214,3.425315918696847e-11,0.00012152623555070401,0.02744050960396207,0
2021-12-16,0.9766993388916396,8.651030318780855e-12,7.739139179688055e-05,0.02322326970739088,0
2021-12-17,0.9905089276735529,1.334481268093199e-13,5.6654901971659976e-05,0.009434417425073631,0
2021-12-20,0.9951681833770748,1.1855450929352753e-15,4.272396144474282e-05,0.004789092660864577,0
2021-12-21,0.9701403248813024,2.5830405285224728e-14,1.0162085123869113e-05,0.029849513033229854,0
2021-12-22,0.13641569267336254,2.2137568198012044e-09,8.071759615084243e-07,0.8635834979371781,3
2021-12-23,0.00619647191595467,9.060925666899642e-07,9.102167593580167e-08,0.9938025309695089,3
2021-12-27,0.0005378791040273988,3.8260031799955175e-07,2.921549752773424e-09,0.9994617353743487,3
2021-12-28,3.155594600770329e-05,7.802322144216788e-06,1.300556888962143e-10,0.9999606416019015,3
2021-12-29,1.465403867259216e-05,2.8416037133026614e-05,1.0390550523464235e-10,0.9999569298196079,3
2021-12-30,1.754891507741976e-05,1.5122261888160069e-05,9.971122184693076e-11,0.9999673287228042,3
2021-12-31,1.610990828615289e-05,1.977008246830491e-05,8.824438959713654e-11,0.9999641199208432,3
2022-01-03,1.430188504573526e-05,3.455129811183155e-05,1.3493055100300795e-10,0.9999511466813743,3
2022-01-04,1.6699315793570195e-05,3.7825314111692e-05,2.2515630377813795e-09,0.9999454731192443,3
2022-01-05,0.000356735362172908,3.758117557963471e-09,2.1328356020720257e-08,0.9996432395514392,3
2022-01-06,0.0003250184151221365,2.2121490914657077e-08,1.8510738654808383e-09,0.9996749576127467,3
2022-01-07,0.00010399964102411539,3.070531431049177e-07,2.4099259004919277e-09,0.9998956908966403,3
2022-01-10,0.00022673795575018865,4.2871250697543716e-08,3.746831001135559e-09,0.9997732154269217,3
2022-01-11,0.0002650600575934252,1.7311249305554687e-07,2.5009776651444925e-08,0.9997347418199811,3
2022-01-12,0.0011530811053429302,4.101224303366983e-06,3.53043929361037e-07,0.9988424646255465,3
2022-01-13,0.04390286353877281,1.2957482394444874e-09,6.450262338219216e-06,0.9560906849023958,3
2022-01-14,0.1493676240319177,2.6569794241028344e-09,1.640724090259044e-05,0.8506159660698855,3
2022-01-18,0.9657177595361329,4.902720819670051e-17,0.0001007820383621942,0.0341814584253967,0
2022-01-19,0.9996734973800877,6.874643696508352e-21,0.00019926677594604925,0.0001272358444928518,0
2022-01-20,0.9967343454646146,2.813907418912178e-28,0.003265580763400765,7.377174268010336e-08,0
2022-01-21,0.9494597652719107,1.592885354408138e-42,0.05054023472048269,7.746168477513485e-12,0
2022-01-24,0.8514136528992752,1.4273973368413584e-51,0.14858634710152385,4.23075409027945e-15,0
2022-01-25,0.7688211477716944,1.7338314652566802e-58,0.23117885222762752,6.401482236020619e-16,0
2022-01-26,0.7449366270385516,1.9041500614445183e-63,0.25506337296182213,2.3890116323508305e-18,0
2022-01-27,0.7900978286643474,2.3493389904797127e-59,0.20990217133510197,2.3904620860697942e-15,0
2022-01-28,0.8609968433121,4.814731944860323e-52,0.1390031566881796,2.3326048983677983e-14,0
2022-01-31,0.9814716165269405,4.433776073825142e-39,0.018528381643850903,1.8295925486842638e-09,0
2022-02-01,0.9991104932861326,5.238445702990106e-24,0.0008496879824275222,3.9818732179153804e-05,0
2022-02-02,0.9998925850864151,7.531587788019584e-21,8.702734387752414e-05,2.038757025236006e-05,0
2022-02-03,0.9998518107003003,2.1624470569259522e-26,0.00014627355577494932,1.9157432507017165e-06,0
2022-02-04,0.9999594013862935,7.459176166709562e-24,3.731012122184882e-05,3.2884923452881865e-06,0
2022-02-07,0.9999419841701271,3.1007771539029975e-21,3.241383569840679e-05,2.560199424270411e-05,0
2022-02-08,0.9998259538616983,1.2896242823754761e-17,4.3739458582823166e-05,0.00013030667918982337,0
2022-02-09,0.999373047534888,1.905335523059385e-16,8.688847401439922e-05,0.0005400639909932279,0
2022-02-10,0.9999032979769733,3.2006914419875044e-23,8.912562694592098e-05,7.576396746956244e-06,0
2022-02-11,0.999784278425982,2.2714242646156716e-35,0.00021572073620996102,8.386813436263676e-10,0
2022-02-14,0.9997314401279358,8.923071452632778e-43,0.0002685598649699989,6.275224489931447e-12,0
2022-02-15,0.9997664497491281,2.5638315381231334e-39,0.00023354989358669042,3.5691781114285746e-10,0
2022-02-16,0.9994847626399598,1.220698531329938e-30,0.0005147728487852626,4.6451113915757896e-07,0
2022-02-17,0.9896922439667876,2.773837827694395e-39,0.010307755935605184,9.780268945720319e-11,0
2022-02-18,0.9628141839363615,1.8164130852121078e-41,0.03718581598977411,7.352294834983038e-11,0
2022-02-22,0.7882077803113914,2.489245222601251e-45,0.21179221968561474,2.9686094500494223e-12,0
2022-02-23,0.2585584931910004,1.2307897967456007e-55,0.7414415068092215,9.947272934807663e-16,2
2022-02-24,0.07986155236335951,2.5040946439488383e-60,0.9201384476362442,2.011896272740173e-18,2
2022-02-25,0.05058669327457794,1.878307579069522e-54,0.9494133067257401,4.1324666631230645e-15,2
2022-02-28,0.024412916505851538,1.8496222942835167e-55,0.9755870834933092,1.750479371941822e-16,2
2022-03-01,0.0006493828989773837,1.1653533901741323e-70,0.999350617100775,1.3086584911870513e-22,2
2022-03-02,0.0001465598934763761,1.4916221342478186e-70,0.9998534401072903,7.414250929847211e-23,2
2022-03-03,0.000645991429303672,2.8747871467144674e-64,0.9993540085712608,2.3423884790035585e-19,2
2022-03-04,0.00017608145711956615,2.525282942171345e-67,0.9998239185433739,1.1523620130925248e-21,2
2022-03-07,1.0147777150048827e-07,9.058483456682896e-94,0.9999998985222243,1.627509963502292e-32,2
2022-03-08,1.0226238689491973e-06,6.473614448881687e-95,0.9999989773755942,9.879763264377144e-34,2
2022-03-09,1.1322048105794509e-05,2.560362924948992e-88,0.9999886779519084,3.619263305849898e-31,2
2022-03-10,0.005839976512552709,9.48223212867999e-69,0.994160023487398,7.139588368655576e-20,2
2022-03-11,0.011337298771996391,1.3235492673115225e-61,0.9886627012280972,2.426476584438168e-17,2
2022-03-14,0.021554125560479316,1.8352994670982957e-63,0.978445874439984,3.046464719388582e-19,2
2022-03-15,0.08572340212901988,2.920347318816805e-63,0.9142765978717756,3.8138651770315103e-19,2
2022-03-16,0.6361336097929191,1.0945026371596834e-51,0.36386639020619704,1.7020207064573936e-13,0
2022-03-17,0.9620955220599143,5.497072402328898e-40,0.03790447732391201,6.162132096599905e-10,0
2022-03-18,0.997784233624917,1.0116345683902813e-30,0.002215590078795031,1.7629630848096816e-07,0
2022-03-21,0.9998835975125221,1.2827926555245274e-25,0.00011284295414209005,3.5595338472541125e-06,0
2022-03-22,0.9999507517744994,8.669885568992792e-24,4.718386792256357e-05,2.0643576417846147e-06,0
2022-03-23,0.9999220365459719,7.954899570067684e-22,4.541461684575577e-05,3.25488376083073e-05,0
2022-03-24,0.9969493396379476,4.166279675033282e-17,4.325497758085033e-05,0.00300740538507335,0
2022-03-25,0.8098651173140404,7.735151266314784e-13,1.5578616810618256e-05,0.19011930406867114,0
2022-03-28,0.34304172822271634,1.4227100569092593e-09,9.900742706200662e-06,0.6569483696120233,3
2022-03-29,0.1314785247891625,1.345910478334562e-08,8.976352557742932e-06,0.8685124853997538,3
2022-03-30,0.06784805378488316,5.0083210691399656e-08,8.45805030739655e-06,0.9321434380816899,3
2022-03-31,0.06981917742343036,4.972599577819722e-10,9.578810632813071e-06,0.9301712432689248,3
2022-04-01,0.07979660282464554,1.1775491490150644e-08,6.940886167340738e-06,0.9201964445133456,3
2022-04-04,0.1264511330125132,6.119005888632031e-08,1.8248246550754292e-05,0.8735305575513412,3
2022-04-05,0.5585063175213598,1.116044020354737e-11,4.8297473987136624e-05,0.4414453849929597,0
2022-04-06,0.9405193647450291,5.179994436490923e-14,4.6161539838998354e-05,0.05943447371583745,0
2022-04-07,0.9913611175134284,6.72669674190745e-14,3.7645317543078464e-05,0.00860123716886232,0
2022-04-08,0.9966150044407791,3.772751898752994e-15,4.418457206845945e-05,0.0033408109879940013,0
2022-04-11,0.9999290614420311,1.6162144300847402e-23,6.39021383172212e-05,7.036419698908751e-06,0
2022-04-12,0.9999640053759211,3.0472088095520145e-25,3.506905660251988e-05,9.255683030713316e-07,0
2022-04-13,0.9999285948262447,2.7014053724057618e-21,4.4583186507551194e-05,2.6821986941779576e-05,0
2022-04-14,0.9998920002370009,4.25772127522207e-20,4.805169835608133e-05,5.994806523711014e-05,0
2022-04-18,0.99989017264276,9.168198451238907e-19,3.552648331314155e-05,7.430087400436463e-05,0
2022-04-19,0.999834956132608,7.584380015742933e-18,9.310890241449159e-05,7.193496489799984e-05,0
2022-04-20,0.9974425046637564,5.992130537423686e-15,0.00045236180132096865,0.0021051335340297466,0
2022-04-21,0.9938110364103946,2.6938509924325255e-19,0.006024310337784453,0.000164653252105905,0
2022-04-22,0.9141080791798217,6.363268865782455e-38,0.08589192072759742,9.234869560813416e-11,0
2022-04-25,0.8039860399680707,1.7169320934927249e-40,0.19601395996809243,6.389553193295343e-11,0
2022-04-26,0.009087863009195958,4.162497481952633e-67,0.9909121369913424,4.2443786825489775e-21,2
2022-04-27,0.0012303447723988024,1.3213712753472641e-68,0.9987696552281019,7.443428292066997e-21,2
2022-04-28,0.00010834917331119263,4.714483398545721e-68,0.9998916508269289,1.8719756851300261e-22,2
2022-04-29,4.9188871208971725e-06,8.565903845837558e-80,0.9999950811136856,7.248793453710154e-25,2
2022-05-02,0.00011929135986775878,3.601933479537929e-76,0.9998807086393601,5.440623073753964e-26,2
2022-05-03,0.0024661270904995872,1.2095294616586052e-63,0.9975338729097023,3.330142132433708e-18,2
2022-05-04,0.0023058199272541313,1.594023427273236e-49,0.9976941800721134,1.444676196461316e-14,2
2022-05-05,0.0003053086314926698,1.9184428962837707e-61,0.9996946913679673,1.1297116546815344e-18,2
2022-05-06,0.0008412263820152349,7.285816216680192e-59,0.9991587736181116,1.8142562344220458e-18,2
2022-05-09,2.144467153375327e-06,1.093126261274984e-81,0.9999978555320269,3.4880595672820624e-27,2
2022-05-10,2.4541702249246714e-05,1.994309653869301e-81,0.9999754582978501,8.068463960023082e-28,2
2022-05-11,0.00045987605806600216,2.5268139229395772e-77,0.9995401239423783,5.201036586186381e-23,2
2022-05-12,0.0067648278566114824,8.639643810887183e-70,0.9932351721440366,2.839279087676353e-21,2
2022-05-13,0.05346961148481345,2.4038392033929384e-62,0.9465303885144664,2.3021415585814044e-18,2
2022-05-16,0.2686912832112493,2.5259514461038145e-48,0.7313087167829769,5.862810292449345e-12,2
2022-05-17,0.29135009590142885,6.630836050629351e-42,0.7086499040907716,7.277900596880784e-12,2
2022-05-18,0.28144770005545267,6.312507925387218e-58,0.7185522999453084,2.580197762591656e-15,2
2022-05-19,0.5357160953601864,7.141768173826265e-52,0.464283904640363,7.092815120004877e-14,0
2022-05-20,0.6635990093591532,2.3731754403656853e-51,0.3364009906399956,2.938459685909542e-14,0
2022-05-23,0.7456081016471888,4.070914812042167e-52,0.25439189835362597,6.9883850663343646e-15,0
2022-05-24,0.8661215015487327,1.1302828533495727e-51,0.13387849845107974,1.9627807414920932e-13,0
2022-05-25,0.9315901625555805,1.5041606770585653e-48,0.06840983744429273,2.2482533672439763e-13,0
2022-05-26,0.962698293725287,4.836374944156615e-48,0.037301706274784206,2.328921389246869e-13,0
2022-05-27,0.9871454225583824,1.6986583249719982e-43,0.012854577421314827,2.0486164134700557e-11,0
2022-05-31,0.9990548288980486,5.089178302647153e-37,0.0009451636502595308,7.452048063567503e-09,0
2022-06-01,0.9998878556074912,7.330442945948043e-33,0.0001121089444949629,3.54481992931331e-08,0
2022-06-02,0.9998754015246478,3.352604378898548e-33,0.00012459524983307122,3.2248880831076888e-09,0
2022-06-03,0.9999282010523309,1.0360089600660554e-30,7.11121597751722e-05,6.867873643243499e-07,0
2022-06-06,0.999944193570809,6.884023268827538e-30,5.576583962616427e-05,4.0588897128093746e-08,0
2022-06-07,0.9997557332582852,6.594733203095964e-29,0.0002440705470533598,1.961943136592764e-07,0
2022-06-08,0.9961666455509028,1.936014306456222e-26,0.00382971687602798,3.6375739719868927e-06,0
2022-06-09,0.9231212197172418,3.191365383762734e-32,0.07687874937556209,3.0907119760087346e-08,0
2022-06-10,0.550953442508319,1.4022736055631441e-40,0.4490465572799943,2.1177265768554213e-10,0
2022-06-13,0.0009293784239889953,1.5476609251070592e-71,0.9990706215765748,9.075180593929333e-23,2
2022-06-14,0.00010591867902690165,1.799565652874346e-74,0.9998940813202515,1.4918557220213776e-23,2
2022-06-15,0.00034468495811581894,2.7331321691196427e-65,0.9996553150415346,1.6502081832506663e-20,2
2022-06-16,8.230136716651901e-05,4.728886504408863e-74,0.9999176986329836,1.4373052149758691e-22,2
2022-06-17,0.0036631282902822426,3.23323822004197e-67,0.9963368717089328,2.784724772750133e-21,2
2022-06-21,0.018113961568818275,7.433639641886462e-68,0.981886038430785,4.120203210300496e-21,2
2022-06-22,0.3337721287370458,1.334373727857243e-56,0.6662278712629759,7.895922821014874e-15,2
2022-06-23,0.4591917194886587,1.661772062482302e-52,0.5408082805108487,6.813403438253308e-15,2
2022-06-24,0.568023379145292,2.3801814502512673e-52,0.43197662085526817,6.179388973546974e-15,2
2022-06-27,0.9444181612827849,3.1899440379042714e-43,0.05558183844588812,2.7215168610366955e-10,0
2022-06-28,0.9813437633076585,2.755870461506901e-43,0.018656236652101952,4.01516669359791e-11,0
2022-06-29,0.9954543886435545,8.37095524694673e-44,0.0045456113509796114,6.033979240578397e-12,0
2022-06-30,0.9985274348732956,5.632219495445594e-46,0.0014725651230515053,3.896339871203849e-12,0
2022-07-01,0.9996197203034215,1.3004099235736413e-41,0.0003802796369288685,6.002740817393721e-11,0
2022-07-05,0.9998072545517946,9.798026259987335e-42,0.00019274541749477958,3.0850056390176043e-11,0
2022-07-06,0.9998833833896689,1.4815881544189876e-39,0.00011661633210890804,2.7812993709679e-10,0
2022-07-07,0.9998461061944632,1.0371393032523911e-38,0.00015389367087828703,1.3545553373664222e-10,0
2022-07-08,0.9999572198559319,6.801057299925323e-32,4.253599860779448e-05,2.441459717824183e-07,0
2022-07-11,0.9999275956908333,9.091469113022232e-33,7.238993808717882e-05,1.4371006133895901e-08,0
2022-07-12,0.999888702301567,1.2220543504747705e-37,0.00011129727750951784,4.210913753084864e-10,0
2022-07-13,0.9999138277130769,7.622971760115171e-38,8.617138154416951e-05,9.056540338646853e-10,0
2022-07-14,0.9999276973158748,2.949918793955172e-36,7.230013486171662e-05,2.5493663813331594e-09,0
2022-07-15,0.9998892997077836,4.016736085683661e-33,0.00011068974595119434,1.0546841970872601e-08,0
2022-07-18,0.9999325667958896,1.6342282230040104e-31,6.732230296838975e-05,1.1090110231852777e-07,0
2022-07-19,0.999652795723571,6.214058944550492e-35,0.00034720391585925744,3.614077856764505e-10,0
2022-07-20,0.9999495632496764,4.981189085985023e-30,4.986894735005036e-05,5.678023503387999e-07,0
2022-07-21,0.9999575382655504,7.476931819018025e-25,4.064201599639449e-05,1.819719298015088e-06,0
2022-07-22,0.9999360781061138,7.582407046668715e-23,3.878323931753299e-05,2.513865459452039e-05,0
2022-07-25,0.9999640076841356,3.03822924741047e-23,3.172953971856564e-05,4.2627770360139195e-06,0
2022-07-26,0.9999452522641616,3.994128200495578e-27,5.4064690237274085e-05,6.830450611638728e-07,0
2022-07-27,0.9998041917250465,1.0811337088611453e-29,0.00019578734497589063,2.0929472254971475e-08,0
2022-07-28,0.9999383891489761,1.5852701971030956e-24,5.440984430435047e-05,7.201007403589683e-06,0
2022-07-29,0.9999025474093053,3.44368782917637e-20,5.6879713562118534e-05,4.0572877844416005e-05,0
2022-08-01,0.9999448149831371,2.974013974464327e-21,3.2350393260766955e-05,2.2834623997995e-05,0
2022-08-02,0.9999617461057928,6.528626211319235e-24,3.5364621914905624e-05,2.889272479146505e-06,0
2022-08-03,0.9999301578662123,4.830136386909927e-21,5.7664096934224836e-05,1.2178037081032005e-05,0
2022-08-04,0.9992968901921043,1.4666001862523962e-16,3.923993343979265e-05,0.0006638698740450411,0
2022-08-05,0.9980832372496008,4.072808868585213e-14,4.205938451597438e-05,0.0018747033655202886,0
2022-08-08,0.99655766202251,1.0279497847686648e-13,4.0077383792494004e-05,0.0034022605933865225,0
2022-08-09,0.9918376821054934,5.949742768723271e-14,4.0629531903005494e-05,0.008121688361748527,0
2022-08-10,0.9633596518192545,6.832309563556209e-13,0.00011535634853568614,0.036524991831961624,0
2022-08-11,0.7828276430868617,1.2632180327589296e-10,4.8192708383305494e-05,0.2171241640780861,0
2022-08-12,0.6951648504699579,1.5123282769346442e-10,6.300054607977721e-05,0.3047721488325738,0
2022-08-15,0.5233319713745666,1.4242338308842448e-09,3.0329552030653947e-05,0.47663769764832026,0
2022-08-16,0.43661924247720374,6.31449571724117e-09,3.180999049061835e-05,0.5633489412173962,0
2022-08-17,0.42217023446653906,5.1183388999242075e-09,4.041352436574978e-05,0.5777893468907181,0
2022-08-18,0.46472668773171755,6.455992994628399e-09,3.9753729278093545e-05,0.535233552082736,0
2022-08-19,0.662064243515074,2.8216191699185243e-12,7.256272319726146e-05,0.33786319375915935,0
2022-08-22,0.9980647223388561,2.0404083931608475e-20,0.0001069986214387659,0.0018282790397180827,0
2022-08-23,0.9999617990090771,9.574451685696155e-23,3.533283799328199e-05,2.8681520381401588e-06,0
2022-08-24,0.9999551141715045,1.675787656857549e-22,3.336032611891188e-05,1.152550171925924e-05,0
2022-08-25,0.999895523648931,1.2809058394764797e-21,8.858225771524144e-05,1.589409400846318e-05,0
2022-08-26,0.999367147458022,8.597273957053976e-32,0.0006327769987861983,7.554306848232138e-08,0
2022-08-29,0.9998965965738007,1.6868492044513537e-33,0.00010339592974953891,7.495942864330178e-09,0
2022-08-30,0.9999274561990082,2.1043398329095686e-34,7.25315425471613e-05,1.225835419998652e-08,0
2022-08-31,0.9999436497216583,3.471195697702246e-33,5.632780361336189e-05,2.247443371284352e-08,0
2022-09-01,0.9999471376234476,7.451441472497772e-33,5.2851866968467604e-05,1.0510311798116901e-08,0
2022-09-02,0.9999440713997545,5.36875554735366e-32,5.5839803133265186e-05,8.879636008372803e-08,0
2022-09-06,0.9999111206717067,7.647864063884121e-36,8.887867839786155e-05,6.502257776895441e-10,0
2022-09-07,0.9998863880924561,1.1759074237601222e-34,0.00011360773735807068,4.170733879559225e-09,0
2022-09-08,0.9999578940411956,2.3369943972675113e-28,4.1128822421037166e-05,9.771362941441774e-07,0
2022-09-09,0.9999215272433128,1.650514996855283e-25,7.72543723949146e-05,1.2183833851368835e-06,0
2022-09-12,0.9996390602228203,2.2363689591706744e-27,0.00036070859467088816,2.3118336419423083e-07,0
2022-09-13,0.9942634911979341,1.9422598729858626e-41,0.005736508372438558,4.304011619581438e-10,0
2022-09-14,0.999481833783986,1.6018541559206633e-36,0.0005181645536797318,1.6622262809017112e-09,0
2022-09-15,0.999889366972024,3.0209479496276644e-35,0.00011062237835856163,1.0650155007505106e-08,0
2022-09-16,0.9999198606173165,1.2966944094964998e-34,8.01331989233133e-05,6.184415200096712e-09,0
2022-09-19,0.999788252903081,1.2318322265753497e-34,0.00021174440785765345,2.6882449544907715e-09,0
2022-09-20,0.9981029115248385,6.623703755440092e-38,0.0018970876799630837,7.958516803931441e-10,0
2022-09-21,0.9844218947552426,2.312884868975505e-41,0.015578105137361558,1.082757174678924e-10,0
2022-09-22,0.9295783584260131,4.9147920085987e-40,0.07042164126005188,3.1355055936846035e-10,0
2022-09-23,0.48701029117916883,4.4772543208149606e-49,0.5129897088212857,9.696454594726908e-14,2
2022-09-26,0.04494019206420161,7.335796109858843e-63,0.9550598079357632,3.4370784362002445e-19,2
2022-09-27,0.0023107709532314198,8.684856672190228e-71,0.9976892290474031,6.002962393548158e-22,2
2022-09-28,0.00033456953627310497,7.031000005525099e-68,0.9996654304628666,2.2001149679479515e-21,2
2022-09-29,0.00015790885949076473,1.1614526104360662e-68,0.9998420911412892,9.712684448705539e-21,2
2022-09-30,0.0001884045058077965,8.833557225783376e-67,0.9998115954938163,6.676658057139032e-21,2
2022-10-03,5.19377460757348e-05,5.720688164822809e-69,0.9999480622546196,1.0690580895138833e-23,2
2022-10-04,0.00030077026790325677,1.0408736958131272e-68,0.9996992297314132,1.4899731267015085e-22,2
2022-10-05,0.004976570457098251,1.3702406158133414e-56,0.9950234295421146,5.84889309981629e-16,2
2022-10-06,0.0027475556315524467,3.225248947986421e-57,0.99725244436761,1.755182657067588e-17,2
2022-10-07,0.00041575687978836513,1.46602321448403e-63,0.9995842431196429,7.978369215661844e-19,2
2022-10-10,8.43393630017152e-05,4.4478621476339907e-69,0.9999156606360916,5.339608095353971e-23,2
2022-10-11,1.1735651671057842e-05,2.6729369260461514e-79,0.9999882643475904,8.979390238400599e-27,2
2022-10-12,9.988596987235755e-06,3.5186003574705735e-83,0.9999900114024518,6.68583096037959e-28,2
2022-10-13,2.937372628618197e-06,5.826317110509759e-85,0.9999970626274657,1.0381942742690792e-29,2
2022-10-14,6.821499504984472e-05,1.799715217024148e-77,0.999931785005435,3.486898814142193e-23,2
2022-10-17,2.192900471303497e-05,3.796733372188968e-77,0.9999780709953221,4.978561084428122e-27,2
2022-10-18,0.002116368116828304,5.281643670027751e-71,0.9978836318838981,5.941375792773993e-22,2
2022-10-19,0.01114423711414485,5.615361320307221e-64,0.9888557628853514,2.8635255690036776e-18,2
2022-10-20,0.02768547178322874,4.087925826350316e-57,0.9723145282176293,3.948475497666148e-16,2
2022-10-21,0.04047749821425086,2.120124256863858e-60,0.9595225017859669,3.4557419240150635e-19,2
2022-10-24,0.19106949165945827,1.6022615852672992e-60,0.8089305083403506,1.8057369754821112e-17,2
2022-10-25,0.5580170943876115,1.3587520708585606e-54,0.4419829056118712,4.630042564178366e-15,2
2022-10-26,0.9456710794080063,3.660211854651291e-44,0.0543289204025268,1.891639900261172e-10,0
2022-10-27,0.9913233242599889,5.4638463979048e-40,0.008676675552895042,1.8791190258902802e-10,0
2022-10-28,0.9967298702291983,1.1984464918419186e-40,0.0032701297508040167,1.990245704392134e-11,0
2022-10-31,0.9997406076094145,5.1131264414634075e-36,0.0002593714998372271,2.089146108882978e-08,0
2022-11-01,0.9999267083360337,6.006573592414867e-33,7.327513328204967e-05,1.6530328565896166e-08,0
2022-11-02,0.9998126965613301,5.562245347377266e-34,0.00018724764707438055,5.57923896897493e-08,0
2022-11-03,0.9999395235724997,9.13887114658278e-31,6.033985880169515e-05,1.3656850011403337e-07,0
2022-11-04,0.9999265893010042,6.223524959159557e-31,7.339221287735124e-05,1.8486085381471563e-08,0
2022-11-07,0.99990055954783,2.2044249021571597e-30,9.93603437508201e-05,8.010857581398163e-08,0
2022-11-08,0.9991034617864337,1.2626828718297988e-32,0.0008965315187108157,6.695450650078969e-09,0
2022-11-09,0.9872409134807253,1.4412822868581787e-34,0.012759056122146178,3.03963404332874e-08,0
2022-11-10,0.905276447305833,1.9165459238561022e-45,0.09472355269495594,5.896763899097764e-14,0
2022-11-11,0.9956314456149806,1.3734947130704008e-30,0.004361366973378241,7.187410898758101e-06,0
2022-11-14,0.9997618160955107,3.0113555970009005e-24,0.00023281961856309397,5.364285582477976e-06,0
2022-11-15,0.9999415973026966,3.3443342549786784e-28,5.834427866594609e-05,5.841793965188948e-08,0
2022-11-16,0.9999600495770697,2.822107518115777e-27,3.782841577103391e-05,2.122007753248384e-06,0
2022-11-17,0.9999659030174034,2.553930973544656e-25,3.216003512922977e-05,1.936948358493297e-06,0
2022-11-18,0.9999629857677186,3.859020002292653e-23,3.240486106394597e-05,4.609371442588696e-06,0
2022-11-21,0.9998914700935526,8.138607972122346e-20,3.451954438443724e-05,7.401036204812707e-05,0
2022-11-22,0.9997968871386153,4.179992617847057e-17,5.515328367584998e-05,0.00014795957856017202,0
2022-11-23,0.9975988484220889,5.590513723040256e-14,5.481662820326173e-05,0.002346334950312761,0
2022-11-25,0.9969696306925457,2.2721342135530415e-13,5.385102981373661e-05,0.002976518277022597,0
2022-11-28,0.9993988606912072,9.3338698665741e-17,7.048611567118831e-05,0.0005306531937899179,0
2022-11-29,0.9997263395841751,1.4225771126545927e-16,4.93449648169477e-05,0.00022431545059729455,0
2022-11-30,0.9993939478976839,2.6735896759093893e-18,0.0003370192511338798,0.0002690328505469265,0
2022-12-01,0.9059076867992496,2.78439251358011e-12,9.191727100385215e-05,0.09400039592669913,0
2022-12-02,0.8837015032226204,6.058829863900015e-09,0.0001137543061823924,0.11618473641165276,0
2022-12-05,0.9311359485011691,1.637475325491181e-12,0.00015529695873392344,0.06870875453909929,0
2022-12-06,0.9916217590492108,6.697975070600092e-16,7.114091956425073e-05,0.008307100031827911,0
2022-12-07,0.9997455239310205,3.298655903407372e-18,3.2861061911369785e-05,0.00022161500751507497,0
2022-12-08,0.999942386379999,1.1803712602886146e-19,3.601339643183859e-05,2.1600224067948403e-05,0
2022-12-09,0.9999280994490646,1.7917055679951797e-21,3.7998536454450175e-05,3.390201499443296e-05,0
2022-12-12,0.9999178942783137,1.5283125457173273e-29,8.210119328277303e-05,4.527903365908311e-09,0
2022-12-13,0.9999448192611642,1.0826969248539612e-23,3.8141688187724844e-05,1.703905069591011e-05,0
2022-12-14,0.999179029891727,4.725874526090221e-17,5.720906232892118e-05,0.0007637610453461089,0
2022-12-15,0.9997559594998676,3.1943191169429965e-20,0.00018176099248032082,6.22795083047822e-05,0
2022-12-16,0.9998754256396235,2.379686422404672e-19,5.319620858709913e-05,7.137815173700342e-05,0
2022-12-19,0.9998460871525753,2.4764443312194434e-18,4.208326875493266e-05,0.00011182957790188356,0
2022-12-20,0.9996202747098106,3.147391795793091e-16,3.933623278811658e-05,0.00034038905775739687,0
2022-12-21,0.999329987693948,6.226493286527118e-15,8.31867962109041e-05,0.0005868255094050927,0
2022-12-22,0.9994929880600685,2.008239377594148e-16,7.06522954234679e-05,0.00043635964532123914,0
2022-12-23,0.9993459305405041,4.809556804050994e-15,4.6547181380366584e-05,0.0006075222788636761,0
2022-12-27,0.9995405087363308,5.102478850121595e-16,4.03549095580697e-05,0.0004191363543309393,0
2022-12-28,0.9997332176213983,4.586294163643e-18,5.484282095967734e-05,0.00021193955722814415,0
2022-12-29,0.9999066351706597,8.126786108617974e-19,7.118363664337437e-05,2.2181193289071983e-05,0
2022-12-30,0.9997299166072311,2.6432318280628724e-18,3.863780903933183e-05,0.000231445583125481,0
2023-01-03,0.9999409439437056,5.592534258216527e-20,3.235958025777846e-05,2.669647643014777e-05,0
2023-01-04,0.9999270323343775,1.6132026133566778e-19,3.757829177088372e-05,3.538937465738172e-05,0
2023-01-05,0.9998562009850746,9.4956579645953e-20,5.272514290796135e-05,9.10738711274429e-05,0
2023-01-06,0.9998503863508593,7.605997596698845e-19,0.00012093450368834599,2.8679146332960703e-05,0
2023-01-09,0.997395929507086,1.8015152690562844e-16,3.674952669926991e-05,0.0025673209666416336,0
2023-01-10,0.9700542988637972,9.558688247998693e-13,4.373649370417304e-05,0.029901964641404977,0
2023-01-11,0.9130694952148812,5.739988180313183e-13,4.723432689769675e-06,0.0869257813521407,0
2023-01-12,0.08876869841525044,1.2497678317769648e-08,8.369132875332202e-07,0.9112304521732949,3
2023-01-13,0.007400088753946932,4.6785518075068866e-07,4.548141621999953e-07,0.9925989885768656,3
2023-01-17,0.0033766228621121596,4.927735074231924e-08,2.976050129838475e-07,0.9966230302562019,3
2023-01-18,0.006400717644204577,1.109734672155851e-09,8.794476657331127e-07,0.9935984017981172,3
2023-01-19,0.013252687978670335,1.3667940656602928e-09,9.418938374474058e-07,0.9867463687608559,3
2023-01-20,0.024682982724994328,1.4904571412697412e-10,1.6730023199341977e-06,0.9753153441228382,3
2023-01-23,0.01570482827479002,1.4737425458768116e-09,1.5110000250027092e-07,0.9842950191517136,3
2023-01-24,0.0020122204973039835,7.294176404662556e-08,2.2671786504731906e-08,0.9979876838889209,3
2023-01-25,0.0003799868277638532,1.0118208316632786e-07,7.271743461457209e-09,0.9996199047188257,3
2023-01-26,0.0003283960813219297,4.5810671232930974e-08,3.797443984699193e-09,0.9996715543100083,3
2023-01-27,0.0001363931879610006,3.990614686780215e-07,6.920588030572564e-09,0.999863200829237,3
2023-01-30,0.0006232934155416433,5.734472089057958e-09,4.551977431842939e-08,0.999376655329932,3
2023-01-31,0.00155273867886278,2.4293329721226204e-09,1.3983823870983895e-08,0.9984472449082813,3
2023-02-01,0.00021981563633325987,5.586925670792386e-07,1.2976568342607578e-08,0.9997796126953051,3
2023-02-02,0.000490096729538263,1.6829280736968534e-08,3.2891525974268814e-09,0.9995098831518564,3
2023-02-03,7.180547363178219e-05,8.481987222434087e-07,3.769600216469725e-09,0.9999273425586204,3
2023-02-06,0.0002280433937624828,4.3362889029890016e-08,8.564847189808546e-09,0.9997719046793984,3
2023-02-07,0.0005878178589586424,3.447116243471197e-08,4.441708328529476e-08,0.9994121032528062,3
2023-02-08,0.0012701579176644692,1.81000832942854e-08,1.5929545508807823e-07,0.9987296646863714,3
2023-02-09,0.0062406779345386566,7.0726170986602e-10,3.8673993100669436e-07,0.9937589346178034,3
2023-02-10,0.0112034004103989,9.277096168061269e-10,4.497541666955351e-07,0.9887961489085849,3
2023-02-13,0.013024732721956355,3.1796431472325736e-10,2.1834202579105775e-07,0.9869750486178049,3
2023-02-14,0.003524038728022364,1.6475703692828246e-07,3.564226155701913e-07,0.9964754400930409,3
2023-02-15,0.00593398906905441,7.735535359779993e-07,1.167548555520334e-06,0.9940640698292207,3
2023-02-16,0.0786951961950429,1.7665027421725823e-09,1.1599575465647377e-05,0.9212932024633996,3
2023-02-17,0.2996083961934935,2.473365334312844e-10,2.376180050803116e-05,0.7003678417591452,3
2023-02-21,0.9681694299703145,6.341734200414174e-16,9.907642175838786e-05,0.03173149360805741,0
2023-02-22,0.9911231175107014,2.3442552031494534e-14,3.4935072193056305e-05,0.00884194741775331,0
2023-02-23,0.9851720293301518,6.119081654432787e-13,3.9603189410975965e-05,0.014788367480517407,0
2023-02-24,0.9527893650040861,3.561851022428249e-13,4.4918399750174246e-05,0.04716571659643599,0
2023-02-27,0.8436575211858364,1.006327498175458e-11,2.4361541092083963e-05,0.15631811726230377,0
2023-02-28,0.5685446561920495,1.2368952073624241e-10,1.5615818079895996e-05,0.43143972786613516,3
2023-03-01,0.31092322992111193,5.21692687282474e-10,7.454706130883665e-06,0.6890693148516885,3
2023-03-02,0.13103326405425658,5.356146959824504e-09,4.017368860166191e-06,0.8689627132212436,3
2023-03-03,0.04995743081715516,1.8333834048342232e-08,5.0549296195137505e-06,0.9500374959198158,3
2023-03-06,0.02518465758359579,3.395235048274807e-07,4.473019848742121e-06,0.9748105298732511,3
2023-03-07,0.04007938106981729,1.0393236288173609e-08,1.0073633178068357e-05,0.9599105349033775,3
2023-03-08,0.13873591827078205,4.236847073034359e-09,1.6062892055059374e-05,0.8612480146000543,3
2023-03-09,0.9524992443038335,8.999892531238682e-17,9.018402349912675e-05,0.047410571671929726,0
2023-03-10,0.9999131827661376,1.7811387174784577e-23,6.159831486065003e-05,2.5218918871367993e-05,0
2023-03-13,0.9999272115718059,2.5016714672786754e-32,7.278700482199691e-05,1.4240665515730963e-09,0
2023-03-14,0.9999252624447084,3.2059205095240154e-31,7.46528604970908e-05,8.469566590164633e-08,0
2023-03-15,0.9999373969646148,3.417081411939356e-33,6.259349968430876e-05,9.535003871060809e-09,0
2023-03-16,0.9999271427535347,1.2840162501906588e-28,7.242481530787481e-05,4.324302634841647e-07,0
2023-03-17,0.9999443148433477,1.7108259172689838e-30,5.5603210078879236e-05,8.194639939334477e-08,0
2023-03-20,0.9999542205570742,3.875808240099647e-28,4.561485527787196e-05,1.6458695441242705e-07,0
2023-03-21,0.9998935440187384,6.44822577145015e-21,5.449648956703104e-05,5.1959491623949404e-05,0
2023-03-22,0.9997460661866776,2.1653579744326785e-18,7.508911520415645e-05,0.00017884469724032494,0
2023-03-23,0.9995840109985717,2.580891633327837e-17,3.195251120706717e-05,0.000384036489323498,0
2023-03-24,0.9777718760239491,3.732385601826263e-15,2.2493163726927032e-05,0.022205630811552534,0
2023-03-27,0.6331510498209032,1.767851907237728e-11,1.0762097008369588e-05,0.3668381880644511,0
2023-03-28,0.2280964018358371,2.785226025973717e-09,6.139729104738656e-06,0.7718974556491842,3
2023-03-29,0.09444211808535595,4.8294338268562085e-09,1.9406637849228892e-06,0.9055559364214847,3
2023-03-30,0.01678467743350752,5.3389528308050575e-08,4.4344831298442464e-07,0.9832148257285144,3
2023-03-31,0.004690158399175313,1.9460759969709123e-08,5.0504130395844935e-08,0.9953097716367661,3
2023-04-03,0.0004256213469529923,3.0502831704018733e-07,4.62813931167231e-09,0.9995740689969356,3
2023-04-04,0.00013057216289100206,1.5494690751702078e-07,1.7060924802716727e-09,0.9998692711834871,3
2023-04-05,0.00012910362146681658,1.1634807249458233e-07,9.29482996336634e-10,0.9998707791006708,3
2023-04-06,8.53283644875497e-05,4.736229706871842e-07,1.2946349027255157e-09,0.9999141967179144,3
2023-04-10,0.00013961404956977275,1.2626636937860876e-07,1.6617263374627858e-09,0.9998602580222113,3
2023-04-11,0.00015661215197743927,9.460040550596581e-08,1.440142209840214e-09,0.999843291807352,3
2023-04-12,0.00012660904730906535,1.1848584880848686e-07,1.1936358986560275e-09,0.9998732712737527,3
2023-04-13,0.00010758842843656249,3.365355506390195e-07,3.1992982320648393e-10,0.999892074716575,3
2023-04-14,1.5468463567689448e-05,2.7426907287815198e-05,1.0372567169742865e-10,0.9999571045260305,3
2023-04-17,1.5775969360807312e-05,2.3925888323550656e-05,7.700928808237995e-11,0.9999602980647724,3
2023-04-18,1.2773083608566547e-05,4.490007603326227e-05,5.6215445672828996e-11,0.9999423267842467,3
2023-04-19,9.47492702639483e-06,0.00011172220547069597,9.765853117653879e-11,0.9998788027695705,3
2023-04-20,1.5174783648698713e-05,2.6249213099187055e-05,9.219262725516771e-11,0.9999585759118257,3
2023-04-21,1.2248965230938165e-05,4.828937667959566e-05,8.782665070200049e-11,0.9999394615705407,3
2023-04-24,1.4235934635112383e-05,3.566268759044706e-05,5.347593107661152e-10,0.9999501008432132,3
2023-04-25,8.924790893556162e-05,1.3403241478638363e-07,2.476255952579147e-09,0.999910615581554,3
2023-04-26,9.061661963816421e-05,2.43343518579657e-07,1.069463841805939e-09,0.9999091389680952,3
2023-04-27,0.00011148327928833256,3.699308588361806e-07,4.800509232864826e-10,0.9998881463094624,3
2023-04-28,9.514752419562572e-06,0.00019487139019579207,8.140438466162395e-11,0.9997956137762956,3
2023-05-01,7.44363339676921e-06,0.00030361294568043493,2.2364871211926306e-10,0.9996889431980801,3
2023-05-02,2.9274549515181515e-05,4.471907778309539e-06,8.099142764856874e-10,0.9999662527335376,3
2023-05-03,5.774333606090975e-05,9.92466921384707e-07,3.5695816773834677e-09,0.9999412606274786,3
2023-05-04,0.00040588245847162486,5.5947621323983585e-09,2.7994912526648746e-09,0.9995941091468448,3
2023-05-05,0.00013747576505298594,3.139744696923154e-07,7.927423689994585e-10,0.9998622094669825,3
2023-05-08,1.5814834346624638e-05,2.8370683308085154e-05,1.5955310456091972e-10,0.9999558143220935,3
2023-05-09,2.4071500790449654e-05,5.83867310292335e-06,1.1372662627800029e-10,0.9999700897131654,3
2023-05-10,1.6878287396716824e-05,2.024350048042828e-05,8.233555132321318e-11,0.9999628781293728,3
2023-05-11,1.2966631315950284e-05,3.914979473450264e-05,8.620122636823591e-11,0.9999478834881853,3
2023-05-12,1.4061491245090636e-05,3.0468442502968943e-05,1.0983584258717205e-10,0.9999554699572006,3
2023-05-15,1.8211751171303113e-05,1.5733207170451157e-05,1.874352223042893e-10,0.999966054854197,3
2023-05-16,3.1340365785619e-05,2.6696987673512607e-06,2.36969056797899e-10,0.9999659896983916,3
2023-05-17,3.0578027813341146e-05,5.462921214925305e-06,1.4545334234686046e-10,0.9999639589060536,3
2023-05-18,1.1884212391677357e-05,6.79775753228291e-05,1.1655962575398182e-10,0.9999201380965017,3
2023-05-19,1.1875994613673637e-05,5.358012752615208e-05,1.1347504696639934e-10,0.9999345437641222,3
2023-05-22,1.79333495421934e-05,1.7140678671623134e-05,4.666187589243166e-10,0.9999649255044792,3
2023-05-23,7.459946410011084e-05,4.582408582856333e-07,6.072508357042101e-09,0.9999249362224809,3
2023-05-24,0.00044565400862592764,6.7200390720607316e-09,8.992624537256485e-09,0.9995543302791503,3
2023-05-25,0.00044927222504111066,2.3410681790725533e-08,3.919189078279007e-09,0.9995507004446236,3
2023-05-26,0.0001545083066813837,2.348921156735737e-07,6.122290709002226e-10,0.999845256188216,3
2023-05-30,2.4019119597377068e-05,9.754576933016613e-06,1.8501905558561516e-10,0.9999662261189831,3
2023-05-31,2.8383618573970955e-05,0.00012153386082899744,5.013486228090249e-11,0.9998500824705325,3
2023-06-01,6.625399054207612e-06,0.03719346597500635,9.629993803696158e-12,0.9627999086159962,3
2023-06-02,8.55870386053329e-07,0.2801353329352653,7.865136919157349e-13,0.7198638111929655,3
2023-06-05,2.610036116694737e-08,0.8864457276385946,1.696805517449801e-14,0.11355424626051731,1
2023-06-06,7.833765360917989e-10,0.9935811793433346,1.9612062462954883e-15,0.006418819872466032,1
2023-06-07,5.4230820824896985e-11,0.999730450456594,3.5417901801516196e-16,0.0002695494886950675,1
2023-06-08,6.182456465699723e-12,0.9999231607526535,2.056534475349965e-16,7.683924132210076e-05,1
2023-06-09,2.080698418784064e-11,0.9998750118802651,5.009044195479037e-16,0.00012498809979777915,1
2023-06-12,1.7782587013398338e-10,0.9979063958075458,1.49125608120217e-16,0.0020936040141946856,1
2023-06-13,2.2532228630601207e-10,0.9989493468396959,1.5520282285828173e-15,0.001050652934222766,1
2023-06-14,1.4720591995939344e-10,0.999833915059078,1.9200937277272593e-16,0.00016608479311434486,1
2023-06-15,9.399817999786936e-12,0.998898526202917,4.8027283533215235e-18,0.0011014737874543402,1
2023-06-16,2.2607351567403248e-12,0.9999639708745727,2.375975992476874e-18,3.6029123334991624e-05,1
2023-06-20,4.8357110955865345e-14,0.9999689864132865,4.488193295792944e-20,3.101358722787463e-05,1
2023-06-21,1.6245491750130045e-14,0.9999908092744935,4.290404624890724e-20,9.190725497319593e-06,1
2023-06-22,8.381458296799806e-15,0.9999895106980035,1.195902226184415e-19,1.0489301204751242e-05,1
2023-06-23,9.175122793203486e-14,0.9999848849907725,2.871444256213773e-18,1.5115009485193249e-05,1
2023-06-26,1.0849308991339342e-12,0.9999265271961725,8.68357805561505e-19,7.347280275598311e-05,1
2023-06-27,1.0488044710244598e-12,0.9997868645233746,1.5811801301915772e-18,0.0002131354762540316,1
2023-06-28,5.21845614535558e-13,0.9999796999314217,7.21512552829536e-18,2.030006824869524e-05,1
2023-06-29,5.91972482445289e-13,0.9999588740482538,1.135985392582382e-18,4.1125951849472536e-05,1
2023-06-30,9.616189120358506e-13,0.9998022566884316,4.629556283233702e-18,0.00019774331088949257,1
2023-07-03,1.9759763277686657e-12,0.9999684048187267,7.14672662539991e-17,3.1595180007190785e-05,1
2023-07-05,7.902953305148201e-12,0.9998802259027213,1.3669329908479704e-16,0.0001197740900952095,1
2023-07-06,1.1639046929920796e-10,0.9989450932138729,8.067210141596578e-16,0.0010549066695682604,1
2023-07-07,5.835712299599989e-10,0.9993404625177486,5.077545406360288e-15,0.0006595368987117751,1
2023-07-10,5.609372926862028e-10,0.9988856974077551,4.315504118934207e-16,0.0011143020318211201,1
2023-07-11,1.2760664605623427e-10,0.9989361856921576,1.0324481401572392e-16,0.0010638141808418026,1
2023-07-12,1.703726502640485e-11,0.9998761290936733,1.3038845328035309e-17,0.0001238708898407021,1
2023-07-13,5.064112750596453e-13,0.9999113499386064,7.058723947785975e-19,8.865006147054227e-05,1
2023-07-14,1.3394971972105124e-13,0.9999853897946659,4.753736579786524e-19,1.4610205267320023e-05,1
2023-07-17,7.207762844157753e-14,0.9999709567361916,1.6823489363489545e-19,2.904326372386025e-05,1
2023-07-18,1.7083759365195164e-13,0.9999629688972165,4.384723165932281e-19,3.7031101936660425e-05,1
2023-07-19,2.1582460154433594e-13,0.9999595384597791,3.2691420130899563e-19,4.046153931915822e-05,1
2023-07-20,2.0278587027313223e-13,0.9999607152426107,8.429062767613507e-19,3.9284757641591675e-05,1
2023-07-21,2.4232892092501116e-13,0.9999746702567127,7.412309608999119e-19,2.532974272696062e-05,1
2023-07-24,3.323542791188592e-13,0.9999337456677811,1.3545456929673818e-19,6.625433225949174e-05,1
2023-07-25,1.431219382702957e-13,0.9999485869350075,5.076671953952999e-19,5.141306562107847e-05,1
2023-07-26,2.1247693296484713e-13,0.9999876358270224,3.859292279199303e-18,1.2364171865674863e-05,1
2023-07-27,8.664418853759079e-13,0.9999066922997841,1.634375950451739e-17,9.330769855800814e-05,1
2023-07-28,1.9350145917263466e-11,0.9998686565674885,1.2523446571489154e-15,0.00013134341363469913,1
2023-07-31,2.092427734726565e-10,0.9991263663522041,1.573711706764924e-14,0.0008736334394394476,1
2023-08-01,3.779046772855634e-09,0.9714175994102914,6.529172255652042e-13,0.028582396810073053,1
2023-08-02,3.898032891909329e-07,0.20631255982032928,8.269083881975741e-12,0.7936870503682502,3
2023-08-03,5.241412121019416e-06,0.06617511016662139,1.0019397966829406e-10,0.9338196483202542,3
2023-08-04,1.3300999399023095e-05,0.002517480454835747,6.238034918264953e-11,0.9974692184827182,3
2023-08-07,9.21791175810836e-06,0.0010387511777064846,6.977646157096224e-11,0.9989520308405386,3
2023-08-08,6.924275014365209e-06,0.0022292407706675918,7.213962678287557e-11,0.9977638348818441,3
2023-08-09,7.271827686627015e-06,0.004661117507609798,8.472983858221301e-11,0.9953316105794245,3
2023-08-10,6.290893526354587e-06,0.010060280875104036,3.36897200246887e-11,0.9899334281985739,3
2023-08-11,4.077514890764224e-06,0.022099701901209082,8.239397457129979e-11,0.9778962205010571,3
2023-08-14,4.487367866389686e-06,0.017280799826139625,1.7235972582375428e-10,0.982714712634364,3
2023-08-15,1.1521788367549489e-05,0.001761044857637558,2.3665164579993007e-10,0.9982274331169136,3
2023-08-16,1.2022161306247608e-05,0.0001577325648645658,2.772746667084848e-10,0.9998302449966787,3
2023-08-17,2.8339788386984417e-05,3.892241704561882e-06,1.597179792004026e-10,0.9999677678107776,3
2023-08-18,1.8687220333704473e-05,1.3400189618176323e-05,1.392856185772544e-10,0.9999679124503442,3
2023-08-21,2.3797910582289044e-05,8.531510003835393e-06,9.754774322013138e-11,0.9999676704816156,3
2023-08-22,1.3224009202486115e-05,3.954260367991643e-05,8.329794104464232e-11,0.9999472333045125,3
2023-08-23,1.2884472701758342e-05,0.00010449317337608185,2.1443179653101517e-10,0.9998826221389097,3
2023-08-24,1.8944060586218256e-05,0.0009463574301530268,1.0210013297145963e-10,0.9990346984071097,3
2023-08-25,5.119511192095935e-06,0.06857233519921108,2.1728484133112563e-11,0.9314225452679911,3
2023-08-28,2.359936816758778e-06,0.3168587891871187,2.2266624826585676e-12,0.683138850873234,3
2023-08-29,1.8151944002449054e-07,0.5475746633323851,5.724291155614418e-14,0.45242515514860276,3
2023-08-30,1.7246429911647003e-09,0.9739732835018489,8.109063758841451e-16,0.02602671477407961,1
2023-08-31,2.1302075325041677e-11,0.9994691561818163,7.139293336159052e-17,0.0005308437964617324,1
2023-09-01,8.863679515194753e-13,0.9999823534537393,1.2753163455548355e-17,1.7646546276089827e-05,1
2023-09-05,3.726384059458149e-13,0.9999572892328601,2.2096010720408637e-18,4.271076742210437e-05,1
2023-09-06,1.8086133873400408e-12,0.9998984032962686,3.2944975063139943e-18,0.00010159670219374615,1
2023-09-07,1.5243180994190813e-12,0.9999054533969776,3.428605749142561e-18,9.454660078779856e-05,1
2023-09-08,1.161473696965266e-12,0.9999533659080155,3.0400629248312297e-18,4.6634090341828556e-05,1
2023-09-11,8.7301486685539e-13,0.9999134492177102,8.491480544107202e-19,8.655078076416822e-05,1
2023-09-12,4.9167164878708e-13,0.9999365181480059,4.640313744247416e-19,6.34818516363047e-05,1
2023-09-13,1.07463909969265e-13,0.9999781142663131,6.162844101496648e-19,2.188573282506213e-05,1
2023-09-14,1.4328681224290421e-13,0.9999779724828401,2.250976235747883e-17,2.202751692581605e-05,1
2023-09-15,6.5853661542999745e-12,0.9999307635166415,1.0534601904309832e-15,6.923647710260005e-05,1
2023-09-18,1.2286094476153996e-10,0.9991200715226732,5.269285414778175e-15,0.0008799283549090075,1
2023-09-19,3.400519465005226e-09,0.9837826001559622,2.896462190128392e-13,0.016217396442834004,1
2023-09-20,1.1435874753688589e-07,0.6886744484595647,2.0764869262334878e-11,0.311325437161148,1
2023-09-21,9.961618297707897e-06,0.002442442904811555,1.5990914947735356e-10,0.9975475953177859,3
2023-09-22,1.583181613663257e-05,7.036807754735978e-05,1.0555470663690175e-10,0.9999138000013429,3
2023-09-25,1.6847857367421924e-05,2.448254026887838e-05,6.133585979301851e-10,0.9999586689893,3
2023-09-26,9.839190780485277e-05,9.356430154469067e-08,1.1897185534213934e-09,0.9999015133387492,3
2023-09-27,5.0211374478159776e-05,1.128256436038846e-06,2.0756352314901837e-10,0.9999486601619395,3
2023-09-28,2.781643913477521e-05,5.704065487841075e-06,1.544228550888287e-10,0.9999664793410724,3
2023-09-29,2.1270673719159926e-05,8.82803530730902e-06,1.9556991450070635e-10,0.9999699010950808,3
2023-10-02,2.9879329235389903e-05,5.87935083756589e-06,1.6306063151512132e-09,0.9999642396897293,3
2023-10-03,0.00026936366494794334,8.577190604412637e-09,4.853572584160319e-09,0.9997306229048782,3
2023-10-04,0.00017100145003364823,1.3374661996313555e-07,1.1205100015266957e-09,0.999828863682421,3
2023-10-05,6.801465952064101e-05,5.930925853029921e-07,4.927932507919199e-10,0.9999313917559167,3
2023-10-06,5.828498102784893e-05,1.2063822121898991e-06,5.875902008847597e-10,0.9999405080487338,3
2023-10-09,4.194099745372587e-05,2.1034138889222508e-06,1.5881187147340008e-10,0.9999559554294282,3
2023-10-10,1.9385040060139117e-05,1.6251155423735714e-05,5.7900957142793014e-11,0.9999643637458348,3
2023-10-11,8.620268967680956e-06,0.00016574834239523422,9.596787664893164e-11,0.9998256312928463,3
2023-10-12,1.2005341176923128e-05,8.54241745434959e-05,1.2222842605740762e-09,0.9999025692623333,3
2023-10-13,0.00014123304182208548,6.62867640558627e-08,5.199258625209648e-10,0.9998587001512212,3
2023-10-16,4.2904643221274056e-05,3.0151890959885386e-06,1.26707936980404e-09,0.9999540789006748,3
2023-10-17,8.876521840346748e-05,2.896173867675051e-06,1.7200028724975216e-08,0.9999083214069837,3
2023-10-18,0.0021500024828816923,4.7385482805041764e-08,4.913247435585423e-07,0.9978494588075195,3
2023-10-19,0.02164619950676258,7.09920446159778e-11,1.0565455610399812e-06,0.9783527438772057,3
2023-10-20,0.026277774760362797,1.7276460100508095e-11,7.745576474122995e-07,0.9737214506651638,3
2023-10-23,0.013354831239413282,2.1115912689267433e-09,2.502080989931236e-07,0.9866449164417774,3
2023-10-24,0.004728639707762507,5.0981341385674514e-08,3.320662993315697e-07,0.9952709772449704,3
2023-10-25,0.004842280250174322,2.163673668479585e-09,5.796572248325207e-07,0.9951571379287286,3
2023-10-26,0.008282590669896096,6.105565673095188e-10,6.319431035689144e-07,0.991716776775679,3
2023-10-27,0.012363836460407262,1.2204958635626435e-10,3.07212038601275e-07,0.9876358562051101,3
2023-10-30,0.007989058562972554,1.7362140557710189e-09,3.31303430539733e-08,0.9920109065704328,3
2023-10-31,0.0004937082428826332,6.344699939879084e-07,1.7774953323451296e-09,0.999505655510511,3
2023-11-01,3.601767491685686e-05,3.5263533134820346e-05,2.3100671394521065e-10,0.9999287185614466,3
2023-11-02,1.6407666397040506e-05,0.0037381061762757723,4.6976692844951534e-11,0.9962454861105258,3
2023-11-03,1.2177462998910799e-06,0.3581122689387332,4.5535596861527264e-12,0.6418865133103674,3
2023-11-06,2.769383309899942e-07,0.7912881140738537,1.2132058789958321e-12,0.2087116089858515,1
2023-11-07,8.22956176854743e-08,0.9343260404074673,8.015363927762764e-13,0.065673877296115,1
2023-11-08,5.188256821671972e-08,0.9798729877452058,1.4783150701419433e-12,0.020126960369873718,1
2023-11-09,6.545912657985721e-08,0.9835519583958289,1.1308863204190174e-12,0.016447976143278604,1
2023-11-10,4.877909378891981e-08,0.9841817236281942,1.1358085285091158e-12,0.01581822759069144,1
2023-11-13,2.987341846231371e-08,0.9900797437986689,1.1538242878062462e-13,0.00992022632807581,1
2023-11-14,6.775442381746706e-09,0.9868350680504162,1.7042529744122084e-14,0.013164925174977025,1
2023-11-15,3.5102686815728095e-10,0.9988542349372908,4.162023239664987e-16,0.0011457647114580275,1
2023-11-16,1.4873471771955298e-11,0.9997939402530206,1.6077994399853113e-17,0.0002060597329572159,1
2023-11-17,1.2114049038634101e-12,0.9999546195014734,7.493272560791688e-19,4.53804967288043e-05,1
2023-11-20,1.0366663938441759e-13,0.9999533134871871,6.728124936330616e-20,4.668651189997043e-05,1
2023-11-21,2.5369813646401346e-14,0.9999868091414625,9.554071274506636e-21,1.3190857943765607e-05,1
2023-11-22,2.357919301971891e-15,0.9999900873372279,1.6265820042646532e-21,9.912662191906416e-06,1
2023-11-24,9.551742391592594e-16,0.9999964749229834,1.8919109169644344e-21,3.5250772088904364e-06,1
2023-11-27,9.06282075679752e-16,0.999995814370442,1.7652449788984716e-21,4.185629907968659e-06,1
2023-11-28,1.4768737432789556e-15,0.9999947599709187,3.503599248534397e-21,5.240028477274031e-06,1
2023-11-29,3.3610986336348004e-15,0.9999928016372783,4.722784237168545e-21,7.198363222376882e-06,1
2023-11-30,4.586167296353443e-15,0.9999893137435542,4.3296390306255494e-21,1.0686255614994577e-05,1
2023-12-01,4.066595302103275e-15,0.9999907239355745,5.993553161936738e-21,9.27606530122033e-06,1
2023-12-04,3.224448683847306e-15,0.9999927037327022,4.53543295841857e-21,7.296267443097729e-06,1
2023-12-05,1.952851747623812e-15,0.9999940458596847,1.230120859823794e-20,5.9541407905238105e-06,1
2023-12-06,9.148968010188729e-15,0.9999937070222324,8.596412889739895e-21,6.292977849055697e-06,1
2023-12-07,5.569707419840964e-15,0.9999725426154991,3.5633228189020314e-21,2.7457384499271033e-05,1
2023-12-08,3.896842162294234e-15,0.9999953981238308,4.092888873075401e-21,4.601875281918803e-06,1
2023-12-11,8.590249737547592e-16,0.9999932408164719,5.063202090199169e-21,6.759182956700016e-06,1
2023-12-12,4.612031625076139e-15,0.9999967397651229,1.2318666208424993e-20,3.260235546233292e-06,1
2023-12-13,5.563280681519697e-15,0.9999722498535981,4.1525305880568306e-21,2.7750145517325722e-05,1
2023-12-14,1.4665416746250876e-15,0.9999953884577656,3.3292787744432984e-21,4.611543107815389e-06,1
2023-12-15,7.797246554475882e-16,0.9999974860161042,2.7719410127251104e-21,2.5139847509506106e-06,1
2023-12-18,1.709678754508912e-15,0.9999933673336137,1.643556654247438e-20,6.632666125947271e-06,1
2023-12-19,1.653906961219651e-14,0.9999918093479951,1.1879588812112156e-18,8.190651601331981e-06,1
2023-12-20,7.823067149735038e-13,0.9999548448840663,2.429935829961641e-18,4.5155115292291167e-05,1
2023-12-21,2.50320113304597e-13,0.9998672305226202,1.325036894523426e-19,0.00013276947704859957,1
2023-12-22,6.177636376730277e-14,0.9999888228782587,2.969382257789127e-20,1.1177120777767517e-05,1
2023-12-26,2.7889826742855142e-15,0.9999872281784307,1.2678272406981186e-21,1.2771822260898307e-05,1
2023-12-27,9.505154220641427e-16,0.9999963388121333,9.504991528588159e-22,3.6611876113209296e-06,1
2023-12-28,3.8421234170298622e-16,0.9999965204230249,1.4544811885600736e-21,3.4795775686280453e-06,1
2023-12-29,1.1701376946813948e-15,0.9999972369352664,2.723331074545156e-20,2.7630654717704964e-06,1
2024-01-02,1.699704138853297e-14,0.9999907538158368,1.984193480614211e-19,9.24618382917434e-06,1
2024-01-03,1.7049114302829768e-13,0.9999553545165476,2.5640931873565076e-19,4.464548266710324e-05,1
2024-01-04,1.945244213765592e-13,0.9999481788075946,9.07011961419552e-19,5.182119224526538e-05,1
2024-01-05,4.5225293543278315e-13,0.999979622178482,2.5434999553055164e-19,2.0377821742898162e-05,1
2024-01-08,7.58759502234695e-14,0.999868071872114,7.292709745867325e-20,0.00013192812698982188,1
2024-01-09,2.6826237883678253e-14,0.9999945139466453,2.0813247038369333e-20,5.48605410931696e-06,1
2024-01-10,1.2486365273300117e-15,0.9999902440452618,1.344931008872076e-21,9.755953896231307e-06,1
2024-01-11,1.1171211801626316e-15,0.999996919286075,1.5131157742549605e-20,3.080714345791719e-06,1
2024-01-12,6.342091385020491e-15,0.9999946485893304,2.725072301151272e-19,5.351411034782556e-06,1
2024-01-16,2.914476137653274e-13,0.9999653450033792,4.595568373266378e-18,3.4654996729793506e-05,1
2024-01-17,7.49435700205361e-12,0.9997754012914394,2.023589850577178e-17,0.000224598701725285,1
2024-01-18,2.116550547077493e-11,0.9997094335560621,8.51417922847013e-18,0.00029056642263379246,1
2024-01-19,1.8949735746940466e-12,0.9998539093251549,6.554229178168769e-19,0.00014609067331413308,1
2024-01-22,3.811853977850278e-14,0.9999843946733393,4.685932953022792e-20,1.5605327131886135e-05,1
2024-01-23,4.71194888296846e-15,0.9999946936454578,3.7365423436063775e-20,5.3063550562024995e-06,1
2024-01-24,1.467372439733325e-14,0.9999888751972675,1.965627285031861e-20,1.1124802905928852e-05,1
2024-01-25,2.4474887438445274e-14,0.9999668526307292,9.129644740338712e-20,3.314736926332911e-05,1
2024-01-26,1.1150667857158991e-13,0.9999871725762742,2.1066849460576355e-19,1.2827424218911224e-05,1
2024-01-29,7.201398382678633e-14,0.9999344390335736,7.566000834070979e-19,6.556096554637825e-05,1
2024-01-30,8.669202498174725e-13,0.9999828091754063,8.990505060511687e-17,1.7190822976149234e-05,1
2024-01-31,1.747077578708164e-11,0.9997429946129768,5.460875440049682e-16,0.00025700536957891476,1
2024-02-01,6.730747158860325e-11,0.9995182526950673,5.709489576115277e-17,0.00048174723741746924,1
2024-02-02,7.96826022773291e-12,0.9997118096380475,3.330713923844721e-18,0.00028819035410842397,1
2024-02-05,2.7934375066488236e-13,0.9999725818700322,4.218985437256355e-19,2.741813029191011e-05,1
2024-02-06,2.6075130408437325e-14,0.9999884893939816,1.9900299718111254e-20,1.1510606675711133e-05,1
2024-02-07,7.711575177027985e-15,0.9999799947218174,1.9028236943960753e-20,2.000527774048584e-05,1
2024-02-08,1.045253781985193e-14,0.9999939136163132,4.0682122958835706e-19,6.0863830811695944e-06,1
2024-02-09,1.3505081681689262e-13,0.9999821649661254,1.367745825597221e-17,1.7835033082257878e-05,1
2024-02-12,1.3372781426745015e-11,0.9997830515884628,6.065214704271995e-16,0.0002169483986562582,1
2024-02-13,7.498303729513477e-10,0.9953975214283838,2.3202124717812572e-15,0.004602477821197457,1
2024-02-14,1.1984271773343507e-09,0.9979150890819786,1.0362322852305212e-14,0.002084909718749619,1
2024-02-15,5.641927301652075e-10,0.9994794118812437,2.0118776497649485e-14,0.0005205875553276897,1
2024-02-16,9.474857960118673e-10,0.9989370280080381,6.217726067246523e-14,0.0010629710437449823,1
2024-02-20,5.7151976439850804e-09,0.9866422643323701,8.346044760162567e-14,0.013357729952754017,1
2024-02-21,6.143246710827043e-08,0.9703567279650493,6.35165554241874e-14,0.029643210602639157,1
2024-02-22,1.4264132626608687e-08,0.9515391961161482,6.312498483134397e-15,0.04846078961999431,1
2024-02-23,1.2577953830914106e-10,0.9984485259701152,1.6346162153847574e-16,0.001551473903686935,1
2024-02-26,3.0172854173170917e-12,0.9999382079960857,7.184690288177887e-18,6.179200101940073e-05,1
2024-02-27,1.4675941888105846e-13,0.9999787720750983,3.7296878265523113e-19,2.1227925084003854e-05,1
2024-02-28,9.716261449464228e-14,0.9999678140061635,1.484242709636311e-19,3.218599319672339e-05,1
2024-02-29,1.2070104473474893e-13,0.9999685615870254,1.5809714447671268e-19,3.143841322799268e-05,1
2024-03-01,7.962009480111604e-14,0.9999686450287254,1.0355714982240443e-18,3.135497202403977e-05,1
2024-03-04,3.5953422087885946e-13,0.9999799988726682,1.542063880784558e-17,2.000112656193954e-05,1
2024-03-05,6.481555152315289e-12,0.9998456079063849,1.6152162185138046e-16,0.00015439208803044393,1
2024-03-06,8.115483913133658e-11,0.9995623896597932,4.106783961530969e-16,0.00043761025934001713,1
2024-03-07,2.04615969201621e-10,0.9991060955187242,1.777321398660347e-15,0.0008939042764808761,1
2024-03-08,3.6156985865115103e-10,0.999549210984577,2.425547685322387e-15,0.0004507886532979941,1
2024-03-11,1.6463168288537727e-10,0.9992215610045728,5.621087673216767e-17,0.0007784388310185864,1
2024-03-12,1.9058901451603804e-11,0.9996208252380742,5.839292820248187e-17,0.0003791747425472282,1
2024-03-13,3.4851164078629086e-12,0.999961127831491,2.4148896591365342e-17,3.887216588711135e-05,1
2024-03-14,1.502379555032432e-12,0.9999043532040169,1.0180643886397356e-17,9.564679497544151e-05,1
2024-03-15,8.113046016863767e-12,0.9998907707828278,2.3772366793607296e-17,0.00010922920993309891,1
2024-03-18,5.67694580437145e-12,0.9997691922028302,3.58304924113708e-18,0.00023080779157193902,1
2024-03-19,1.826028066476681e-12,0.9999150033053428,7.154524770162463e-19,8.499669262409044e-05,1
2024-03-20,1.0751898667608189e-13,0.9999649187417139,8.361723148535776e-20,3.508125897010782e-05,1
2024-03-21,1.1444793267668313e-14,0.9999898070647012,1.6307441804926976e-20,1.0192935140338495e-05,1
2024-03-22,4.644526693157883e-15,0.9999919839368213,8.147485461821965e-21,8.016062437219853e-06,1
2024-03-25,5.448698119879792e-15,0.9999907965980729,1.6922541935447485e-20,9.203402138907177e-06,1
2024-03-26,1.2503679104602838e-14,0.999989760762799,1.9278864671435248e-20,1.0239237770430857e-05,1
2024-03-27,1.3586477919462937e-14,0.9999799009202338,4.3066962267244904e-19,2.009908039881651e-05,1
2024-03-28,2.124944075629056e-13,0.9999885930006117,3.102219697807597e-17,1.1406999957607913e-05,1
2024-04-01,1.2886849930830152e-11,0.9997495209257178,1.2509015286551284e-15,0.00025047906181034776,1
2024-04-02,1.4210670781255663e-09,0.9896223388182152,4.951581128986832e-14,0.010377659760099987,1
2024-04-03,3.900288069154374e-08,0.9130480966165657,3.2063244522421903e-12,0.08695186437650067,1
2024-04-04,1.0700939948452658e-06,0.1530752257307563,2.807891855858949e-11,0.8469237041464835,3
2024-04-05,1.102269087137021e-05,0.06236272224786972,4.402455021802807e-11,0.9376262550171135,3
2024-04-08,4.345153667328879e-06,0.06959237272736755,5.2361562359505713e-11,0.9304032820670464,3
2024-04-09,4.054514058114654e-06,0.06436410007295619,9.821257237065824e-11,0.9356318453148684,3
2024-04-10,7.15292409457065e-06,0.03654309440890273,1.1210091179451333e-10,0.9634497525555122,3
2024-04-11,5.035081312344443e-06,0.021334514753993658,4.0229194651490896e-10,0.978660449762945,3
2024-04-12,2.511803738745068e-05,0.00018768625495061688,2.8831062193389926e-09,0.999787192824684,3
2024-04-15,0.00012452804995238858,6.607722343336858e-08,1.059573948199911e-09,0.9998754048129709,3
2024-04-16,5.6850093296840305e-05,7.945501581734127e-07,3.2048441104398896e-10,0.999942355035161,3
2024-04-17,4.032732226584559e-05,1.4505885765827252e-06,2.850423024976406e-10,0.9999582218038815,3
2024-04-18,3.5406423941555295e-05,2.3965620805253613e-06,4.347454501402225e-10,0.9999621965795769,3
2024-04-19,6.585484088496723e-05,3.466917891439804e-07,2.6710171235130846e-10,0.9999337982003537,3
2024-04-22,2.4091484246060236e-05,6.144072989090705e-05,9.326986054045708e-11,0.9999144676931969,3
2024-04-23,1.0575167711146404e-05,0.005574039405922492,6.908377197008111e-11,0.9944153853577541,3
2024-04-24,5.0851853137258255e-06,0.07107088617237951,2.5428438980479413e-11,0.9289240286174928,3
2024-04-25,3.274983814907897e-06,0.26429460182507847,3.901239906758959e-11,0.7357021231517527,3
2024-04-26,2.5229565942409077e-06,0.3826452136818089,2.1456899198661983e-11,0.6173522633401884,3
2024-04-29,1.353480871638154e-06,0.6081276428055812,3.8620475403157175e-11,0.39187100367434935,1
2024-04-30,2.2486486347888032e-06,0.6611922477282601,3.822452697024134e-11,0.33880550358418,1
2024-05-01,4.5400413354269705e-07,0.8119051187167438,1.0659237870907315e-12,0.1880944272787251,1
2024-05-02,7.26820128810379e-08,0.9121289989513365,1.0597217484855363e-13,0.08787092836602527,1
2024-05-03,5.867979339025566e-09,0.9854478615279453,4.811999794266645e-15,0.014552132603254365,1
2024-05-06,7.197885458667567e-11,0.9985544420840281,3.222714263021998e-17,0.0014455578431897336,1
2024-05-07,5.462147057893402e-13,0.9999668099913939,5.603606767000648e-19,3.3190007422018084e-05,1
2024-05-08,1.0415250059369152e-14,0.9999917918985728,7.818280315068712e-21,8.208101995108169e-06,1
2024-05-09,2.089878167308769e-15,0.9999910836174485,8.549428761350212e-21,8.916382287200411e-06,1
2024-05-10,5.843919737970702e-15,0.9999954095488507,4.397319002330746e-20,4.590450509293234e-06,1
2024-05-13,2.5298027921571965e-14,0.9999774752404218,3.5772090426236145e-20,2.2524759065876798e-05,1
2024-05-14,6.982784830904326e-14,0.999969886256212,1.4387399997450314e-20,3.0113744370294056e-05,1
2024-05-15,1.0055887770440494e-14,0.9999750634686831,5.070580659801029e-21,2.4936531474986585e-05,1
2024-05-16,7.13225108685667e-16,0.9999972312545782,8.822927058295674e-22,2.768744653130118e-06,1
2024-05-17,1.6532844090067597e-16,0.9999981817398452,2.0980780313453423e-22,1.818259521143335e-06,1
2024-05-20,1.3617878046719999e-16,0.9999977578925279,1.7118390824994243e-22,2.2421069484965615e-06,1
2024-05-21,1.4353994133477708e-16,0.9999982520509363,5.910673864042958e-22,1.7479497899532705e-06,1
2024-05-22,3.788746984663726e-16,0.9999978434048507,1.2449659870337992e-21,2.156595434943068e-06,1
2024-05-23,8.868384368267493e-16,0.9999955397260573,3.023771573550544e-21,4.460274431611063e-06,1
2024-05-24,1.303908438190934e-15,0.9999960844437997,4.558191992972759e-20,3.915556541923003e-06,1
2024-05-28,1.919188262671905e-14,0.9999924058626721,3.6580072386198323e-19,7.594136625742113e-06,1
2024-05-29,4.218755105192647e-13,0.9999281216136758,5.571124069460301e-19,7.187838503904334e-05,1
2024-05-30,7.163503438042644e-13,0.9998999199203662,2.588165728692657e-19,0.00010008007876798389,1
2024-05-31,9.058820382630795e-14,0.9999756951117535,1.3367864733403054e-19,2.4304888679254866e-05,1
2024-06-03,1.427258348914662e-14,0.9999891248289894,5.582825584037595e-20,1.0875170967367139e-05,1
2024-06-04,2.4129093965367264e-14,0.9999875882992372,1.1934524981704075e-20,1.2411701248419133e-05,1
2024-06-05,1.0196662757387984e-14,0.999966370347249,3.914263773324492e-21,3.362965343397499e-05,1
2024-06-06,1.3592659511862632e-15,0.9999959389561506,3.5147838023535634e-21,4.061043248592637e-06,1
2024-06-07,6.824555090070922e-16,0.9999978752734767,2.84610450497896e-21,2.1247264290318313e-06,1
2024-06-10,1.6667491800161593e-15,0.9999932356141974,1.719967198733625e-21,6.76438542020871e-06,1
2024-06-11,2.3383610530674756e-15,0.9999917622984017,7.806744307386694e-22,8.237701192167913e-06,1
2024-06-12,7.041243710572926e-16,0.9999938092287901,1.5773824092926577e-21,6.1907712724554065e-06,1
2024-06-13,4.712766294049685e-16,0.999998063112855,5.026868691872469e-21,1.9368878120924904e-06,1
2024-06-14,2.212125014129448e-15,0.9999955434295031,1.766013280276742e-21,4.45656961949855e-06,1
2024-06-17,2.035047120983485e-15,0.9999845164273214,3.366831811553922e-21,1.548357328147051e-05,1
2024-06-18,3.1677871592493877e-15,0.999996570304999,1.2894696234341216e-20,3.429694926209195e-06,1
2024-06-20,4.165540674197849e-15,0.9999890831382064,5.8018298870253885e-21,1.0916861998106546e-05,1
2024-06-21,7.659521364168417e-15,0.9999899034847133,1.0167518483493136e-20,1.0096514917146813e-05,1
2024-06-24,7.296560895280179e-15,0.9999882768639096,3.6784151484369396e-21,1.1723135622246873e-05,1
2024-06-25,2.669475590600851e-15,0.9999904295767502,1.0891859823180301e-21,9.570423781371274e-06,1
2024-06-26,6.924047887471983e-16,0.9999955375832973,5.499646274519355e-22,4.462417009637408e-06,1
2024-06-27,3.0119365775429563e-16,0.999997426904556,5.5500662933432715e-22,2.5730948975149994e-06,1
2024-06-28,3.584503870066269e-16,0.9999974009531012,7.02206782897231e-22,2.5990463392169904e-06,1
2024-07-01,4.1627371384339224e-16,0.9999969665432753,6.201430344363986e-22,3.033457607556606e-06,1
2024-07-02,5.101353323889817e-16,0.9999961149535901,1.6142455879431423e-21,3.885046355147297e-06,1
2024-07-03,9.558210535033045e-16,0.999996465984501,1.2793264724610687e-21,3.534014774764954e-06,1
2024-07-05,7.655858397791579e-16,0.9999932567598063,7.648138244428087e-22,6.743239584769812e-06,1
2024-07-08,6.59039210307558e-16,0.9999968182742718,7.798229203727851e-21,3.1817252864684118e-06,1
2024-07-09,4.5095243592787926e-15,0.9999960541650211,8.208942671222106e-21,3.945835606982945e-06,1
2024-07-10,7.572120084145202e-15,0.999968310892724,1.1094458568536284e-20,3.1689107795191685e-05,1
2024-07-11,1.0601279463443762e-14,0.9999937569968341,2.3983037984776223e-19,6.24300255255669e-06,1
2024-07-12,1.430931371203701e-14,0.9999930657781391,2.6458375146795994e-18,6.934221096033126e-06,1
2024-07-15,1.4624173905653478e-12,0.999952916338567,1.80299777477003e-16,4.7083660119661376e-05,1
2024-07-16,1.630826605334328e-10,0.9974829096517434,3.9334903648125414e-14,0.002517090185243149,1
2024-07-17,2.64317413297695e-08,0.9044463450906033,4.626543509162289e-12,0.09555362847371103,1
2024-07-18,7.37409112310104e-07,0.37068224831695834,1.4625854774404754e-11,0.6293170142591511,3
2024-07-19,6.199807526579851e-06,0.1334021821208465,4.059098832463166e-11,0.866591618030459,3
2024-07-22,5.467833699409286e-06,0.10933531077872456,9.84602214937072e-11,0.8906592212884308,3
2024-07-23,3.866532442324154e-06,0.09758518700361493,1.8432941276152767e-09,0.9024109446200986,3
2024-07-24,8.292715291849541e-05,1.9230992939556386e-05,7.12067688944282e-09,0.9998978347326557,3
2024-07-25,5.3093536135222916e-05,7.561588954681776e-07,1.7799704772343375e-10,0.9999461501267833,3
2024-07-26,1.8442621656913908e-05,2.1258219791775795e-05,1.5740619462079917e-10,0.9999602990015147,3
2024-07-29,1.1073517225949054e-05,7.107180440612443e-05,2.871860237912142e-09,0.9999178518065805,3
2024-07-30,4.860846651332361e-05,6.3343647970856435e-06,3.717081970965147e-07,0.9999446854600582,3
2024-07-31,0.0012978322072950254,5.399534339199984e-06,4.7273876720988606e-05,0.9986494943807779,3
2024-08-01,0.04983830133241698,5.357971115393826e-09,0.002003688350127049,0.9481580049594036,3
2024-08-02,0.8948075045189429,9.694710436445485e-19,0.09252858135477554,0.012663914125473689,0
2024-08-05,0.0017129295610328298,1.9455948904381208e-84,0.9982870704390303,2.818316318679659e-31,2
2024-08-06,0.7317788102117019,2.298794231755499e-59,0.26822118978835513,3.624097411044752e-15,0
2024-08-07,0.9576101803124052,4.582533205636544e-46,0.04238981964521748,4.294770825317196e-11,0
2024-08-08,0.9949954013183074,3.347061049542969e-30,0.005002031160309757,2.567521248256903e-06,0
2024-08-09,0.7339317218008354,2.909062850163469e-15,0.0002005278422237232,0.2658677503562979,0
2024-08-12,0.4379625016496487,1.7171119324434135e-10,5.250386079935887e-06,0.5620322477927435,0
2024-08-13,0.0769102537975174,3.245710092685938e-08,1.2990504523928167e-07,0.9230895838402059,3
2024-08-14,0.0005768149472031963,0.00020915433410855367,6.305935187781122e-09,0.9992140244120528,3
2024-08-15,1.865967409346084e-05,0.0008113740908691397,2.1810408523613556e-10,0.9991699660163363,3
2024-08-16,4.130556831548804e-06,0.01057011293376357,8.699001690162418e-11,0.9894257564220688,3
2024-08-19,5.171572386897166e-06,0.008853014445198606,1.2434813933846032e-10,0.9911418138573251,3
2024-08-20,6.395362195565411e-06,0.003575132024519301,8.694289213203829e-11,0.996418472526149,3
2024-08-21,9.677540202018184e-06,0.00044753020314949703,1.4561562806399637e-10,0.9995427921107654,3
2024-08-22,2.1500613329821193e-05,1.2328436394345083e-05,1.1800099841462632e-10,0.999966170832669,3
2024-08-23,1.2261428259978006e-05,9.570713675814391e-05,9.245986587019406e-11,0.9998920313419984,3
2024-08-26,7.509683475018248e-06,0.000558976084230316,4.5954570655730204e-11,0.9994335141861405,3
2024-08-27,5.347580433326132e-06,0.0012681750576516925,1.417569788911251e-10,0.9987264772197182,3
2024-08-28,1.4355190280927556e-05,0.00012441292191926523,9.495580917930475e-11,0.9998612317935255,3
2024-08-29,6.3689125929222605e-06,0.0011122831095561401,5.510621813966389e-09,0.9988813424670222,3
2024-08-30,0.00012177789026526092,0.0009370396988538283,4.3106602289297414e-07,0.9989407513441577,3
2024-09-03,0.02204025443317627,1.9827071268692873e-10,5.2861858896092406e-06,0.9779544591823389,3
2024-09-04,0.043102581209598666,9.04226625031345e-11,1.7746723843857014e-06,0.9568956440272584,3
2024-09-05,0.042538353245659556,9.359298830523643e-09,2.9521788251077282e-06,0.9574586852166018,3
2024-09-06,0.0619475218199846,7.555393571667157e-13,2.1113433106403266e-06,0.9380503668367578,3
2024-09-09,0.027009426582118704,4.557341407526981e-09,3.3235733310789903e-07,0.9729902365025397,3
2024-09-10,0.0039061582621886986,5.8586170211253465e-08,1.8733332457641108e-08,0.9960937644185506,3
2024-09-11,0.0002556940551512096,8.615842886756819e-07,1.2210512097626528e-09,0.9997434431387776,3
2024-09-12,2.8210857303075863e-05,8.746310829529572e-06,1.2269535764211588e-10,0.9999630427090758,3
2024-09-13,1.3107844593514638e-05,4.346665211253991e-05,1.1604205922448776e-10,0.9999434253874484,3
2024-09-16,1.696630846180773e-05,1.841696418643058e-05,1.4790414388495235e-10,0.9999646165800214,3
2024-09-17,2.543520708587593e-05,5.856790039644003e-06,2.528849677711768e-10,0.9999687077491534,3
2024-09-18,4.245255042168012e-05,1.332760149586736e-06,2.469725789919695e-10,0.9999562144421442,3
2024-09-19,3.515131446642217e-05,6.649266789410409e-06,1.9925540522334584e-10,0.9999581992202529,3
2024-09-20,7.657789729377197e-06,0.0005766240049085918,5.625426103193589e-11,0.9994157181496844,3
2024-09-23,6.997950865134819e-06,0.0016069099775284318,4.0303982737727877e-11,0.9983860920319201,3
2024-09-24,5.277999258490696e-06,0.004428635673666411,5.113622541660699e-11,0.9955660862767833,3
2024-09-25,5.11668722791224e-06,0.0055242887763843436,6.622873127488881e-11,0.9944705944705262,3
2024-09-26,5.50271042425225e-06,0.0033547701429671463,1.347590280315597e-10,0.9966397270117663,3
2024-09-27,1.3372903895246617e-05,0.00015389625476096375,2.2630108780005542e-10,0.999832730614216,3
2024-09-30,2.7770498505091966e-05,3.881060647892988e-05,9.225092025737028e-09,0.9999334096700069,3
2024-10-01,0.0012494347115996503,6.526396522337052e-08,2.0161595666600601e-07,0.9987502984089265,3
2024-10-02,0.012461614838588316,1.4271473335335052e-07,1.5665115775633338e-06,0.9875366759351575,3
2024-10-03,0.14473246798579337,1.001286808651697e-09,8.93873444588523e-06,0.8552585922778351,3
2024-10-04,0.32340728915290673,1.6256032907270494e-09,3.1752104319772774e-05,0.6765609571173284,3
2024-10-07,0.9144206378897138,4.953036440303131e-14,4.118180756958713e-05,0.08553818030211403,0
2024-10-08,0.9398668171612776,7.894188224743114e-13,4.0153554318064174e-05,0.06009302928317925,0
2024-10-09,0.9058955818172957,8.971172810470938e-12,3.589228377712969e-05,0.09406852588948235,0
2024-10-10,0.7784873209913674,3.34381197485235e-11,2.6763364807264717e-05,0.22148591560954276,0
2024-10-11,0.5905700618243972,1.5098727666593506e-10,1.5445221730402755e-05,0.40941449280199904,0
2024-10-14,0.30155763954813386,2.222648140560108e-09,1.0109155981617946e-05,0.6984322490738274,3
2024-10-15,0.1448266837123192,6.648571795964384e-10,2.4311160365424336e-06,0.8551708845069054,3
2024-10-16,0.03818715651042165,1.129251120375078e-08,2.8149737299373145e-07,0.9618125507006018,3
2024-10-17,0.004025933552543584,8.937653061812114e-08,1.5942542617530646e-08,0.9959739611292239,3
2024-10-18,0.0002070318640449254,1.2336024155203462e-06,1.637159180961276e-09,0.9997917328956396,3
2024-10-21,5.953799733263066e-05,8.542946718349821e-07,4.816722143207098e-10,0.9999396072264044,3
2024-10-22,5.570507065166657e-05,1.252676679133861e-06,2.2920996070442257e-09,0.9999430399600177,3
2024-10-23,0.0002935241312838771,6.787327429329157e-08,3.026478444947036e-08,0.9997063777299883,3
2024-10-24,0.0019176167093703212,8.017326672657721e-08,1.9090898492479327e-07,0.9980821122085467,3
2024-10-25,0.014666471940939644,2.1815149189440054e-09,8.60769320019475e-07,0.9853326651074458,3
2024-10-28,0.033057513395539084,8.122711231532368e-09,2.419327585649196e-06,0.9669400591535835,3
2024-10-29,0.08458514193426209,2.4381862887313472e-08,7.87697063883571e-06,0.915406956713838,3
2024-10-30,0.3925544831754838,6.861253851732733e-11,2.651171777734903e-05,0.6074190050375287,3
2024-10-31,0.9758746883463041,4.1979762857433642e-16,8.125363702632334e-05,0.02404405801654073,0
2024-11-01,0.9866589312233451,9.109850923015341e-14,3.517008957102047e-05,0.013305898686825156,0
2024-11-04,0.9684092685970757,1.2833119949556847e-13,2.6756887816317902e-05,0.031563974515556786,0
2024-11-05,0.7908215187422102,5.385173020410997e-12,3.3724370410022147e-06,0.20917510881573956,0
2024-11-06,0.0575309375418583,1.1197416125801778e-05,1.830886139843318e-07,0.942457681954022,3
2024-11-07,0.00012218276904049112,0.26202137397763353,1.0405567592110176e-09,0.7378564422122672,3
2024-11-08,6.914116278996503e-07,0.684581932219439,9.183957168409068e-12,0.31541737635907346,1
2024-11-11,1.9676170372780343e-07,0.8828296499752302,2.0892611260926266e-12,0.11717015326100534,1
2024-11-12,1.4068662083753437e-07,0.9539962190249904,2.8716081325202284e-12,0.04600364028571046,1
2024-11-13,1.1638863476183532e-07,0.9631824964818457,6.673592620242416e-12,0.03681738712256863,1
2024-11-14,1.623053061684844e-07,0.9134347605206108,2.3324784740405695e-11,0.08656507715061144,1
2024-11-15,1.0283037398146952e-06,0.2012765674152566,1.8369847693709146e-11,0.7987224042623501,3
2024-11-18,4.887692293893096e-06,0.07533747268714074,7.10664156440549e-11,0.9246576395499501,3
2024-11-19,9.333682856813478e-06,0.007750289593380978,9.756676874459683e-11,0.9922403766261109,3
2024-11-20,1.5892626553645128e-05,0.0016847354420460783,4.760818864910923e-11,0.9982993718836112,3
2024-11-21,8.36170066106244e-06,0.011806919941583937,3.2724476379487775e-12,0.9881847183549816,3
2024-11-22,5.008098352794494e-07,0.49381820152881906,4.674823391406844e-13,0.5061812976614225,1
2024-11-25,4.324511221293279e-08,0.9017281397466195,3.4282568158699255e-14,0.09827181700817134,1
2024-11-26,1.910703550623945e-09,0.988841518124069,2.274501264200922e-15,0.011158479966112746,1
2024-11-27,8.129548830182329e-11,0.9994218351769156,6.860917749943675e-17,0.0005781647413526538,1
2024-11-29,1.4343343749295724e-12,0.9999384386078899,1.1926377919903222e-18,6.156139102545139e-05,1
2024-12-02,6.063822266589643e-14,0.9999806041949517,1.877674522259662e-19,1.939580511631443e-05,1
2024-12-03,4.772217624786226e-14,0.9999855743139101,7.96385012085072e-20,1.4425685528605448e-05,1
2024-12-04,4.784535405088666e-14,0.9999618125127386,2.190601947056264e-20,3.81874867904771e-05,1
2024-12-05,2.2160305592764996e-14,0.9999816344038047,1.000333196824139e-19,1.8365596216234486e-05,1
2024-12-06,3.5525584252266106e-14,0.9999924924731985,4.842249498581863e-19,7.507527432912115e-06,1
2024-12-09,2.0292665130592112e-13,0.9999430496455846,8.817493020774164e-19,5.695035414410496e-05,1
2024-12-10,1.2339998900106447e-12,0.999937154321192,1.2089998478595647e-17,6.284567756005483e-05,1
2024-12-11,4.986037129327048e-12,0.9999042412777597,4.198131380516647e-16,9.575871784453588e-05,1
2024-12-12,8.884668556244142e-11,0.9996929334111239,5.015399680888921e-14,0.0003070664996028854,1
2024-12-13,1.1024829005143159e-09,0.9921899866207818,7.23390496851408e-12,0.007810012269646088,1
2024-12-16,2.0603874518058958e-07,0.7725415828513518,3.489031492232396e-09,0.22745820762025878,1
2024-12-17,0.0012465064451691772,0.0025925326819595668,3.871496813865627e-06,0.9961570893764914,3
2024-12-18,0.999404016257384,8.466049617423266e-28,0.0005950721449970434,9.115978132516803e-07,0
2024-12-19,0.9992586531521193,1.2157899841796077e-21,5.710972455084843e-06,0.0007356358751976045,0
2024-12-20,0.10780497948587296,1.3065109021505047e-10,2.3114475380326154e-07,0.8921947892380052,3
2024-12-23,0.0015468258068021714,0.00027664650355019885,3.5182194013675584e-09,0.9981765241705408,3
2024-12-24,1.1088539472689358e-05,0.01577008499814789,8.021009488182231e-10,0.9842188256598418,3
2024-12-26,3.977938334691681e-06,0.020825328360157703,5.78154921590907e-09,0.9791706879192532,3
2024-12-27,1.2224274697783516e-05,0.0070223760783783475,2.4748669957329487e-07,0.9929651521601176,3
2024-12-30,0.0004704622191679863,0.0021088228654472137,8.72357421543031e-06,0.9974119913419164,3
